ISO-10303-21;
HEADER;
FILE_DESCRIPTION (( 'STEP AP214' ),
    '1' );
FILE_NAME ('EPC2204.STEP',
    '2024-04-04T13:25:20',
    ( 'LENOVO' ),
    ( '' ),
    'SwSTEP 2.0',
    'SolidWorks 2021',
    '' );
FILE_SCHEMA (( 'AUTOMOTIVE_DESIGN' ));
ENDSEC;

DATA;
#1 = B_SPLINE_CURVE_WITH_KNOTS ( 'NONE', 3,
 ( #1744, #2447, #1325, #1540 ),
 .UNSPECIFIED., .F., .F.,
 ( 4, 4 ),
 ( 0.000000000000000000, 1.000000000000000000 ),
 .UNSPECIFIED. ) ;
#2 = ADVANCED_FACE ( 'NONE', ( #528 ), #2346, .T. ) ;
#3 = CARTESIAN_POINT ( 'NONE',  ( -500.0000000000000000, 114.8342396419271978, -588.4357940267931326 ) ) ;
#4 = ORIENTED_EDGE ( 'NONE', *, *, #1448, .F. ) ;
#5 = CARTESIAN_POINT ( 'NONE',  ( 887.2768365662542465, 71.81725421348123461, 600.3123203239255190 ) ) ;
#6 = CARTESIAN_POINT ( 'NONE',  ( -1000.000000000000000, 132.0000000000000568, 675.0000000000001137 ) ) ;
#7 = CARTESIAN_POINT ( 'NONE',  ( -624.9999999999996589, 132.0000000000000568, 479.7473440600973618 ) ) ;
#8 = ORIENTED_EDGE ( 'NONE', *, *, #422, .F. ) ;
#9 = ORIENTED_EDGE ( 'NONE', *, *, #1958, .F. ) ;
#10 = CARTESIAN_POINT ( 'NONE',  ( 1053.414941624394714, 0.000000000000000000, -550.0000000000006821 ) ) ;
#11 = EDGE_CURVE ( 'NONE', #1477, #25, #1375, .T. ) ;
#12 = CARTESIAN_POINT ( 'NONE',  ( -1000.000000000000000, 132.0000000000000568, -374.9999999999997726 ) ) ;
#13 = CARTESIAN_POINT ( 'NONE',  ( -500.0000000000000000, 132.0000000000000568, -587.5000000000001137 ) ) ;
#14 = ORIENTED_EDGE ( 'NONE', *, *, #1989, .F. ) ;
#15 = ORIENTED_EDGE ( 'NONE', *, *, #1498, .F. ) ;
#16 = CARTESIAN_POINT ( 'NONE',  ( 1015.282382937884449, 124.2228264279514605, -675.3119313422645291 ) ) ;
#17 = COLOUR_RGB ( '',0.7921568627450980005, 0.8196078431372548767, 0.9333333333333333481 ) ;
#18 = CARTESIAN_POINT ( 'NONE',  ( 624.9999999999996589, 132.0000000000000568, 462.5000000000005684 ) ) ;
#19 = EDGE_CURVE ( 'NONE', #1734, #878, #669, .T. ) ;
#20 = CARTESIAN_POINT ( 'NONE',  ( -1040.000000000000227, 638.0000000000000000, -540.0000000000000000 ) ) ;
#21 = VERTEX_POINT ( 'NONE', #2009 ) ;
#22 = CIRCLE ( 'NONE', #619, 75.00000000000002842 ) ;
#23 = CARTESIAN_POINT ( 'NONE',  ( -1000.000000000000000, 132.0000000000000568, -374.9999999999997726 ) ) ;
#24 = CARTESIAN_POINT ( 'NONE',  ( 1249.999999999999773, 132.0000000000000568, -750.0000000000000000 ) ) ;
#25 = VERTEX_POINT ( 'NONE', #464 ) ;
#26 = ORIENTED_EDGE ( 'NONE', *, *, #1052, .T. ) ;
#27 = CARTESIAN_POINT ( 'NONE',  ( -1128.743176107171394, 63.33695856770862775, -25.00000000000028066 ) ) ;
#28 = CARTESIAN_POINT ( 'NONE',  ( 440.3433625893192129, 15.62907057539932687, 513.0049525276571103 ) ) ;
#29 = ADVANCED_FACE ( 'NONE', ( #631 ), #689, .T. ) ;
#30 = CARTESIAN_POINT ( 'NONE',  ( -1043.724809188548761, 46.45177473788543665, -117.4852372426782665 ) ) ;
#31 = ORIENTED_EDGE ( 'NONE', *, *, #904, .F. ) ;
#32 = ORIENTED_EDGE ( 'NONE', *, *, #344, .T. ) ;
#33 = CARTESIAN_POINT ( 'NONE',  ( 1000.000000000001592, 36.67766210682825090, -643.4643888151882720 ) ) ;
#34 = CARTESIAN_POINT ( 'NONE',  ( -911.6289877462169216, 131.9999999999999716, -411.6289800734927553 ) ) ;
#35 = CARTESIAN_POINT ( 'NONE',  ( -1127.955991844415848, 77.77669212577781366, 550.0000000000006821 ) ) ;
#36 = ORIENTED_EDGE ( 'NONE', *, *, #1621, .F. ) ;
#37 = ORIENTED_EDGE ( 'NONE', *, *, #2406, .F. ) ;
#38 = CARTESIAN_POINT ( 'NONE',  ( -491.9926912317459937, 116.8894930946181603, 588.1238626845287172 ) ) ;
#39 = VECTOR ( 'NONE', #215, 1000000.000000000000 ) ;
#40 = CARTESIAN_POINT ( 'NONE',  ( -946.5850583756052856, 0.000000000000000000, -499.9999999999992610 ) ) ;
#41 = AXIS2_PLACEMENT_3D ( 'NONE', #20, #612, #788 ) ;
#42 = FILL_AREA_STYLE_COLOUR ( '', #975 ) ;
#43 = VERTEX_POINT ( 'NONE', #2142 ) ;
#44 = ORIENTED_EDGE ( 'NONE', *, *, #501, .T. ) ;
#45 = CARTESIAN_POINT ( 'NONE',  ( -124.9999999999996732, 132.0000000000000568, 567.2473440600973618 ) ) ;
#46 = CARTESIAN_POINT ( 'NONE',  ( -449.8803118798055607, 132.0000000000002274, -580.4986720300489651 ) ) ;
#47 = AXIS2_PLACEMENT_3D ( 'NONE', #1465, #364, #687 ) ;
#48 = CARTESIAN_POINT ( 'NONE',  ( 0.000000000000000000, 132.0000000000000568, -675.0000000000001137 ) ) ;
#49 = ORIENTED_EDGE ( 'NONE', *, *, #2229, .F. ) ;
#50 = ORIENTED_EDGE ( 'NONE', *, *, #1330, .F. ) ;
#51 = CARTESIAN_POINT ( 'NONE',  ( -1099.684180075120594, 131.9999999999999432, -422.9421478948299864 ) ) ;
#52 = FACE_OUTER_BOUND ( 'NONE', #2313, .T. ) ;
#53 = CARTESIAN_POINT ( 'NONE',  ( -500.0000000000000000, 132.0000000000000568, 587.5000000000001137 ) ) ;
#54 = CARTESIAN_POINT ( 'NONE',  ( -875.0000000000003411, 132.0000000000000568, -25.00000000000082423 ) ) ;
#55 = CARTESIAN_POINT ( 'NONE',  ( 411.6289877462168647, 131.9999999999999716, 550.8710199265071878 ) ) ;
#56 = EDGE_CURVE ( 'NONE', #864, #101, #2217, .T. ) ;
#57 = ORIENTED_EDGE ( 'NONE', *, *, #1503, .F. ) ;
#58 = ORIENTED_EDGE ( 'NONE', *, *, #2129, .T. ) ;
#59 = CARTESIAN_POINT ( 'NONE',  ( -1017.247344060096793, 132.0000000000000568, -150.0000000000003979 ) ) ;
#60 = ORIENTED_EDGE ( 'NONE', *, *, #546, .T. ) ;
#61 = VERTEX_POINT ( 'NONE', #846 ) ;
#62 = CARTESIAN_POINT ( 'NONE',  ( 422.9421478948311801, 131.9999999999999716, 562.1841800751213896 ) ) ;
#63 = FACE_OUTER_BOUND ( 'NONE', #841, .T. ) ;
#64 = CARTESIAN_POINT ( 'NONE',  ( -1015.282382937884449, 124.2228264279514605, -374.6880686577354140 ) ) ;
#65 =( LENGTH_UNIT ( ) NAMED_UNIT ( * ) SI_UNIT ( .MICRO., .METRE. ) );
#66 = ORIENTED_EDGE ( 'NONE', *, *, #2151, .T. ) ;
#67 = VERTEX_POINT ( 'NONE', #863 ) ;
#68 = CARTESIAN_POINT ( 'NONE',  ( -99.68418007512066481, 131.9999999999999432, 627.0578521051698999 ) ) ;
#69 = B_SPLINE_SURFACE_WITH_KNOTS ( 'NONE', 3, 3, ( 
 ( #1915, #181, #1157, #556 ),
 ( #737, #2443, #926, #1143 ),
 ( #2105, #409, #1311, #1974 ),
 ( #1322, #383, #722, #2127 ),
 ( #207, #2282, #2247, #175 ),
 ( #2467, #1518, #573, #752 ),
 ( #1910, #1953, #587, #1190 ) ),
 .UNSPECIFIED., .F., .F., .F.,
 ( 4, 1, 1, 1, 4 ),
 ( 4, 4 ),
 ( 0.000000000000000000, 0.2500000000000000000, 0.5000000000000000000, 0.7500000000000000000, 1.000000000000000000 ),
 ( 0.000000000000000000, 1.000000000000000000 ),
 .UNSPECIFIED. ) ;
#70 = CARTESIAN_POINT ( 'NONE',  ( 0.000000000000000000, 132.0000000000000853, -674.9999999999998863 ) ) ;
#71 = EDGE_LOOP ( 'NONE', ( #1658, #1951, #1105, #1722 ) ) ;
#72 = ORIENTED_EDGE ( 'NONE', *, *, #1103, .F. ) ;
#73 = CARTESIAN_POINT ( 'NONE',  ( -916.9437892146440845, 87.89436665279694694, -408.4939143298324211 ) ) ;
#74 = LINE ( 'NONE', #2444, #1778 ) ;
#75 = CARTESIAN_POINT ( 'NONE',  ( -1077.057852105168877, 131.9999999999999716, 649.6841800751213896 ) ) ;
#76 = CARTESIAN_POINT ( 'NONE',  ( 984.7176170621155507, 124.2228264279514605, -675.3119313422645291 ) ) ;
#77 = ORIENTED_EDGE ( 'NONE', *, *, #789, .F. ) ;
#78 = ORIENTED_EDGE ( 'NONE', *, *, #2175, .T. ) ;
#79 = FACE_OUTER_BOUND ( 'NONE', #800, .T. ) ;
#80 = CARTESIAN_POINT ( 'NONE',  ( -1112.723163433745867, 71.81725421348123461, -75.31232032392570375 ) ) ;
#81 = DIRECTION ( 'NONE',  ( -0.000000000000000000, 1.000000000000000000, -0.000000000000000000 ) ) ;
#82 = ORIENTED_EDGE ( 'NONE', *, *, #1266, .T. ) ;
#83 = ORIENTED_EDGE ( 'NONE', *, *, #368, .F. ) ;
#84 = FACE_OUTER_BOUND ( 'NONE', #2351, .T. ) ;
#85 = CARTESIAN_POINT ( 'NONE',  ( -875.0000000000003411, 132.0000000000000568, -499.9999999999992610 ) ) ;
#86 = CARTESIAN_POINT ( 'NONE',  ( -624.9999999999996589, 132.0000000000000568, -479.7473440600973618 ) ) ;
#87 = CARTESIAN_POINT ( 'NONE',  ( -1000.000000000000000, 0.000000000000000000, -499.9999999999992610 ) ) ;
#88 = ORIENTED_EDGE ( 'NONE', *, *, #56, .F. ) ;
#89 = ORIENTED_EDGE ( 'NONE', *, *, #1588, .F. ) ;
#90 = CARTESIAN_POINT ( 'NONE',  ( 117.9986720300499030, 132.0000000000002274, 600.1196881201949509 ) ) ;
#91 = SURFACE_STYLE_FILL_AREA ( #2409 ) ;
#92 = CARTESIAN_POINT ( 'NONE',  ( -1040.000000000000227, 638.0000000000000000, -540.0000000000000000 ) ) ;
#93 = APPLICATION_PROTOCOL_DEFINITION ( 'draft international standard', 'automotive_design', 1998, #1616 ) ;
#94 = CARTESIAN_POINT ( 'NONE',  ( -875.0000000000003411, 132.0000000000000568, -567.2473440600974754 ) ) ;
#95 = ORIENTED_EDGE ( 'NONE', *, *, #1713, .T. ) ;
#96 = VERTEX_POINT ( 'NONE', #367 ) ;
#97 = LINE ( 'NONE', #416, #958 ) ;
#98 = CARTESIAN_POINT ( 'NONE',  ( -1099.684180075120594, 131.9999999999999432, 627.0578521051698999 ) ) ;
#99 = EDGE_CURVE ( 'NONE', #1781, #43, #341, .T. ) ;
#100 = CARTESIAN_POINT ( 'NONE',  ( 909.4730659023439330, 131.9999999999998579, -640.5269340976575450 ) ) ;
#101 = VERTEX_POINT ( 'NONE', #1116 ) ;
#102 = VERTEX_POINT ( 'NONE', #111 ) ;
#103 = SURFACE_SIDE_STYLE ('',( #1127 ) ) ;
#104 = CYLINDRICAL_SURFACE ( 'NONE', #1445, 75.00000000000002842 ) ;
#105 = CARTESIAN_POINT ( 'NONE',  ( 500.0000000000015348, 6.943605863098891717, 513.1975847313879058 ) ) ;
#106 = CLOSED_SHELL ( 'NONE', ( #2046, #1352, #787, #1944 ) ) ;
#107 = ORIENTED_EDGE ( 'NONE', *, *, #2403, .T. ) ;
#108 = CARTESIAN_POINT ( 'NONE',  ( -1083.056210785355916, 87.89436665279694694, -641.5060856701676357 ) ) ;
#109 = FACE_OUTER_BOUND ( 'NONE', #671, .T. ) ;
#110 = CARTESIAN_POINT ( 'NONE',  ( 627.9559918444157347, 77.77669212577781366, 462.5000000000006821 ) ) ;
#111 = CARTESIAN_POINT ( 'NONE',  ( -1000.000000000000000, 0.000000000000000000, 550.0000000000006821 ) ) ;
#112 = CARTESIAN_POINT ( 'NONE',  ( 911.6289877462169216, 131.9999999999999716, 638.3710199265071878 ) ) ;
#113 = ORIENTED_EDGE ( 'NONE', *, *, #826, .T. ) ;
#114 = ORIENTED_EDGE ( 'NONE', *, *, #2368, .F. ) ;
#115 = CARTESIAN_POINT ( 'NONE',  ( 0.000000000000000000, 0.000000000000000000, -550.0000000000006821 ) ) ;
#116 = CARTESIAN_POINT ( 'NONE',  ( -117.9986720300499030, 132.0000000000002274, -600.1196881201949509 ) ) ;
#117 = ORIENTED_EDGE ( 'NONE', *, *, #289, .F. ) ;
#118 = ORIENTED_EDGE ( 'NONE', *, *, #1291, .F. ) ;
#119 = CARTESIAN_POINT ( 'NONE',  ( -375.0000000000003411, 132.0000000000000568, -462.5000000000006821 ) ) ;
#120 = CARTESIAN_POINT ( 'NONE',  ( 875.0000000000003411, 132.0000000000000568, -550.0000000000005684 ) ) ;
#121 = CARTESIAN_POINT ( 'NONE',  ( 431.2350043546714460, 0.000000000000000000, 462.5000000000006821 ) ) ;
#122 = ORIENTED_EDGE ( 'NONE', *, *, #1448, .T. ) ;
#123 = ORIENTED_EDGE ( 'NONE', *, *, #1713, .F. ) ;
#124 = CARTESIAN_POINT ( 'NONE',  ( 911.6289877462169216, 131.9999999999999716, -638.3710199265071878 ) ) ;
#125 = LINE ( 'NONE', #370, #876 ) ;
#126 = MECHANICAL_DESIGN_GEOMETRIC_PRESENTATION_REPRESENTATION (  '', ( #1044 ), #2191 ) ;
#127 = CARTESIAN_POINT ( 'NONE',  ( 590.5269340976560670, 131.9999999999998579, 553.0269340976574313 ) ) ;
#128 = EDGE_LOOP ( 'NONE', ( #686, #15, #37, #1504 ) ) ;
#129 = ORIENTED_EDGE ( 'NONE', *, *, #1152, .F. ) ;
#130 = CARTESIAN_POINT ( 'NONE',  ( -1015.282382937884449, 124.2228264279514605, -675.3119313422646428 ) ) ;
#131 = FACE_OUTER_BOUND ( 'NONE', #2484, .T. ) ;
#132 = DIRECTION ( 'NONE',  ( 0.000000000000000000, -1.000000000000000000, 0.000000000000000000 ) ) ;
#133 = CARTESIAN_POINT ( 'NONE',  ( -500.0000000000000000, 0.000000000000000000, -462.5000000000006821 ) ) ;
#134 = CARTESIAN_POINT ( 'NONE',  ( -999.9999999999985221, 6.943605863098891717, -449.3024152686119805 ) ) ;
#135 = EDGE_CURVE ( 'NONE', #279, #1923, #1366, .T. ) ;
#136 = ORIENTED_EDGE ( 'NONE', *, *, #1183, .F. ) ;
#137 = CARTESIAN_POINT ( 'NONE',  ( 124.9999999999996732, 132.0000000000000568, -567.2473440600973618 ) ) ;
#138 = PRESENTATION_STYLE_ASSIGNMENT (( #360 ) ) ;
#139 = DIRECTION ( 'NONE',  ( 0.000000000000000000, 0.000000000000000000, 1.000000000000000000 ) ) ;
#140 = CARTESIAN_POINT ( 'NONE',  ( 124.9999999999996732, 132.0000000000000568, -835.6746605856177439 ) ) ;
#141 = EDGE_CURVE ( 'NONE', #25, #898, #2210, .T. ) ;
#142 = ORIENTED_EDGE ( 'NONE', *, *, #240, .T. ) ;
#143 = VECTOR ( 'NONE', #1230, 1000000.000000000000 ) ;
#144 = CARTESIAN_POINT ( 'NONE',  ( -1040.000000000000227, 638.0000000000000000, -540.0000000000000000 ) ) ;
#145 = CARTESIAN_POINT ( 'NONE',  ( -568.7649956453285540, 0.000000000000000000, 462.5000000000006821 ) ) ;
#146 = CARTESIAN_POINT ( 'NONE',  ( 0.000000000000000000, 132.0000000000000568, 675.0000000000002274 ) ) ;
#147 = ORIENTED_EDGE ( 'NONE', *, *, #2110, .F. ) ;
#148 = CARTESIAN_POINT ( 'NONE',  ( 1000.000000000000000, 0.000000000000000000, 550.0000000000006821 ) ) ;
#149 = B_SPLINE_CURVE_WITH_KNOTS ( 'NONE', 3,
 ( #712, #2423, #547, #852, #2084 ),
 .UNSPECIFIED., .F., .F.,
 ( 4, 1, 4 ),
 ( 0.000000000000000000, 0.5000000282588299427, 1.000000000000000000 ),
 .UNSPECIFIED. ) ;
#150 = VERTEX_POINT ( 'NONE', #1097 ) ;
#151 = CARTESIAN_POINT ( 'NONE',  ( -1.517883041479706208E-12, 36.67766210682825090, 643.4643888151882720 ) ) ;
#152 = CARTESIAN_POINT ( 'NONE',  ( -1090.526934097656067, 131.9999999999998579, 640.5269340976575450 ) ) ;
#153 = CARTESIAN_POINT ( 'NONE',  ( 982.7526559399032067, 132.0000000000000568, 675.0000000000002274 ) ) ;
#154 = CARTESIAN_POINT ( 'NONE',  ( -375.0000000000003411, 132.0000000000000568, 497.0177989836046208 ) ) ;
#155 = CARTESIAN_POINT ( 'NONE',  ( 1117.998672030049875, 132.0000000000002274, 600.1196881201949509 ) ) ;
#156 = ORIENTED_EDGE ( 'NONE', *, *, #1880, .F. ) ;
#157 = CARTESIAN_POINT ( 'NONE',  ( 500.0000000000000000, 132.0000000000000568, -587.5000000000001137 ) ) ;
#158 = B_SPLINE_SURFACE_WITH_KNOTS ( 'NONE', 2, 1, ( 
 ( #2490, #756 ),
 ( #374, #2276 ),
 ( #387, #241 ),
 ( #1211, #1315 ),
 ( #1369, #1554 ) ),
 .UNSPECIFIED., .F., .F., .F.,
 ( 3, 2, 3 ),
 ( 2, 2 ),
 ( 0.000000000000000000, 0.5000000000000000000, 1.000000000000000000 ),
 ( 0.000000000000000000, 1.000000000000000000 ),
 .UNSPECIFIED. ) ;
#159 = B_SPLINE_CURVE_WITH_KNOTS ( 'NONE', 3,
 ( #1223, #1383, #1209, #1573, #2002 ),
 .UNSPECIFIED., .F., .F.,
 ( 4, 1, 4 ),
 ( 0.000000000000000000, 0.5000000282588306089, 1.000000000000000000 ),
 .UNSPECIFIED. ) ;
#160 = ORIENTED_EDGE ( 'NONE', *, *, #11, .F. ) ;
#161 = AXIS2_PLACEMENT_3D ( 'NONE', #318, #347, #511 ) ;
#162 = FACE_OUTER_BOUND ( 'NONE', #2480, .T. ) ;
#163 = SURFACE_STYLE_USAGE ( .BOTH. , #386 ) ;
#164 = FILL_AREA_STYLE ('',( #936 ) ) ;
#165 = CARTESIAN_POINT ( 'NONE',  ( -1000.000000000000000, 0.000000000000000000, 550.0000000000006821 ) ) ;
#166 = ORIENTED_EDGE ( 'NONE', *, *, #2201, .F. ) ;
#167 = CARTESIAN_POINT ( 'NONE',  ( 568.7649956453285540, 0.000000000000000000, -462.5000000000007958 ) ) ;
#168 = EDGE_CURVE ( 'NONE', #1051, #907, #539, .T. ) ;
#169 = B_SPLINE_CURVE_WITH_KNOTS ( 'NONE', 3,
 ( #119, #2391, #2071, #2252 ),
 .UNSPECIFIED., .F., .F.,
 ( 4, 4 ),
 ( 0.000000000000000000, 1.000000000000000000 ),
 .UNSPECIFIED. ) ;
#170 = ORIENTED_EDGE ( 'NONE', *, *, #904, .T. ) ;
#171 = CARTESIAN_POINT ( 'NONE',  ( 1000.000000000000000, 132.0000000000000853, -674.9999999999998863 ) ) ;
#172 = CARTESIAN_POINT ( 'NONE',  ( 1090.896919639776570, 39.10897761384791238, 550.0000000000006821 ) ) ;
#173 = EDGE_CURVE ( 'NONE', #1122, #1691, #2424, .T. ) ;
#174 = CARTESIAN_POINT ( 'NONE',  ( -1000.000000000000000, 132.0000000000000568, -675.0000000000002274 ) ) ;
#175 = CARTESIAN_POINT ( 'NONE',  ( -949.8803118798056175, 132.0000000000002274, 667.9986720300489651 ) ) ;
#176 = CARTESIAN_POINT ( 'NONE',  ( 500.0000000000000000, 0.000000000000000000, 462.5000000000006821 ) ) ;
#177 = ORIENTED_EDGE ( 'NONE', *, *, #19, .F. ) ;
#178 = EDGE_CURVE ( 'NONE', #1020, #43, #570, .T. ) ;
#179 = FACE_OUTER_BOUND ( 'NONE', #210, .T. ) ;
#180 = VERTEX_POINT ( 'NONE', #1867 ) ;
#181 = CARTESIAN_POINT ( 'NONE',  ( -931.2350043546714460, 0.000000000000000000, 550.0000000000007958 ) ) ;
#182 = CARTESIAN_POINT ( 'NONE',  ( -624.9999999999996589, 132.0000000000000568, -462.5000000000006821 ) ) ;
#183 = CARTESIAN_POINT ( 'NONE',  ( -124.9590225426847354, 65.39221202039959735, 567.2286456771752228 ) ) ;
#184 = CARTESIAN_POINT ( 'NONE',  ( 590.5269340976560670, 131.9999999999998579, -553.0269340976574313 ) ) ;
#185 = ORIENTED_EDGE ( 'NONE', *, *, #1531, .T. ) ;
#186 = CARTESIAN_POINT ( 'NONE',  ( -1124.999999999999773, 132.0000000000000568, -550.0000000000006821 ) ) ;
#187 = ORIENTED_EDGE ( 'NONE', *, *, #1873, .F. ) ;
#188 = CARTESIAN_POINT ( 'NONE',  ( -1000.000000000001592, 6.943605863098891717, 600.6975847313879058 ) ) ;
#189 = B_SPLINE_SURFACE_WITH_KNOTS ( 'NONE', 3, 1, ( 
 ( #1761, #779 ),
 ( #2147, #2173 ),
 ( #1715, #435 ),
 ( #1363, #586 ) ),
 .UNSPECIFIED., .F., .F., .F.,
 ( 4, 4 ),
 ( 2, 2 ),
 ( 0.000000000000000000, 1.000000000000000000 ),
 ( 0.000000000000000000, 1.000000000000000000 ),
 .UNSPECIFIED. ) ;
#190 = CARTESIAN_POINT ( 'NONE',  ( 1023.481144951397823, 86.99974092845100415, 669.8838092410276204 ) ) ;
#191 = CARTESIAN_POINT ( 'NONE',  ( 476.5188550486022336, 86.99974092845100415, 582.3838092410276204 ) ) ;
#192 = FACE_OUTER_BOUND ( 'NONE', #1789, .T. ) ;
#193 = ORIENTED_EDGE ( 'NONE', *, *, #394, .F. ) ;
#194 = STYLED_ITEM ( 'NONE', ( #1013 ), #1830 ) ;
#195 = CARTESIAN_POINT ( 'NONE',  ( -1112.796114603734395, 132.0000000000000568, -88.98058281208233211 ) ) ;
#196 = EDGE_LOOP ( 'NONE', ( #1968, #1708, #889, #1500 ) ) ;
#197 = CARTESIAN_POINT ( 'NONE',  ( 436.0194239843538639, 132.0000000000000568, -575.2961171618111393 ) ) ;
#198 =( NAMED_UNIT ( * ) PLANE_ANGLE_UNIT ( ) SI_UNIT ( $, .RADIAN. ) );
#199 = VECTOR ( 'NONE', #791, 1000000.000000000000 ) ;
#200 = VERTEX_POINT ( 'NONE', #1499 ) ;
#201 = EDGE_CURVE ( 'NONE', #262, #1477, #566, .T. ) ;
#202 = SURFACE_SIDE_STYLE ('',( #582 ) ) ;
#203 = FACE_OUTER_BOUND ( 'NONE', #248, .T. ) ;
#204 = ORIENTED_EDGE ( 'NONE', *, *, #19, .T. ) ;
#205 = CARTESIAN_POINT ( 'NONE',  ( 1053.414941624394714, 0.000000000000000000, 550.0000000000006821 ) ) ;
#206 = CARTESIAN_POINT ( 'NONE',  ( -612.7231634337458672, 71.81725421348123461, -512.8123203239255190 ) ) ;
#207 = CARTESIAN_POINT ( 'NONE',  ( -999.9999999999987494, 80.99961139267641386, 670.8263778465170617 ) ) ;
#208 = CARTESIAN_POINT ( 'NONE',  ( 375.0000000000003411, 132.0000000000000568, 462.5000000000005684 ) ) ;
#209 = ORIENTED_EDGE ( 'NONE', *, *, #2066, .T. ) ;
#210 = EDGE_LOOP ( 'NONE', ( #1710, #9, #1068, #840 ) ) ;
#211 = CARTESIAN_POINT ( 'NONE',  ( -1000.000000000000000, 132.0000000000000568, -150.0000000000002842 ) ) ;
#212 = EDGE_LOOP ( 'NONE', ( #1793, #1816, #935, #2345, #1856, #658, #2372, #2322, #77, #1664 ) ) ;
#213 = ORIENTED_EDGE ( 'NONE', *, *, #1764, .T. ) ;
#214 = CARTESIAN_POINT ( 'NONE',  ( -500.0000000000000000, 132.0000000000000568, -587.5000000000001137 ) ) ;
#215 = DIRECTION ( 'NONE',  ( -0.000000000000000000, -0.000000000000000000, 1.000000000000000000 ) ) ;
#216 = CARTESIAN_POINT ( 'NONE',  ( 127.9559918444157489, 77.77669212577781366, 550.0000000000006821 ) ) ;
#217 = CARTESIAN_POINT ( 'NONE',  ( 500.0000000000013074, 80.99961139267641386, -583.3263778465170617 ) ) ;
#218 = B_SPLINE_CURVE_WITH_KNOTS ( 'NONE', 3,
 ( #2342, #286, #2004, #461 ),
 .UNSPECIFIED., .F., .F.,
 ( 4, 4 ),
 ( 0.000000000000000000, 1.000000000000000000 ),
 .UNSPECIFIED. ) ;
#219 = EDGE_LOOP ( 'NONE', ( #879, #1976, #1663, #14 ) ) ;
#220 = EDGE_LOOP ( 'NONE', ( #2389, #967, #226, #2290 ) ) ;
#221 = CARTESIAN_POINT ( 'NONE',  ( -1023.481144951397823, 86.99974092845100415, -380.1161907589723228 ) ) ;
#222 = CARTESIAN_POINT ( 'NONE',  ( -1000.000000000000000, 0.000000000000000000, -550.0000000000007958 ) ) ;
#223 = FILL_AREA_STYLE ('',( #1412 ) ) ;
#224 = CLOSED_SHELL ( 'NONE', ( #2491, #263, #603, #1208, #2329, #1373, #433 ) ) ;
#225 = PRESENTATION_STYLE_ASSIGNMENT (( #1681 ) ) ;
#226 = ORIENTED_EDGE ( 'NONE', *, *, #900, .F. ) ;
#227 = CARTESIAN_POINT ( 'NONE',  ( 375.0409774573152504, 65.39221202039959735, -479.7286456771752796 ) ) ;
#228 = CARTESIAN_POINT ( 'NONE',  ( -515.2823829378844493, 124.2228264279514605, -587.8119313422645291 ) ) ;
#229 = CARTESIAN_POINT ( 'NONE',  ( 88.37101225378312108, 131.9999999999999716, 638.3710199265071878 ) ) ;
#230 = CARTESIAN_POINT ( 'NONE',  ( -1000.000000000000000, 132.0000000000000568, 675.0000000000001137 ) ) ;
#231 = FACE_BOUND ( 'NONE', #1679, .T. ) ;
#232 = ORIENTED_EDGE ( 'NONE', *, *, #2403, .F. ) ;
#233 = ORIENTED_EDGE ( 'NONE', *, *, #1643, .F. ) ;
#234 = AXIS2_PLACEMENT_3D ( 'NONE', #740, #2301, #1990 ) ;
#235 = ADVANCED_FACE ( 'NONE', ( #578 ), #2262, .T. ) ;
#236 = CARTESIAN_POINT ( 'NONE',  ( 1000.000000000000000, 132.0000000000000568, -675.0000000000001137 ) ) ;
#237 = VECTOR ( 'NONE', #1263, 1000000.000000000000 ) ;
#238 = ORIENTED_EDGE ( 'NONE', *, *, #2032, .F. ) ;
#239 = EDGE_LOOP ( 'NONE', ( #944, #1859, #1014, #638 ) ) ;
#240 = EDGE_CURVE ( 'NONE', #1896, #1734, #2109, .T. ) ;
#241 = CARTESIAN_POINT ( 'NONE',  ( -909.1030803602235437, 39.10897761384791238, -499.9999999999992610 ) ) ;
#242 = CARTESIAN_POINT ( 'NONE',  ( -17.24734406009678622, 132.0000000000000568, 675.0000000000002274 ) ) ;
#243 = CARTESIAN_POINT ( 'NONE',  ( 1050.119688120194496, 132.0000000000002274, -667.9986720300489651 ) ) ;
#244 = CARTESIAN_POINT ( 'NONE',  ( 559.6566374106807871, 15.62907057539932687, -513.0049525276571103 ) ) ;
#245 = VECTOR ( 'NONE', #2428, 1000000.000000000000 ) ;
#246 = ORIENTED_EDGE ( 'NONE', *, *, #498, .T. ) ;
#247 = COLOUR_RGB ( '',0.7921568627450980005, 0.8196078431372548767, 0.9333333333333333481 ) ;
#248 = EDGE_LOOP ( 'NONE', ( #814, #1930, #2327, #853 ) ) ;
#249 = DIRECTION ( 'NONE',  ( -1.000000000000000000, 0.000000000000000000, 0.000000000000000000 ) ) ;
#250 = CARTESIAN_POINT ( 'NONE',  ( -128.7431761071713368, 63.33695856770862775, 550.0000000000006821 ) ) ;
#251 = EDGE_CURVE ( 'NONE', #818, #692, #1155, .T. ) ;
#252 = CARTESIAN_POINT ( 'NONE',  ( -911.6289877462169216, 131.9999999999999716, 638.3710199265071878 ) ) ;
#253 = VERTEX_POINT ( 'NONE', #1627 ) ;
#254 = ORIENTED_EDGE ( 'NONE', *, *, #1330, .T. ) ;
#255 = CARTESIAN_POINT ( 'NONE',  ( -124.9590225426847354, 65.39221202039959735, -567.2286456771752228 ) ) ;
#256 = CARTESIAN_POINT ( 'NONE',  ( -875.0000000000003411, 132.0000000000000568, -499.9999999999993747 ) ) ;
#257 = CARTESIAN_POINT ( 'NONE',  ( -1040.000000000000227, 588.0000000000000000, -540.0000000000000000 ) ) ;
#258 = CARTESIAN_POINT ( 'NONE',  ( -500.0000000000000000, 132.0000000000000853, 587.4999999999998863 ) ) ;
#259 = EDGE_LOOP ( 'NONE', ( #160, #716, #1892, #1037 ) ) ;
#260 = ORIENTED_EDGE ( 'NONE', *, *, #99, .F. ) ;
#261 = ORIENTED_EDGE ( 'NONE', *, *, #2170, .T. ) ;
#262 = VERTEX_POINT ( 'NONE', #1928 ) ;
#263 = ADVANCED_FACE ( 'NONE', ( #1368 ), #1027, .F. ) ;
#264 = CARTESIAN_POINT ( 'NONE',  ( -965.4822052547551721, 132.0000000000000568, -374.9999999999996589 ) ) ;
#265 = CARTESIAN_POINT ( 'NONE',  ( -50.11968812019445352, 132.0000000000002274, 667.9986720300489651 ) ) ;
#266 = CARTESIAN_POINT ( 'NONE',  ( -1040.000000000000227, 375.8679656440357348, -465.0000000000000000 ) ) ;
#267 = CARTESIAN_POINT ( 'NONE',  ( 624.9999999999996589, 132.0000000000000000, -462.5000000000006821 ) ) ;
#268 = ORIENTED_EDGE ( 'NONE', *, *, #2432, .F. ) ;
#269 = ORIENTED_EDGE ( 'NONE', *, *, #2259, .T. ) ;
#270 = CARTESIAN_POINT ( 'NONE',  ( -1000.000000000001592, 6.943605863098891717, -449.3024152686119805 ) ) ;
#271 =( GEOMETRIC_REPRESENTATION_CONTEXT ( 3 ) GLOBAL_UNCERTAINTY_ASSIGNED_CONTEXT ( ( #441 ) ) GLOBAL_UNIT_ASSIGNED_CONTEXT ( ( #517, #1473, #2099 ) ) REPRESENTATION_CONTEXT ( 'NONE', 'WORKASPACE' ) );
#272 = CARTESIAN_POINT ( 'NONE',  ( -588.3710122537830784, 131.9999999999999716, -550.8710199265071878 ) ) ;
#273 = ORIENTED_EDGE ( 'NONE', *, *, #1287, .T. ) ;
#274 = ORIENTED_EDGE ( 'NONE', *, *, #1594, .T. ) ;
#275 = CARTESIAN_POINT ( 'NONE',  ( -66.50680156377350727, 3.666666666666690499, -567.2099472942542207 ) ) ;
#276 = CARTESIAN_POINT ( 'NONE',  ( -1040.000000000000227, 588.0000000000000000, -540.0000000000000000 ) ) ;
#277 = EDGE_CURVE ( 'NONE', #862, #1477, #623, .T. ) ;
#278 = CARTESIAN_POINT ( 'NONE',  ( -956.2751908114512389, 46.45177473788543665, -117.4852372426782665 ) ) ;
#279 = VERTEX_POINT ( 'NONE', #555 ) ;
#280 = VERTEX_POINT ( 'NONE', #1949 ) ;
#281 = CARTESIAN_POINT ( 'NONE',  ( 409.4730659023439330, 131.9999999999998579, 553.0269340976574313 ) ) ;
#282 = CARTESIAN_POINT ( 'NONE',  ( -617.9986720300498746, 132.0000000000002274, 512.6196881201949509 ) ) ;
#283 = EDGE_CURVE ( 'NONE', #847, #1728, #545, .T. ) ;
#284 = FACE_OUTER_BOUND ( 'NONE', #220, .T. ) ;
#285 = EDGE_LOOP ( 'NONE', ( #1685, #835, #850, #1750 ) ) ;
#286 = CARTESIAN_POINT ( 'NONE',  ( 1034.517794745244828, 132.0000000000000568, 675.0000000000002274 ) ) ;
#287 = CARTESIAN_POINT ( 'NONE',  ( 1000.000000000000000, 0.000000000000000000, -550.0000000000006821 ) ) ;
#288 = CARTESIAN_POINT ( 'NONE',  ( -1128.743176107171394, 63.33695856770862775, 550.0000000000001137 ) ) ;
#289 = EDGE_CURVE ( 'NONE', #1479, #1586, #1659, .T. ) ;
#290 = ORIENTED_EDGE ( 'NONE', *, *, #1984, .T. ) ;
#291 = CARTESIAN_POINT ( 'NONE',  ( -1250.000000000000227, 638.0000000000000000, -750.0000000000000000 ) ) ;
#292 = ADVANCED_FACE ( 'NONE', ( #1381 ), #493, .F. ) ;
#293 = SURFACE_SIDE_STYLE ('',( #983 ) ) ;
#294 = CARTESIAN_POINT ( 'NONE',  ( -1040.000000000000227, 638.0000000000000000, -465.0000000000000000 ) ) ;
#295 = CARTESIAN_POINT ( 'NONE',  ( -491.9926912317459937, 116.8894930946181603, -588.1238626845287172 ) ) ;
#296 = VERTEX_POINT ( 'NONE', #1120 ) ;
#297 = CARTESIAN_POINT ( 'NONE',  ( -1000.000000000000000, 114.8342396419271978, -150.9357940267932463 ) ) ;
#298 = CARTESIAN_POINT ( 'NONE',  ( -1124.999999999999773, 132.0000000000000568, -482.7526559399025814 ) ) ;
#299 = CARTESIAN_POINT ( 'NONE',  ( -88.37101225378312108, 131.9999999999999716, -638.3710199265071878 ) ) ;
#300 = FACE_OUTER_BOUND ( 'NONE', #196, .T. ) ;
#301 =( LENGTH_UNIT ( ) NAMED_UNIT ( * ) SI_UNIT ( .MICRO., .METRE. ) );
#302 = CARTESIAN_POINT ( 'NONE',  ( -1040.000000000000227, 375.8679656440357348, -540.0000000000000000 ) ) ;
#303 = LINE ( 'NONE', #1622, #245 ) ;
#304 = CARTESIAN_POINT ( 'NONE',  ( 1066.506801563773479, 3.666666666666690499, -567.2099472942542207 ) ) ;
#305 = CARTESIAN_POINT ( 'NONE',  ( -1124.999999999999773, 132.0000000000000568, 550.0000000000005684 ) ) ;
#306 =( GEOMETRIC_REPRESENTATION_CONTEXT ( 3 ) GLOBAL_UNCERTAINTY_ASSIGNED_CONTEXT ( ( #2178 ) ) GLOBAL_UNIT_ASSIGNED_CONTEXT ( ( #2369, #1811, #473 ) ) REPRESENTATION_CONTEXT ( 'NONE', 'WORKASPACE' ) );
#307 =( NAMED_UNIT ( * ) PLANE_ANGLE_UNIT ( ) SI_UNIT ( $, .RADIAN. ) );
#308 = DIRECTION ( 'NONE',  ( 0.000000000000000000, 1.000000000000000000, 0.000000000000000000 ) ) ;
#309 = CARTESIAN_POINT ( 'NONE',  ( -117.9986720300499030, 132.0000000000002274, 600.1196881201949509 ) ) ;
#310 = CARTESIAN_POINT ( 'NONE',  ( 1117.998672030049875, 132.0000000000002274, -600.1196881201949509 ) ) ;
#311 = CARTESIAN_POINT ( 'NONE',  ( -1250.000000000000227, 132.0000000000000568, 750.0000000000000000 ) ) ;
#312 = ADVANCED_FACE ( 'NONE', ( #2231 ), #1731, .F. ) ;
#313 = CARTESIAN_POINT ( 'NONE',  ( -50.11968812019445352, 132.0000000000002274, -667.9986720300489651 ) ) ;
#314 = CARTESIAN_POINT ( 'NONE',  ( -887.2768365662542465, 71.81725421348123461, -449.6876796760743673 ) ) ;
#315 = CARTESIAN_POINT ( 'NONE',  ( -1000.000000000000000, 132.0000000000000568, -499.9999999999993747 ) ) ;
#316 = CARTESIAN_POINT ( 'NONE',  ( -375.0000000000003411, 132.0000000000000568, -462.5000000000006821 ) ) ;
#317 = EDGE_CURVE ( 'NONE', #692, #1821, #703, .T. ) ;
#318 = CARTESIAN_POINT ( 'NONE',  ( 0.000000000000000000, 132.0000000000000568, 0.000000000000000000 ) ) ;
#319 = CARTESIAN_POINT ( 'NONE',  ( -500.0000000000000000, 132.0000000000000568, 587.5000000000001137 ) ) ;
#320 = EDGE_CURVE ( 'NONE', #796, #1781, #2207, .T. ) ;
#321 = DIRECTION ( 'NONE',  ( 0.000000000000000000, 1.000000000000000000, 0.000000000000000000 ) ) ;
#322 = B_SPLINE_CURVE_WITH_KNOTS ( 'NONE', 3,
 ( #2018, #2451, #969, #636 ),
 .UNSPECIFIED., .F., .F.,
 ( 4, 4 ),
 ( 0.000000000000000000, 1.000000000000000000 ),
 .UNSPECIFIED. ) ;
#323 = CARTESIAN_POINT ( 'NONE',  ( 1127.955991844415848, 77.77669212577781366, 550.0000000000006821 ) ) ;
#324 = FACE_OUTER_BOUND ( 'NONE', #1741, .T. ) ;
#325 = CARTESIAN_POINT ( 'NONE',  ( -500.0000000000015348, 6.943605863098891717, -513.1975847313879058 ) ) ;
#326 =( LENGTH_UNIT ( ) NAMED_UNIT ( * ) SI_UNIT ( .MICRO., .METRE. ) );
#327 = CARTESIAN_POINT ( 'NONE',  ( -1.517883041479706208E-12, 36.67766210682825090, -643.4643888151882720 ) ) ;
#328 = DIRECTION ( 'NONE',  ( 0.000000000000000000, 0.000000000000000000, 1.000000000000000000 ) ) ;
#329 = PRESENTATION_STYLE_ASSIGNMENT (( #2186 ) ) ;
#330 = CARTESIAN_POINT ( 'NONE',  ( -875.0000000000003411, 132.0000000000000568, -550.0000000000007958 ) ) ;
#331 = PRESENTATION_STYLE_ASSIGNMENT (( #744 ) ) ;
#332 = DIRECTION ( 'NONE',  ( 0.000000000000000000, -0.000000000000000000, 1.000000000000000000 ) ) ;
#333 = CARTESIAN_POINT ( 'NONE',  ( -1040.000000000000227, 588.0000000000000000, -615.0000000000000000 ) ) ;
#334 = CARTESIAN_POINT ( 'NONE',  ( -1090.526934097656067, 131.9999999999998579, -640.5269340976576586 ) ) ;
#335 = CARTESIAN_POINT ( 'NONE',  ( 553.4149416243948281, 0.000000000000000000, 462.5000000000006821 ) ) ;
#336 = B_SPLINE_SURFACE_WITH_KNOTS ( 'NONE', 3, 3, ( 
 ( #1198, #2149, #1584, #1398 ),
 ( #1809, #2355, #1254, #7 ),
 ( #1602, #2027, #1380, #2336 ),
 ( #486, #2174, #1416, #2299 ),
 ( #1436, #653, #1271, #2000 ),
 ( #472, #600, #1620, #2318 ),
 ( #2487, #258, #53, #437 ) ),
 .UNSPECIFIED., .F., .F., .F.,
 ( 4, 1, 1, 1, 4 ),
 ( 4, 4 ),
 ( 0.000000000000000000, 0.2500000000000000000, 0.5000000000000000000, 0.7500000000000000000, 1.000000000000000000 ),
 ( 0.000000000000000000, 1.000000000000000000 ),
 .UNSPECIFIED. ) ;
#337 = SURFACE_STYLE_FILL_AREA ( #164 ) ;
#338 = CARTESIAN_POINT ( 'NONE',  ( 624.9999999999996589, 132.0000000000000568, -462.5000000000006821 ) ) ;
#339 = CARTESIAN_POINT ( 'NONE',  ( -624.9999999999996589, 132.0000000000000568, 462.5000000000006821 ) ) ;
#340 = CARTESIAN_POINT ( 'NONE',  ( 0.000000000000000000, 132.0000000000000853, 674.9999999999998863 ) ) ;
#341 = B_SPLINE_CURVE_WITH_KNOTS ( 'NONE', 2,
 ( #1904, #2198, #492, #351, #2400 ),
 .UNSPECIFIED., .F., .F.,
 ( 3, 2, 3 ),
 ( 0.000000000000000000, 0.5000000000000000000, 1.000000000000000000 ),
 .UNSPECIFIED. ) ;
#342 = CARTESIAN_POINT ( 'NONE',  ( -43.72480918854882503, 46.45177473788543665, -642.4852372426781812 ) ) ;
#343 = CARTESIAN_POINT ( 'NONE',  ( -1000.000000000000000, 132.0000000000000568, -150.0000000000003979 ) ) ;
#344 = EDGE_CURVE ( 'NONE', #101, #921, #2253, .T. ) ;
#345 = CARTESIAN_POINT ( 'NONE',  ( -1088.371012253783192, 131.9999999999999716, 638.3710199265071878 ) ) ;
#346 = CARTESIAN_POINT ( 'NONE',  ( -1.517883041479706208E-12, 6.943605863098891717, 600.6975847313879058 ) ) ;
#347 = DIRECTION ( 'NONE',  ( 0.000000000000000000, -1.000000000000000000, 0.000000000000000000 ) ) ;
#348 = CARTESIAN_POINT ( 'NONE',  ( 515.2823829378844493, 124.2228264279514605, 587.8119313422645291 ) ) ;
#349 = CARTESIAN_POINT ( 'NONE',  ( 1000.000000000000000, 132.0000000000000568, -675.0000000000001137 ) ) ;
#350 = CARTESIAN_POINT ( 'NONE',  ( -500.0000000000000000, 0.000000000000000000, 462.5000000000006821 ) ) ;
#351 = CARTESIAN_POINT ( 'NONE',  ( 53.41494162439477833, 0.000000000000000000, 550.0000000000006821 ) ) ;
#352 = B_SPLINE_SURFACE_WITH_KNOTS ( 'NONE', 3, 3, ( 
 ( #115, #1654, #849, #1891 ),
 ( #1409, #1249, #675, #137 ),
 ( #1099, #1870, #866, #827 ),
 ( #327, #691, #1826, #2419 ),
 ( #1288, #1278, #888, #1048 ),
 ( #505, #2038, #1849, #1457 ),
 ( #2185, #1431, #1472, #2367 ) ),
 .UNSPECIFIED., .F., .F., .F.,
 ( 4, 1, 1, 1, 4 ),
 ( 4, 4 ),
 ( 0.000000000000000000, 0.2500000000000000000, 0.5000000000000000000, 0.7500000000000000000, 1.000000000000000000 ),
 ( 0.000000000000000000, 1.000000000000000000 ),
 .UNSPECIFIED. ) ;
#353 = CARTESIAN_POINT ( 'NONE',  ( 375.0000000000003411, 132.0000000000000568, -497.0177989836047345 ) ) ;
#354 = B_SPLINE_CURVE_WITH_KNOTS ( 'NONE', 3,
 ( #6, #599, #436, #780 ),
 .UNSPECIFIED., .F., .F.,
 ( 4, 4 ),
 ( 0.000000000000000000, 1.000000000000000000 ),
 .UNSPECIFIED. ) ;
#355 = CARTESIAN_POINT ( 'NONE',  ( -1088.371012253783192, 131.9999999999999716, -638.3710199265073015 ) ) ;
#356 = B_SPLINE_CURVE_WITH_KNOTS ( 'NONE', 2,
 ( #978, #10, #1192, #442, #2152 ),
 .UNSPECIFIED., .F., .F.,
 ( 3, 2, 3 ),
 ( 0.000000000000000000, 0.5000000000000000000, 1.000000000000000000 ),
 .UNSPECIFIED. ) ;
#357 = CARTESIAN_POINT ( 'NONE',  ( -875.0000000000003411, 132.0000000000000568, -550.0000000000007958 ) ) ;
#358 = CARTESIAN_POINT ( 'NONE',  ( -1000.000000000001592, 6.943605863098891717, -75.69758473138809052 ) ) ;
#359 = CARTESIAN_POINT ( 'NONE',  ( -1000.000000000000000, 132.0000000000000568, -150.0000000000002842 ) ) ;
#360 = SURFACE_STYLE_USAGE ( .BOTH. , #2426 ) ;
#361 = CARTESIAN_POINT ( 'NONE',  ( -17.24734406009678622, 132.0000000000000568, 675.0000000000002274 ) ) ;
#362 = B_SPLINE_CURVE_WITH_KNOTS ( 'NONE', 3,
 ( #388, #562, #2111, #2238, #1326 ),
 .UNSPECIFIED., .F., .F.,
 ( 4, 1, 4 ),
 ( 0.000000000000000000, 0.5000000282588327183, 1.000000000000000000 ),
 .UNSPECIFIED. ) ;
#363 = DIRECTION ( 'NONE',  ( 0.000000000000000000, 0.000000000000000000, 1.000000000000000000 ) ) ;
#364 = DIRECTION ( 'NONE',  ( 0.000000000000000000, -1.000000000000000000, 0.000000000000000000 ) ) ;
#365 = CARTESIAN_POINT ( 'NONE',  ( -1044.765586106922910, 108.8341101061527638, 668.9412406355381790 ) ) ;
#366 = LINE ( 'NONE', #1405, #1215 ) ;
#367 = CARTESIAN_POINT ( 'NONE',  ( -588.3710122537830784, 131.9999999999999716, 550.8710199265071878 ) ) ;
#368 = EDGE_CURVE ( 'NONE', #280, #1821, #1688, .T. ) ;
#369 = CARTESIAN_POINT ( 'NONE',  ( 1000.000000000000000, 114.8342396419271978, 675.9357940267931326 ) ) ;
#370 = CARTESIAN_POINT ( 'NONE',  ( -1040.000000000000227, 375.8679656440357348, -615.0000000000000000 ) ) ;
#371 = EDGE_CURVE ( 'NONE', #1020, #796, #403, .T. ) ;
#372 = FILL_AREA_STYLE_COLOUR ( '', #2090 ) ;
#373 = LINE ( 'NONE', #660, #1194 ) ;
#374 = CARTESIAN_POINT ( 'NONE',  ( -872.0440081555842653, 77.77669212577781366, -550.0000000000007958 ) ) ;
#375 = CARTESIAN_POINT ( 'NONE',  ( -1000.000000000000000, 0.000000000000000000, -25.00000000000082423 ) ) ;
#376 = CARTESIAN_POINT ( 'NONE',  ( 566.5068015637734788, 3.666666666666690499, -479.7099472942542775 ) ) ;
#377 = B_SPLINE_CURVE_WITH_KNOTS ( 'NONE', 3,
 ( #1721, #1977, #2017, #1767 ),
 .UNSPECIFIED., .F., .F.,
 ( 4, 4 ),
 ( 0.000000000000000000, 1.000000000000000000 ),
 .UNSPECIFIED. ) ;
#378 = VECTOR ( 'NONE', #1040, 1000000.000000000000 ) ;
#379 = PLANE ( 'NONE',  #47 ) ;
#380 = CARTESIAN_POINT ( 'NONE',  ( 1053.414941624394714, 0.000000000000000000, -550.0000000000006821 ) ) ;
#381 = FACE_OUTER_BOUND ( 'NONE', #285, .T. ) ;
#382 = CARTESIAN_POINT ( 'NONE',  ( -500.0000000000000000, 0.000000000000000000, -462.5000000000006821 ) ) ;
#383 = CARTESIAN_POINT ( 'NONE',  ( -956.2751908114512389, 46.45177473788543665, 642.4852372426781812 ) ) ;
#384 = CARTESIAN_POINT ( 'NONE',  ( 1077.057852105168877, 131.9999999999999716, -649.6841800751213896 ) ) ;
#385 = B_SPLINE_CURVE_WITH_KNOTS ( 'NONE', 3,
 ( #1507, #2138, #1196, #2459, #561, #2305, #429 ),
 .UNSPECIFIED., .F., .F.,
 ( 4, 1, 1, 1, 4 ),
 ( 0.000000000000000000, 0.2500000000000000000, 0.5000000000000000000, 0.7500000000000000000, 1.000000000000000000 ),
 .UNSPECIFIED. ) ;
#386 = SURFACE_SIDE_STYLE ('',( #1852 ) ) ;
#387 = CARTESIAN_POINT ( 'NONE',  ( -909.1030803602235437, 39.10897761384791238, -550.0000000000007958 ) ) ;
#388 = CARTESIAN_POINT ( 'NONE',  ( -1000.000000000000000, 132.0000000000000568, -374.9999999999997726 ) ) ;
#389 = CARTESIAN_POINT ( 'NONE',  ( 500.0000000000000000, 132.0000000000000853, -587.5000000000000000 ) ) ;
#390 = STYLED_ITEM ( 'NONE', ( #1423 ), #608 ) ;
#391 = B_SPLINE_SURFACE_WITH_KNOTS ( 'NONE', 3, 3, ( 
 ( #613, #2024, #790, #567 ),
 ( #1033, #2171, #1600, #2292 ),
 ( #2279, #1581, #1251, #2501 ),
 ( #2123, #1804, #2481, #1996 ),
 ( #2350, #434, #597, #46 ),
 ( #777, #295, #469, #1532 ),
 ( #632, #805, #749, #423 ) ),
 .UNSPECIFIED., .F., .F., .F.,
 ( 4, 1, 1, 1, 4 ),
 ( 4, 4 ),
 ( 0.000000000000000000, 0.2500000000000000000, 0.5000000000000000000, 0.7500000000000000000, 1.000000000000000000 ),
 ( 0.000000000000000000, 1.000000000000000000 ),
 .UNSPECIFIED. ) ;
#392 = CARTESIAN_POINT ( 'NONE',  ( -1000.000000000000000, 4.065758146820641628E-14, -567.1912489113326501 ) ) ;
#393 = CARTESIAN_POINT ( 'NONE',  ( -1000.000000000001364, 80.99961139267641386, 670.8263778465170617 ) ) ;
#394 = EDGE_CURVE ( 'NONE', #2488, #1675, #574, .T. ) ;
#395 = CARTESIAN_POINT ( 'NONE',  ( -543.7248091885488748, 46.45177473788543665, -554.9852372426780676 ) ) ;
#396 = CARTESIAN_POINT ( 'NONE',  ( 1000.000000000001592, 6.943605863098891717, 600.6975847313879058 ) ) ;
#397 = CARTESIAN_POINT ( 'NONE',  ( 455.2344138930770328, 108.8341101061527638, 581.4412406355380654 ) ) ;
#398 = ADVANCED_FACE ( 'NONE', ( #2195 ), #550, .T. ) ;
#399 = EDGE_CURVE ( 'NONE', #898, #262, #2239, .T. ) ;
#400 = CARTESIAN_POINT ( 'NONE',  ( -1000.000000000000000, 0.000000000000000000, 550.0000000000006821 ) ) ;
#401 = CARTESIAN_POINT ( 'NONE',  ( -43.72480918854882503, 46.45177473788543665, 642.4852372426781812 ) ) ;
#402 = CARTESIAN_POINT ( 'NONE',  ( -1000.000000000000000, 132.0000000000000568, -150.0000000000002842 ) ) ;
#403 = B_SPLINE_CURVE_WITH_KNOTS ( 'NONE', 2,
 ( #2025, #518, #894, #1832, #1134 ),
 .UNSPECIFIED., .F., .F.,
 ( 3, 2, 3 ),
 ( 0.000000000000000000, 0.5000000000000000000, 1.000000000000000000 ),
 .UNSPECIFIED. ) ;
#404 = B_SPLINE_CURVE_WITH_KNOTS ( 'NONE', 3,
 ( #402, #564, #1343, #581 ),
 .UNSPECIFIED., .F., .F.,
 ( 4, 4 ),
 ( 0.000000000000000000, 1.000000000000000000 ),
 .UNSPECIFIED. ) ;
#405 = CARTESIAN_POINT ( 'NONE',  ( -1000.000000000000000, 0.000000000000000000, -550.0000000000007958 ) ) ;
#406 = CARTESIAN_POINT ( 'NONE',  ( -1117.998672030049875, 132.0000000000002274, 600.1196881201949509 ) ) ;
#407 = CARTESIAN_POINT ( 'NONE',  ( -617.9986720300498746, 132.0000000000002274, -512.6196881201949509 ) ) ;
#408 = CARTESIAN_POINT ( 'NONE',  ( 984.7176170621155507, 124.2228264279514605, 675.3119313422645291 ) ) ;
#409 = CARTESIAN_POINT ( 'NONE',  ( -940.3433625893192129, 15.62907057539932687, 600.5049525276571103 ) ) ;
#410 = LINE ( 'NONE', #1367, #378 ) ;
#411 = PRESENTATION_LAYER_ASSIGNMENT (  '', '', ( #1044 ) ) ;
#412 = CARTESIAN_POINT ( 'NONE',  ( 500.0000000000000000, 132.0000000000000568, -587.5000000000001137 ) ) ;
#413 = UNCERTAINTY_MEASURE_WITH_UNIT (LENGTH_MEASURE( 1.000000000000000082E-05 ), #65, 'distance_accuracy_value', 'NONE');
#414 = ADVANCED_FACE ( 'NONE', ( #2223 ), #1018, .F. ) ;
#415 = FACE_OUTER_BOUND ( 'NONE', #1851, .T. ) ;
#416 = CARTESIAN_POINT ( 'NONE',  ( -1250.000000000000227, 132.0000000000000568, -750.0000000000000000 ) ) ;
#417 = CARTESIAN_POINT ( 'NONE',  ( 588.3710122537830784, 131.9999999999999716, 550.8710199265071878 ) ) ;
#418 = CARTESIAN_POINT ( 'NONE',  ( -931.2350043546714460, 0.000000000000000000, -550.0000000000009095 ) ) ;
#419 = B_SPLINE_CURVE_WITH_KNOTS ( 'NONE', 2,
 ( #18, #446, #1843, #610, #786 ),
 .UNSPECIFIED., .F., .F.,
 ( 3, 2, 3 ),
 ( 0.000000000000000000, 0.5000000000000000000, 1.000000000000000000 ),
 .UNSPECIFIED. ) ;
#420 = CARTESIAN_POINT ( 'NONE',  ( -1000.000000000000000, 132.0000000000000853, -375.0000000000000000 ) ) ;
#421 = B_SPLINE_SURFACE_WITH_KNOTS ( 'NONE', 2, 1, ( 
 ( #1154, #2228 ),
 ( #1927, #2464 ),
 ( #2261, #172 ),
 ( #380, #205 ),
 ( #1320, #1497 ) ),
 .UNSPECIFIED., .F., .F., .F.,
 ( 3, 2, 3 ),
 ( 2, 2 ),
 ( 0.000000000000000000, 0.5000000000000000000, 1.000000000000000000 ),
 ( 0.000000000000000000, 1.000000000000000000 ),
 .UNSPECIFIED. ) ;
#422 = EDGE_CURVE ( 'NONE', #2416, #1104, #558, .T. ) ;
#423 = CARTESIAN_POINT ( 'NONE',  ( -500.0000000000000000, 132.0000000000000568, -587.5000000000002274 ) ) ;
#424 = CARTESIAN_POINT ( 'NONE',  ( 382.0013279699501254, 132.0000000000002274, -512.6196881201949509 ) ) ;
#425 = CARTESIAN_POINT ( 'NONE',  ( 976.5188550486022905, 86.99974092845100415, 669.8838092410276204 ) ) ;
#426 = CARTESIAN_POINT ( 'NONE',  ( 1000.000000000000000, 4.065758146820641628E-14, 567.1912489113325364 ) ) ;
#427 = CARTESIAN_POINT ( 'NONE',  ( -1000.000000000000000, 0.000000000000000000, -25.00000000000082423 ) ) ;
#428 = CARTESIAN_POINT ( 'NONE',  ( -1088.371012253783192, 131.9999999999999716, -113.3710199265073015 ) ) ;
#429 = CARTESIAN_POINT ( 'NONE',  ( -1000.000000000000000, 0.000000000000000000, 550.0000000000006821 ) ) ;
#430 = CARTESIAN_POINT ( 'NONE',  ( -871.2568238928287201, 63.33695856770862775, -25.00000000000082423 ) ) ;
#431 = CARTESIAN_POINT ( 'NONE',  ( -455.2344138930770328, 108.8341101061527638, 581.4412406355380654 ) ) ;
#432 = CARTESIAN_POINT ( 'NONE',  ( -956.2751908114512389, 46.45177473788543665, -642.4852372426781812 ) ) ;
#433 = ADVANCED_FACE ( 'NONE', ( #560 ), #1967, .F. ) ;
#434 = CARTESIAN_POINT ( 'NONE',  ( -476.5188550486022336, 86.99974092845100415, -582.3838092410276204 ) ) ;
#435 = CARTESIAN_POINT ( 'NONE',  ( 871.2568238928287201, 63.33695856770862775, 550.0000000000006821 ) ) ;
#436 = CARTESIAN_POINT ( 'NONE',  ( -936.0194239843539208, 132.0000000000000568, 662.7961171618111393 ) ) ;
#437 = CARTESIAN_POINT ( 'NONE',  ( -500.0000000000000000, 132.0000000000000568, 587.5000000000002274 ) ) ;
#438 = MECHANICAL_DESIGN_GEOMETRIC_PRESENTATION_REPRESENTATION (  '', ( #812 ), #306 ) ;
#439 = CARTESIAN_POINT ( 'NONE',  ( 484.7176170621155507, 124.2228264279514605, 587.8119313422645291 ) ) ;
#440 = SURFACE_SIDE_STYLE ('',( #1907 ) ) ;
#441 = UNCERTAINTY_MEASURE_WITH_UNIT (LENGTH_MEASURE( 1.000000000000000082E-05 ), #517, 'distance_accuracy_value', 'NONE');
#442 = CARTESIAN_POINT ( 'NONE',  ( 1127.955991844415848, 77.77669212577781366, -550.0000000000006821 ) ) ;
#443 = CARTESIAN_POINT ( 'NONE',  ( -936.0194239843539208, 132.0000000000000568, -387.2038828381888038 ) ) ;
#444 = CARTESIAN_POINT ( 'NONE',  ( -411.6289877462168647, 131.9999999999999716, -550.8710199265071878 ) ) ;
#445 = CARTESIAN_POINT ( 'NONE',  ( -476.5188550486022336, 86.99974092845100415, 582.3838092410276204 ) ) ;
#446 = CARTESIAN_POINT ( 'NONE',  ( 627.9559918444157347, 77.77669212577781366, 462.5000000000006821 ) ) ;
#447 = CARTESIAN_POINT ( 'NONE',  ( -1059.656637410680787, 15.62907057539932687, -449.4950474723428329 ) ) ;
#448 = B_SPLINE_CURVE_WITH_KNOTS ( 'NONE', 3,
 ( #2214, #2330, #1869, #339 ),
 .UNSPECIFIED., .F., .F.,
 ( 4, 4 ),
 ( 0.000000000000000000, 1.000000000000000000 ),
 .UNSPECIFIED. ) ;
#449 = CARTESIAN_POINT ( 'NONE',  ( 124.9999999999996732, 132.0000000000000568, 550.0000000000006821 ) ) ;
#450 = CARTESIAN_POINT ( 'NONE',  ( 124.9999999999996732, 132.0000000000000568, -567.2473440600973618 ) ) ;
#451 = EDGE_CURVE ( 'NONE', #1051, #1920, #1777, .T. ) ;
#452 = ADVANCED_FACE ( 'NONE', ( #2284 ), #2319, .T. ) ;
#453 = CARTESIAN_POINT ( 'NONE',  ( -128.7431761071713368, 63.33695856770862775, -550.0000000000001137 ) ) ;
#454 = CARTESIAN_POINT ( 'NONE',  ( -1000.000000000000000, 0.000000000000000000, -25.00000000000082423 ) ) ;
#455 = CARTESIAN_POINT ( 'NONE',  ( -916.9437892146440845, 87.89436665279694694, -116.5060856701676215 ) ) ;
#456 = CARTESIAN_POINT ( 'NONE',  ( -1000.000000000000000, 0.000000000000000000, -25.00000000000082423 ) ) ;
#457 = CARTESIAN_POINT ( 'NONE',  ( 491.9926912317459937, 116.8894930946181603, 588.1238626845287172 ) ) ;
#458 = B_SPLINE_CURVE_WITH_KNOTS ( 'NONE', 3,
 ( #1267, #1613, #310, #647, #1432 ),
 .UNSPECIFIED., .F., .F.,
 ( 4, 1, 4 ),
 ( 0.000000000000000000, 0.5000000282588294986, 1.000000000000000000 ),
 .UNSPECIFIED. ) ;
#459 = CARTESIAN_POINT ( 'NONE',  ( 1124.999999999999773, 132.0000000000000568, 584.5177989836047345 ) ) ;
#460 = CARTESIAN_POINT ( 'NONE',  ( 911.6289877462169216, 131.9999999999999716, -638.3710199265071878 ) ) ;
#461 = CARTESIAN_POINT ( 'NONE',  ( 1088.371012253783192, 131.9999999999999716, 638.3710199265071878 ) ) ;
#462 = CARTESIAN_POINT ( 'NONE',  ( -371.2568238928286632, 63.33695856770862775, 462.5000000000001137 ) ) ;
#463 = CARTESIAN_POINT ( 'NONE',  ( -1000.000000000000000, 4.065758146820641628E-14, 567.1912489113325364 ) ) ;
#464 = CARTESIAN_POINT ( 'NONE',  ( -1250.000000000000227, 638.0000000000000000, -750.0000000000000000 ) ) ;
#465 = CARTESIAN_POINT ( 'NONE',  ( -500.0000000000000000, 132.0000000000000568, 587.5000000000001137 ) ) ;
#466 = CARTESIAN_POINT ( 'NONE',  ( 0.000000000000000000, 0.000000000000000000, 550.0000000000006821 ) ) ;
#467 = PRODUCT_DEFINITION ( 'UNKNOWN', '', #1281, #1292 ) ;
#468 = CARTESIAN_POINT ( 'NONE',  ( -624.9999999999996589, 132.0000000000000568, -462.5000000000006821 ) ) ;
#469 = CARTESIAN_POINT ( 'NONE',  ( -484.7176170621155507, 124.2228264279514605, -587.8119313422645291 ) ) ;
#470 = CARTESIAN_POINT ( 'NONE',  ( -1000.000000000001592, 6.943605863098891717, -75.69758473138809052 ) ) ;
#471 = CARTESIAN_POINT ( 'NONE',  ( 931.2350043546714460, 0.000000000000000000, 550.0000000000007958 ) ) ;
#472 = CARTESIAN_POINT ( 'NONE',  ( -500.0000000000000000, 114.8342396419271978, 588.4357940267931326 ) ) ;
#473 =( NAMED_UNIT ( * ) SI_UNIT ( $, .STERADIAN. ) SOLID_ANGLE_UNIT ( ) );
#474 = CARTESIAN_POINT ( 'NONE',  ( 375.0000000000003411, 132.0000000000000568, 462.5000000000006821 ) ) ;
#475 = ADVANCED_FACE ( 'NONE', ( #2204 ), #379, .F. ) ;
#476 = EDGE_CURVE ( 'NONE', #1955, #1934, #1740, .T. ) ;
#477 = CARTESIAN_POINT ( 'NONE',  ( 1124.959022542684806, 65.39221202039959735, -567.2286456771752228 ) ) ;
#478 = B_SPLINE_SURFACE_WITH_KNOTS ( 'NONE', 3, 3, ( 
 ( #1808, #471, #736, #952 ),
 ( #2485, #2135, #1536, #2161 ),
 ( #1986, #1170, #5, #1334 ),
 ( #1189, #1517, #572, #1377 ),
 ( #1567, #425, #2317, #2125 ),
 ( #1736, #767, #408, #2466 ),
 ( #2334, #751, #1785, #974 ) ),
 .UNSPECIFIED., .F., .F., .F.,
 ( 4, 1, 1, 1, 4 ),
 ( 4, 4 ),
 ( 0.000000000000000000, 0.2500000000000000000, 0.5000000000000000000, 0.7500000000000000000, 1.000000000000000000 ),
 ( 0.000000000000000000, 1.000000000000000000 ),
 .UNSPECIFIED. ) ;
#479 = B_SPLINE_CURVE_WITH_KNOTS ( 'NONE', 3,
 ( #2246, #1638, #690, #1469, #134, #1132, #2468 ),
 .UNSPECIFIED., .F., .F.,
 ( 4, 1, 1, 1, 4 ),
 ( 0.000000000000000000, 0.2500000000000000000, 0.5000000000000000000, 0.7500000000000000000, 1.000000000000000000 ),
 .UNSPECIFIED. ) ;
#480 =( NAMED_UNIT ( * ) SI_UNIT ( $, .STERADIAN. ) SOLID_ANGLE_UNIT ( ) );
#481 = CARTESIAN_POINT ( 'NONE',  ( 43.72480918854882503, 46.45177473788543665, 642.4852372426781812 ) ) ;
#482 = CARTESIAN_POINT ( 'NONE',  ( -1124.999999999999773, 132.0000000000000568, -550.0000000000007958 ) ) ;
#483 = B_SPLINE_CURVE_WITH_KNOTS ( 'NONE', 3,
 ( #1088, #1861, #2059, #2208 ),
 .UNSPECIFIED., .F., .F.,
 ( 4, 4 ),
 ( 0.000000000000000000, 1.000000000000000000 ),
 .UNSPECIFIED. ) ;
#484 = DIRECTION ( 'NONE',  ( 0.000000000000000000, 1.000000000000000000, 0.000000000000000000 ) ) ;
#485 = CARTESIAN_POINT ( 'NONE',  ( -1000.000000000000000, 114.8342396419271978, -374.0642059732068105 ) ) ;
#486 = CARTESIAN_POINT ( 'NONE',  ( -499.9999999999984652, 36.67766210682825090, 555.9643888151881583 ) ) ;
#487 = CARTESIAN_POINT ( 'NONE',  ( 982.7526559399032067, 132.0000000000000568, -675.0000000000002274 ) ) ;
#488 = B_SPLINE_SURFACE_WITH_KNOTS ( 'NONE', 3, 1, ( 
 ( #2222, #2410 ),
 ( #2438, #121 ),
 ( #509, #523 ),
 ( #875, #1316 ) ),
 .UNSPECIFIED., .F., .F., .F.,
 ( 4, 4 ),
 ( 2, 2 ),
 ( 0.000000000000000000, 1.000000000000000000 ),
 ( 0.000000000000000000, 1.000000000000000000 ),
 .UNSPECIFIED. ) ;
#489 = DIRECTION ( 'NONE',  ( 0.000000000000000000, 0.000000000000000000, 1.000000000000000000 ) ) ;
#490 = CARTESIAN_POINT ( 'NONE',  ( 590.8969196397764563, 39.10897761384791238, -462.5000000000006821 ) ) ;
#491 = PRODUCT_RELATED_PRODUCT_CATEGORY ( 'part', '', ( #708 ) ) ;
#492 = CARTESIAN_POINT ( 'NONE',  ( 90.89691963977647049, 39.10897761384791238, 550.0000000000006821 ) ) ;
#493 = B_SPLINE_SURFACE_WITH_KNOTS ( 'NONE', 3, 3, ( 
 ( #2295, #1998, #453, #2146 ),
 ( #2454, #275, #255, #614 ),
 ( #1034, #950, #1269, #116 ),
 ( #832, #342, #1434, #1252 ),
 ( #1102, #1081, #633, #313 ),
 ( #1630, #506, #495, #1279 ),
 ( #1807, #70, #48, #1618 ) ),
 .UNSPECIFIED., .F., .F., .F.,
 ( 4, 1, 1, 1, 4 ),
 ( 4, 4 ),
 ( 0.000000000000000000, 0.2500000000000000000, 0.5000000000000000000, 0.7500000000000000000, 1.000000000000000000 ),
 ( 0.000000000000000000, 1.000000000000000000 ),
 .UNSPECIFIED. ) ;
#494 = CARTESIAN_POINT ( 'NONE',  ( 0.000000000000000000, 0.000000000000000000, 0.000000000000000000 ) ) ;
#495 = CARTESIAN_POINT ( 'NONE',  ( -15.28238293788445290, 124.2228264279514605, -675.3119313422645291 ) ) ;
#496 = CARTESIAN_POINT ( 'NONE',  ( -1000.000000000000000, 132.0000000000000853, -150.0000000000001705 ) ) ;
#497 = CARTESIAN_POINT ( 'NONE',  ( 1000.000000000000000, 0.000000000000000000, -550.0000000000006821 ) ) ;
#498 = EDGE_CURVE ( 'NONE', #296, #1541, #1399, .T. ) ;
#499 = CARTESIAN_POINT ( 'NONE',  ( -1044.765586106922910, 108.8341101061527638, -143.9412406355382643 ) ) ;
#500 = CARTESIAN_POINT ( 'NONE',  ( 612.7231634337458672, 71.81725421348123461, 512.8123203239255190 ) ) ;
#501 = EDGE_CURVE ( 'NONE', #2488, #981, #1167, .T. ) ;
#502 = CARTESIAN_POINT ( 'NONE',  ( 0.000000000000000000, 132.0000000000000568, -675.0000000000001137 ) ) ;
#503 = CARTESIAN_POINT ( 'NONE',  ( 563.9805760156461929, 132.0000000000000568, 575.2961171618111393 ) ) ;
#504 = CARTESIAN_POINT ( 'NONE',  ( -911.6289877462169216, 131.9999999999999716, -411.6289800734927553 ) ) ;
#505 = CARTESIAN_POINT ( 'NONE',  ( 0.000000000000000000, 114.8342396419271978, -675.9357940267931326 ) ) ;
#506 = CARTESIAN_POINT ( 'NONE',  ( -8.007308768253999176, 116.8894930946181603, -675.6238626845287172 ) ) ;
#507 = CARTESIAN_POINT ( 'NONE',  ( -1117.998672030049875, 132.0000000000002274, 600.1196881201949509 ) ) ;
#508 = CARTESIAN_POINT ( 'NONE',  ( 933.4931984362265212, 3.666666666666690499, -567.2099472942542207 ) ) ;
#509 = CARTESIAN_POINT ( 'NONE',  ( 371.2568238928286632, 63.33695856770862775, -462.5000000000006821 ) ) ;
#510 = B_SPLINE_CURVE_WITH_KNOTS ( 'NONE', 3,
 ( #1394, #1733, #2331, #272 ),
 .UNSPECIFIED., .F., .F.,
 ( 4, 4 ),
 ( 0.000000000000000000, 1.000000000000000000 ),
 .UNSPECIFIED. ) ;
#511 = DIRECTION ( 'NONE',  ( 0.000000000000000000, -0.000000000000000000, -1.000000000000000000 ) ) ;
#512 = CARTESIAN_POINT ( 'NONE',  ( 517.2473440600967933, 132.0000000000000568, 587.5000000000002274 ) ) ;
#513 = STYLED_ITEM ( 'NONE', ( #979 ), #1860 ) ;
#514 = CARTESIAN_POINT ( 'NONE',  ( -982.7526559399032067, 132.0000000000000568, -675.0000000000003411 ) ) ;
#515 = CARTESIAN_POINT ( 'NONE',  ( 387.2038853962656049, 132.0000000000000568, -526.4805828120821616 ) ) ;
#516 = CARTESIAN_POINT ( 'NONE',  ( -1000.000000000000000, 0.000000000000000000, -499.9999999999992610 ) ) ;
#517 =( LENGTH_UNIT ( ) NAMED_UNIT ( * ) SI_UNIT ( .MICRO., .METRE. ) );
#518 = CARTESIAN_POINT ( 'NONE',  ( 53.41494162439477833, 0.000000000000000000, -550.0000000000006821 ) ) ;
#519 = CARTESIAN_POINT ( 'NONE',  ( -1059.656637410680787, 15.62907057539932687, -75.50495252765722398 ) ) ;
#520 = CARTESIAN_POINT ( 'NONE',  ( -982.7526559399032067, 132.0000000000000568, -150.0000000000003979 ) ) ;
#521 = EDGE_CURVE ( 'NONE', #1077, #1530, #1237, .T. ) ;
#522 = CARTESIAN_POINT ( 'NONE',  ( 956.2751908114512389, 46.45177473788543665, -642.4852372426781812 ) ) ;
#523 = CARTESIAN_POINT ( 'NONE',  ( 371.2568238928286632, 63.33695856770862775, 462.5000000000006821 ) ) ;
#524 = B_SPLINE_CURVE_WITH_KNOTS ( 'NONE', 3,
 ( #1786, #2015, #2162, #2335 ),
 .UNSPECIFIED., .F., .F.,
 ( 4, 4 ),
 ( 0.000000000000000000, 1.000000000000000000 ),
 .UNSPECIFIED. ) ;
#525 = CARTESIAN_POINT ( 'NONE',  ( 500.0000000000000000, 132.0000000000000568, -587.5000000000001137 ) ) ;
#526 = CARTESIAN_POINT ( 'NONE',  ( 50.11968812019445352, 132.0000000000002274, -667.9986720300489651 ) ) ;
#527 = CARTESIAN_POINT ( 'NONE',  ( -1083.056210785355916, 87.89436665279694694, 641.5060856701675220 ) ) ;
#528 = FACE_OUTER_BOUND ( 'NONE', #845, .T. ) ;
#529 = CARTESIAN_POINT ( 'NONE',  ( 922.9421478948313506, 131.9999999999999716, 649.6841800751213896 ) ) ;
#530 = CARTESIAN_POINT ( 'NONE',  ( 1008.007308768254006, 116.8894930946181603, 675.6238626845287172 ) ) ;
#531 = CARTESIAN_POINT ( 'NONE',  ( 1017.247344060096793, 132.0000000000000568, -675.0000000000002274 ) ) ;
#532 = LINE ( 'NONE', #583, #1359 ) ;
#533 = FACE_OUTER_BOUND ( 'NONE', #1597, .T. ) ;
#534 = SURFACE_SIDE_STYLE ('',( #337 ) ) ;
#535 = CARTESIAN_POINT ( 'NONE',  ( 1.517883041479706208E-12, 36.67766210682825090, 643.4643888151882720 ) ) ;
#536 = CARTESIAN_POINT ( 'NONE',  ( 583.0562107853559155, 87.89436665279694694, -554.0060856701675220 ) ) ;
#537 = AXIS2_PLACEMENT_3D ( 'NONE', #257, #1015, #1219 ) ;
#538 = PLANE ( 'NONE',  #1834 ) ;
#539 = B_SPLINE_CURVE_WITH_KNOTS ( 'NONE', 3,
 ( #2385, #1670, #503, #1286 ),
 .UNSPECIFIED., .F., .F.,
 ( 4, 4 ),
 ( 0.000000000000000000, 1.000000000000000000 ),
 .UNSPECIFIED. ) ;
#540 = CIRCLE ( 'NONE', #2167, 75.00000000000002842 ) ;
#541 = CARTESIAN_POINT ( 'NONE',  ( -624.9999999999996589, 132.0000000000000568, -462.5000000000005684 ) ) ;
#542 = AXIS2_PLACEMENT_3D ( 'NONE', #315, #1016, #2042 ) ;
#543 = CARTESIAN_POINT ( 'NONE',  ( 1124.999999999999773, 132.0000000000000568, 567.2473440600973618 ) ) ;
#544 = CARTESIAN_POINT ( 'NONE',  ( 375.0409774573152504, 65.39221202039959735, 479.7286456771752796 ) ) ;
#545 = LINE ( 'NONE', #1534, #548 ) ;
#546 = EDGE_CURVE ( 'NONE', #1803, #43, #1813, .T. ) ;
#547 = CARTESIAN_POINT ( 'NONE',  ( -882.0013279699501254, 132.0000000000002274, -75.11968812019506458 ) ) ;
#548 = VECTOR ( 'NONE', #1362, 1000000.000000000000 ) ;
#549 = CARTESIAN_POINT ( 'NONE',  ( -500.0000000000000000, 4.065758146820641628E-14, -479.6912489113324796 ) ) ;
#550 = PLANE ( 'NONE',  #1617 ) ;
#551 = CARTESIAN_POINT ( 'NONE',  ( 523.4811449513978232, 86.99974092845100415, -582.3838092410276204 ) ) ;
#552 = VECTOR ( 'NONE', #2310, 1000000.000000000000 ) ;
#553 = CARTESIAN_POINT ( 'NONE',  ( -1066.506801563773479, 3.666666666666690499, -567.2099472942543343 ) ) ;
#554 = CARTESIAN_POINT ( 'NONE',  ( -1000.000000000000000, 114.8342396419271978, 675.9357940267931326 ) ) ;
#555 = CARTESIAN_POINT ( 'NONE',  ( 375.0000000000003411, 132.0000000000000568, -462.5000000000006821 ) ) ;
#556 = CARTESIAN_POINT ( 'NONE',  ( -875.0000000000003411, 132.0000000000000568, 550.0000000000005684 ) ) ;
#557 = CARTESIAN_POINT ( 'NONE',  ( 482.7526559399032067, 132.0000000000000568, 587.5000000000002274 ) ) ;
#558 = LINE ( 'NONE', #266, #1392 ) ;
#559 = CARTESIAN_POINT ( 'NONE',  ( 999.9999999999985221, 6.943605863098891717, -600.6975847313879058 ) ) ;
#560 = FACE_OUTER_BOUND ( 'NONE', #1009, .T. ) ;
#561 = CARTESIAN_POINT ( 'NONE',  ( -999.9999999999985221, 6.943605863098891717, 600.6975847313879058 ) ) ;
#562 = CARTESIAN_POINT ( 'NONE',  ( -1017.247344060096793, 132.0000000000000568, -374.9999999999996589 ) ) ;
#563 = CARTESIAN_POINT ( 'NONE',  ( -1000.000000000000000, 4.065758146820641628E-14, -42.19124891133264299 ) ) ;
#564 = CARTESIAN_POINT ( 'NONE',  ( -1034.517794745244828, 132.0000000000000568, -150.0000000000003979 ) ) ;
#565 = ADVANCED_FACE ( 'NONE', ( #575 ), #1146, .F. ) ;
#566 = LINE ( 'NONE', #1441, #2219 ) ;
#567 = CARTESIAN_POINT ( 'NONE',  ( -375.0000000000003411, 132.0000000000000568, -462.5000000000005684 ) ) ;
#568 = CARTESIAN_POINT ( 'NONE',  ( -999.9999999999985221, 36.67766210682825090, 643.4643888151882720 ) ) ;
#569 = EDGE_CURVE ( 'NONE', #1727, #262, #1411, .T. ) ;
#570 = LINE ( 'NONE', #1652, #2248 ) ;
#571 = CARTESIAN_POINT ( 'NONE',  ( -544.7655861069230241, 108.8341101061527638, -581.4412406355380654 ) ) ;
#572 = CARTESIAN_POINT ( 'NONE',  ( 916.9437892146440845, 87.89436665279694694, 641.5060856701675220 ) ) ;
#573 = CARTESIAN_POINT ( 'NONE',  ( -984.7176170621155507, 124.2228264279514605, 675.3119313422645291 ) ) ;
#574 = B_SPLINE_CURVE_WITH_KNOTS ( 'NONE', 3,
 ( #1475, #297, #2172, #2353, #470, #2188, #2373 ),
 .UNSPECIFIED., .F., .F.,
 ( 4, 1, 1, 1, 4 ),
 ( 0.000000000000000000, 0.2500000000000000000, 0.5000000000000000000, 0.7500000000000000000, 1.000000000000000000 ),
 .UNSPECIFIED. ) ;
#575 = FACE_OUTER_BOUND ( 'NONE', #1043, .T. ) ;
#576 = EDGE_CURVE ( 'NONE', #1810, #25, #2257, .T. ) ;
#577 = B_SPLINE_CURVE_WITH_KNOTS ( 'NONE', 3,
 ( #1770, #1489, #197, #1937 ),
 .UNSPECIFIED., .F., .F.,
 ( 4, 4 ),
 ( 0.000000000000000000, 1.000000000000000000 ),
 .UNSPECIFIED. ) ;
#578 = FACE_OUTER_BOUND ( 'NONE', #1939, .T. ) ;
#579 = DIRECTION ( 'NONE',  ( -1.000000000000000000, -0.000000000000000000, -0.000000000000000000 ) ) ;
#580 = CARTESIAN_POINT ( 'NONE',  ( 500.0000000000000000, 4.065758146820641628E-14, 479.6912489113324796 ) ) ;
#581 = CARTESIAN_POINT ( 'NONE',  ( -1088.371012253783192, 131.9999999999999716, -113.3710199265073015 ) ) ;
#582 = SURFACE_STYLE_FILL_AREA ( #223 ) ;
#583 = CARTESIAN_POINT ( 'NONE',  ( -1124.999999999999773, 132.0000000000000000, 835.6746605856177439 ) ) ;
#584 = CARTESIAN_POINT ( 'NONE',  ( 499.9999999999986926, 80.99961139267641386, -583.3263778465170617 ) ) ;
#585 = VERTEX_POINT ( 'NONE', #23 ) ;
#586 = CARTESIAN_POINT ( 'NONE',  ( 875.0000000000003411, 132.0000000000000568, 550.0000000000006821 ) ) ;
#587 = CARTESIAN_POINT ( 'NONE',  ( -1000.000000000000000, 132.0000000000000568, 675.0000000000001137 ) ) ;
#588 = CARTESIAN_POINT ( 'NONE',  ( -875.0000000000003411, 132.0000000000000568, -25.00000000000071765 ) ) ;
#589 = COLOUR_RGB ( '',1.000000000000000000, 1.000000000000000000, 1.000000000000000000 ) ;
#590 = CARTESIAN_POINT ( 'NONE',  ( -1124.999999999999773, 132.0000000000000000, -25.00000000000082423 ) ) ;
#591 = CARTESIAN_POINT ( 'NONE',  ( -871.2568238928287201, 63.33695856770862775, 550.0000000000006821 ) ) ;
#592 = CARTESIAN_POINT ( 'NONE',  ( -875.0000000000003411, 132.0000000000000568, 550.0000000000005684 ) ) ;
#593 = CARTESIAN_POINT ( 'NONE',  ( 1000.000000000000000, 114.8342396419271978, -675.9357940267931326 ) ) ;
#594 = CARTESIAN_POINT ( 'NONE',  ( -1000.000000000000000, 4.065758146820641628E-14, -567.1912489113326501 ) ) ;
#595 =( LENGTH_UNIT ( ) NAMED_UNIT ( * ) SI_UNIT ( .MICRO., .METRE. ) );
#596 = EDGE_CURVE ( 'NONE', #818, #280, #1943, .T. ) ;
#597 = CARTESIAN_POINT ( 'NONE',  ( -455.2344138930770328, 108.8341101061527638, -581.4412406355380654 ) ) ;
#598 = CARTESIAN_POINT ( 'NONE',  ( 1000.000000000000000, 0.000000000000000000, -835.6746605856177439 ) ) ;
#599 = CARTESIAN_POINT ( 'NONE',  ( -965.4822052547551721, 132.0000000000000568, 675.0000000000002274 ) ) ;
#600 = CARTESIAN_POINT ( 'NONE',  ( -508.0073087682540063, 116.8894930946181603, 588.1238626845287172 ) ) ;
#601 = EDGE_CURVE ( 'NONE', #725, #253, #510, .T. ) ;
#602 = FILL_AREA_STYLE_COLOUR ( '', #1697 ) ;
#603 = ADVANCED_FACE ( 'NONE', ( #1417 ), #391, .T. ) ;
#604 = CARTESIAN_POINT ( 'NONE',  ( 999.9999999999987494, 80.99961139267641386, -670.8263778465170617 ) ) ;
#605 = CARTESIAN_POINT ( 'NONE',  ( 0.000000000000000000, 0.000000000000000000, 550.0000000000006821 ) ) ;
#606 = B_SPLINE_SURFACE_WITH_KNOTS ( 'NONE', 3, 1, ( 
 ( #1124, #1294 ),
 ( #2085, #145 ),
 ( #1917, #2176 ),
 ( #182, #961 ) ),
 .UNSPECIFIED., .F., .F., .F.,
 ( 4, 4 ),
 ( 2, 2 ),
 ( 0.000000000000000000, 1.000000000000000000 ),
 ( 0.000000000000000000, 1.000000000000000000 ),
 .UNSPECIFIED. ) ;
#607 = CARTESIAN_POINT ( 'NONE',  ( -422.9421478948311801, 131.9999999999999716, -562.1841800751213896 ) ) ;
#608 = MANIFOLD_SOLID_BREP ( 'Boss-Extrude6', #106 ) ;
#609 = CARTESIAN_POINT ( 'NONE',  ( -382.0013279699501254, 132.0000000000002274, 512.6196881201949509 ) ) ;
#610 = CARTESIAN_POINT ( 'NONE',  ( 553.4149416243948281, 0.000000000000000000, 462.5000000000006821 ) ) ;
#611 = CARTESIAN_POINT ( 'NONE',  ( -1112.723163433745867, 71.81725421348123461, -449.6876796760743673 ) ) ;
#612 = DIRECTION ( 'NONE',  ( 0.000000000000000000, 1.000000000000000000, 0.000000000000000000 ) ) ;
#613 = CARTESIAN_POINT ( 'NONE',  ( -500.0000000000000000, 0.000000000000000000, -462.5000000000006821 ) ) ;
#614 = CARTESIAN_POINT ( 'NONE',  ( -124.9999999999996732, 132.0000000000000568, -567.2473440600973618 ) ) ;
#615 = CARTESIAN_POINT ( 'NONE',  ( -1050.119688120194496, 132.0000000000002274, 667.9986720300489651 ) ) ;
#616 = CARTESIAN_POINT ( 'NONE',  ( -931.2350043546714460, 0.000000000000000000, -25.00000000000093436 ) ) ;
#617 = CARTESIAN_POINT ( 'NONE',  ( 1000.000000000001592, 6.943605863098891717, 600.6975847313879058 ) ) ;
#618 = CARTESIAN_POINT ( 'NONE',  ( 1088.371012253783192, 131.9999999999999716, 638.3710199265071878 ) ) ;
#619 = AXIS2_PLACEMENT_3D ( 'NONE', #144, #1506, #1936 ) ;
#620 = CARTESIAN_POINT ( 'NONE',  ( 124.9999999999996732, 132.0000000000000568, 550.0000000000005684 ) ) ;
#621 = CARTESIAN_POINT ( 'NONE',  ( -482.7526559399032067, 132.0000000000000568, -587.5000000000002274 ) ) ;
#622 = B_SPLINE_SURFACE_WITH_KNOTS ( 'NONE', 3, 3, ( 
 ( #2136, #2298, #1672, #2486 ),
 ( #426, #953, #2264, #543 ),
 ( #396, #996, #1206, #155 ),
 ( #2270, #2115, #1471, #2455 ),
 ( #1653, #190, #705, #2096 ),
 ( #369, #530, #910, #1484 ),
 ( #1931, #1172, #1335, #2148 ) ),
 .UNSPECIFIED., .F., .F., .F.,
 ( 4, 1, 1, 1, 4 ),
 ( 4, 4 ),
 ( 0.000000000000000000, 0.2500000000000000000, 0.5000000000000000000, 0.7500000000000000000, 1.000000000000000000 ),
 ( 0.000000000000000000, 1.000000000000000000 ),
 .UNSPECIFIED. ) ;
#623 = LINE ( 'NONE', #24, #1402 ) ;
#624 = CARTESIAN_POINT ( 'NONE',  ( 1068.764995645328554, 0.000000000000000000, -550.0000000000007958 ) ) ;
#625 = CARTESIAN_POINT ( 'NONE',  ( -1124.959022542684806, 65.39221202039959735, 567.2286456771752228 ) ) ;
#626 = CARTESIAN_POINT ( 'NONE',  ( -1043.724809188548761, 46.45177473788543665, -407.5147627573218188 ) ) ;
#627 = B_SPLINE_CURVE_WITH_KNOTS ( 'NONE', 3,
 ( #54, #810, #616, #456 ),
 .UNSPECIFIED., .F., .F.,
 ( 4, 4 ),
 ( 0.000000000000000000, 1.000000000000000000 ),
 .UNSPECIFIED. ) ;
#628 = FILL_AREA_STYLE ('',( #42 ) ) ;
#629 = CARTESIAN_POINT ( 'NONE',  ( 124.9999999999996732, 132.0000000000000568, -550.0000000000006821 ) ) ;
#630 = EDGE_CURVE ( 'NONE', #61, #1084, #532, .T. ) ;
#631 = FACE_OUTER_BOUND ( 'NONE', #2412, .T. ) ;
#632 = CARTESIAN_POINT ( 'NONE',  ( -500.0000000000000000, 132.0000000000000853, -587.5000000000000000 ) ) ;
#633 = CARTESIAN_POINT ( 'NONE',  ( -44.76558610692297435, 108.8341101061527638, -668.9412406355381790 ) ) ;
#634 = CARTESIAN_POINT ( 'NONE',  ( -1000.000000000001592, 36.67766210682825090, -406.5356111848117280 ) ) ;
#635 = CARTESIAN_POINT ( 'NONE',  ( -1017.247344060096793, 132.0000000000000568, 675.0000000000002274 ) ) ;
#636 = CARTESIAN_POINT ( 'NONE',  ( 624.9999999999996589, 132.0000000000000568, 462.5000000000005684 ) ) ;
#637 = CARTESIAN_POINT ( 'NONE',  ( 499.9999999999984652, 6.943605863098891717, -513.1975847313879058 ) ) ;
#638 = ORIENTED_EDGE ( 'NONE', *, *, #1754, .F. ) ;
#639 = CARTESIAN_POINT ( 'NONE',  ( 499.9999999999984652, 36.67766210682825090, 555.9643888151881583 ) ) ;
#640 = ORIENTED_EDGE ( 'NONE', *, *, #2275, .F. ) ;
#641 = CARTESIAN_POINT ( 'NONE',  ( -433.4931984362265212, 3.666666666666690499, 479.7099472942542775 ) ) ;
#642 = CARTESIAN_POINT ( 'NONE',  ( 500.0000000000000000, 0.000000000000000000, 462.5000000000006821 ) ) ;
#643 = ADVANCED_FACE ( 'NONE', ( #533 ), #1080, .T. ) ;
#644 = CARTESIAN_POINT ( 'NONE',  ( -550.1196881201944962, 132.0000000000002274, 580.4986720300489651 ) ) ;
#645 = CARTESIAN_POINT ( 'NONE',  ( 8.007308768253999176, 116.8894930946181603, 675.6238626845287172 ) ) ;
#646 = ORIENTED_EDGE ( 'NONE', *, *, #1130, .T. ) ;
#647 = CARTESIAN_POINT ( 'NONE',  ( 1124.999999999999773, 132.0000000000000568, -567.2473440600973618 ) ) ;
#648 = DIRECTION ( 'NONE',  ( -0.000000000000000000, 1.000000000000000000, -0.000000000000000000 ) ) ;
#649 = CARTESIAN_POINT ( 'NONE',  ( -999.9999999999985221, 36.67766210682825090, -118.4643888151883573 ) ) ;
#650 = CARTESIAN_POINT ( 'NONE',  ( -875.0000000000003411, 132.0000000000000568, -482.7526559399025814 ) ) ;
#651 = ORIENTED_EDGE ( 'NONE', *, *, #1916, .F. ) ;
#652 = B_SPLINE_CURVE_WITH_KNOTS ( 'NONE', 3,
 ( #1449, #1135, #2192, #1282, #316 ),
 .UNSPECIFIED., .F., .F.,
 ( 4, 1, 4 ),
 ( 0.000000000000000000, 0.5000000282588306089, 1.000000000000000000 ),
 .UNSPECIFIED. ) ;
#653 = CARTESIAN_POINT ( 'NONE',  ( -523.4811449513978232, 86.99974092845100415, 582.3838092410276204 ) ) ;
#654 = CARTESIAN_POINT ( 'NONE',  ( -875.0000000000003411, 132.0000000000000568, -499.9999999999992610 ) ) ;
#655 = VERTEX_POINT ( 'NONE', #2203 ) ;
#656 =( GEOMETRIC_REPRESENTATION_CONTEXT ( 3 ) GLOBAL_UNCERTAINTY_ASSIGNED_CONTEXT ( ( #714 ) ) GLOBAL_UNIT_ASSIGNED_CONTEXT ( ( #301, #1644, #1059 ) ) REPRESENTATION_CONTEXT ( 'NONE', 'WORKASPACE' ) );
#657 = CARTESIAN_POINT ( 'NONE',  ( 559.6566374106807871, 15.62907057539932687, 513.0049525276571103 ) ) ;
#658 = ORIENTED_EDGE ( 'NONE', *, *, #1880, .T. ) ;
#659 = CARTESIAN_POINT ( 'NONE',  ( 1043.724809188548761, 46.45177473788543665, -642.4852372426781812 ) ) ;
#660 = CARTESIAN_POINT ( 'NONE',  ( -1124.999999999999773, 132.0000000000000568, -835.6746605856178576 ) ) ;
#661 = EDGE_CURVE ( 'NONE', #2309, #1104, #540, .T. ) ;
#662 = DIRECTION ( 'NONE',  ( -0.000000000000000000, -0.000000000000000000, 1.000000000000000000 ) ) ;
#663 = CARTESIAN_POINT ( 'NONE',  ( 23.48114495139778413, 86.99974092845100415, 669.8838092410276204 ) ) ;
#664 = ORIENTED_EDGE ( 'NONE', *, *, #451, .F. ) ;
#665 = DIRECTION ( 'NONE',  ( -0.000000000000000000, -0.000000000000000000, 1.000000000000000000 ) ) ;
#666 = ORIENTED_EDGE ( 'NONE', *, *, #2256, .T. ) ;
#667 = CARTESIAN_POINT ( 'NONE',  ( 936.0194239843539208, 132.0000000000000568, -662.7961171618111393 ) ) ;
#668 = EDGE_LOOP ( 'NONE', ( #193, #44, #2359, #872 ) ) ;
#669 = B_SPLINE_CURVE_WITH_KNOTS ( 'NONE', 3,
 ( #1007, #774, #2158, #2132, #1028 ),
 .UNSPECIFIED., .F., .F.,
 ( 4, 1, 4 ),
 ( 0.000000000000000000, 0.5000000282588303868, 1.000000000000000000 ),
 .UNSPECIFIED. ) ;
#670 = CARTESIAN_POINT ( 'NONE',  ( 583.0562107853559155, 87.89436665279694694, 554.0060856701675220 ) ) ;
#671 = EDGE_LOOP ( 'NONE', ( #1067, #1385 ) ) ;
#672 = CARTESIAN_POINT ( 'NONE',  ( -1000.000000000001364, 80.99961139267641386, -670.8263778465171754 ) ) ;
#673 = CARTESIAN_POINT ( 'NONE',  ( 553.4149416243948281, 0.000000000000000000, -462.5000000000006821 ) ) ;
#674 = CARTESIAN_POINT ( 'NONE',  ( -577.0578521051689904, 131.9999999999999716, 562.1841800751213896 ) ) ;
#675 = CARTESIAN_POINT ( 'NONE',  ( 124.9590225426847354, 65.39221202039959735, -567.2286456771752228 ) ) ;
#676 = ORIENTED_EDGE ( 'NONE', *, *, #601, .F. ) ;
#677 = CARTESIAN_POINT ( 'NONE',  ( -1000.000000000000000, 0.000000000000000000, -25.00000000000082423 ) ) ;
#678 = ORIENTED_EDGE ( 'NONE', *, *, #289, .T. ) ;
#679 = CARTESIAN_POINT ( 'NONE',  ( -976.5188550486022905, 86.99974092845100415, -144.8838092410277625 ) ) ;
#680 = CARTESIAN_POINT ( 'NONE',  ( 887.2768365662542465, 71.81725421348123461, -600.3123203239255190 ) ) ;
#681 = CARTESIAN_POINT ( 'NONE',  ( -8.007308768253999176, 116.8894930946181603, 675.6238626845287172 ) ) ;
#682 = EDGE_CURVE ( 'NONE', #915, #1950, #1085, .T. ) ;
#683 = CARTESIAN_POINT ( 'NONE',  ( 875.0000000000003411, 132.0000000000000568, 550.0000000000006821 ) ) ;
#684 = EDGE_LOOP ( 'NONE', ( #1972, #1732, #1657, #1945 ) ) ;
#685 = EDGE_CURVE ( 'NONE', #296, #915, #1076, .T. ) ;
#686 = ORIENTED_EDGE ( 'NONE', *, *, #394, .T. ) ;
#687 = DIRECTION ( 'NONE',  ( 0.000000000000000000, 0.000000000000000000, 1.000000000000000000 ) ) ;
#688 = DIRECTION ( 'NONE',  ( 0.000000000000000000, 0.000000000000000000, -1.000000000000000000 ) ) ;
#689 = B_SPLINE_SURFACE_WITH_KNOTS ( 'NONE', 3, 3, ( 
 ( #824, #1822, #1609, #2478 ),
 ( #1751, #1776, #1559, #2328 ),
 ( #270, #447, #611, #801 ),
 ( #1800, #626, #1994, #1407 ),
 ( #1072, #221, #1595, #2183 ),
 ( #2365, #1846, #64, #1262 ),
 ( #1428, #420, #762, #985 ) ),
 .UNSPECIFIED., .F., .F., .F.,
 ( 4, 1, 1, 1, 4 ),
 ( 4, 4 ),
 ( 0.000000000000000000, 0.2500000000000000000, 0.5000000000000000000, 0.7500000000000000000, 1.000000000000000000 ),
 ( 0.000000000000000000, 1.000000000000000000 ),
 .UNSPECIFIED. ) ;
#690 = CARTESIAN_POINT ( 'NONE',  ( -999.9999999999987494, 80.99961139267641386, -379.1736221534828246 ) ) ;
#691 = CARTESIAN_POINT ( 'NONE',  ( 43.72480918854882503, 46.45177473788543665, -642.4852372426781812 ) ) ;
#692 = VERTEX_POINT ( 'NONE', #1433 ) ;
#693 = CARTESIAN_POINT ( 'NONE',  ( -946.5850583756052856, 0.000000000000000000, -550.0000000000007958 ) ) ;
#694 = ORIENTED_EDGE ( 'NONE', *, *, #201, .F. ) ;
#695 = CARTESIAN_POINT ( 'NONE',  ( -1053.414941624394942, 0.000000000000000000, -25.00000000000082423 ) ) ;
#696 = CARTESIAN_POINT ( 'NONE',  ( 991.9926912317459937, 116.8894930946181603, -675.6238626845287172 ) ) ;
#697 = DIRECTION ( 'NONE',  ( 0.000000000000000000, 0.000000000000000000, -1.000000000000000000 ) ) ;
#698 = CARTESIAN_POINT ( 'NONE',  ( 931.2350043546714460, 0.000000000000000000, 550.0000000000007958 ) ) ;
#699 = EDGE_LOOP ( 'NONE', ( #942, #1508, #1516, #83 ) ) ;
#700 = ORIENTED_EDGE ( 'NONE', *, *, #943, .F. ) ;
#701 = CARTESIAN_POINT ( 'NONE',  ( -1124.999999999999773, 132.0000000000000568, -567.2473440600974754 ) ) ;
#702 = CARTESIAN_POINT ( 'NONE',  ( -1000.000000000000000, 132.0000000000000568, 675.0000000000002274 ) ) ;
#703 = B_SPLINE_CURVE_WITH_KNOTS ( 'NONE', 3,
 ( #870, #1414, #2390, #94, #330 ),
 .UNSPECIFIED., .F., .F.,
 ( 4, 1, 4 ),
 ( 0.000000000000000000, 0.5000000282588303868, 1.000000000000000000 ),
 .UNSPECIFIED. ) ;
#704 = CARTESIAN_POINT ( 'NONE',  ( 911.6289877462169216, 131.9999999999999716, 638.3710199265071878 ) ) ;
#705 = CARTESIAN_POINT ( 'NONE',  ( 1044.765586106922910, 108.8341101061527638, 668.9412406355381790 ) ) ;
#706 = CARTESIAN_POINT ( 'NONE',  ( 371.2568238928286632, 63.33695856770862775, 462.5000000000001137 ) ) ;
#707 = ORIENTED_EDGE ( 'NONE', *, *, #1177, .T. ) ;
#708 = PRODUCT ( 'EPC2204', 'EPC2204', '', ( #1289 ) ) ;
#709 =( GEOMETRIC_REPRESENTATION_CONTEXT ( 3 ) GLOBAL_UNCERTAINTY_ASSIGNED_CONTEXT ( ( #1614 ) ) GLOBAL_UNIT_ASSIGNED_CONTEXT ( ( #1940, #198, #1179 ) ) REPRESENTATION_CONTEXT ( 'NONE', 'WORKASPACE' ) );
#710 = ORIENTED_EDGE ( 'NONE', *, *, #2275, .T. ) ;
#711 = MANIFOLD_SOLID_BREP ( 'Boss-Extrude4', #224 ) ;
#712 = CARTESIAN_POINT ( 'NONE',  ( -911.6289877462169216, 131.9999999999999716, -113.3710199265073015 ) ) ;
#713 = EDGE_CURVE ( 'NONE', #585, #1900, #362, .T. ) ;
#714 = UNCERTAINTY_MEASURE_WITH_UNIT (LENGTH_MEASURE( 1.000000000000000082E-05 ), #301, 'distance_accuracy_value', 'NONE');
#715 = CARTESIAN_POINT ( 'NONE',  ( 550.1196881201944962, 132.0000000000002274, -580.4986720300489651 ) ) ;
#716 = ORIENTED_EDGE ( 'NONE', *, *, #277, .F. ) ;
#717 = EDGE_CURVE ( 'NONE', #1057, #1756, #2263, .T. ) ;
#718 = VERTEX_POINT ( 'NONE', #727 ) ;
#719 = CARTESIAN_POINT ( 'NONE',  ( -1088.371012253783192, 131.9999999999999716, -638.3710199265073015 ) ) ;
#720 = CARTESIAN_POINT ( 'NONE',  ( -1040.000000000000227, 638.0000000000000000, -615.0000000000000000 ) ) ;
#721 = CARTESIAN_POINT ( 'NONE',  ( -500.0000000000000000, 4.065758146820641628E-14, -479.6912489113324796 ) ) ;
#722 = CARTESIAN_POINT ( 'NONE',  ( -916.9437892146440845, 87.89436665279694694, 641.5060856701675220 ) ) ;
#723 = CARTESIAN_POINT ( 'NONE',  ( 499.9999999999984652, 6.943605863098891717, 513.1975847313879058 ) ) ;
#724 = EDGE_LOOP ( 'NONE', ( #233, #1794, #1486, #1868 ) ) ;
#725 = VERTEX_POINT ( 'NONE', #1478 ) ;
#726 = CARTESIAN_POINT ( 'NONE',  ( -1000.000000000000000, 0.000000000000000000, -25.00000000000082423 ) ) ;
#727 = CARTESIAN_POINT ( 'NONE',  ( 1124.999999999999773, 132.0000000000000568, -550.0000000000006821 ) ) ;
#728 = CARTESIAN_POINT ( 'NONE',  ( 500.0000000000000000, 132.0000000000000853, -587.4999999999998863 ) ) ;
#729 = ORIENTED_EDGE ( 'NONE', *, *, #2012, .T. ) ;
#730 = B_SPLINE_CURVE_WITH_KNOTS ( 'NONE', 3,
 ( #236, #2471, #604, #33, #559, #2137, #795 ),
 .UNSPECIFIED., .F., .F.,
 ( 4, 1, 1, 1, 4 ),
 ( 0.000000000000000000, 0.2500000000000000000, 0.5000000000000000000, 0.7500000000000000000, 1.000000000000000000 ),
 .UNSPECIFIED. ) ;
#731 = AXIS2_PLACEMENT_3D ( 'NONE', #276, #1218, #2281 ) ;
#732 = ORIENTED_EDGE ( 'NONE', *, *, #399, .T. ) ;
#733 = CARTESIAN_POINT ( 'NONE',  ( 1017.247344060096793, 132.0000000000000568, -675.0000000000002274 ) ) ;
#734 = CARTESIAN_POINT ( 'NONE',  ( -375.0000000000003411, 132.0000000000000000, 462.5000000000006821 ) ) ;
#735 = ADVANCED_FACE ( 'NONE', ( #203 ), #759, .T. ) ;
#736 = CARTESIAN_POINT ( 'NONE',  ( 871.2568238928287201, 63.33695856770862775, 550.0000000000001137 ) ) ;
#737 = CARTESIAN_POINT ( 'NONE',  ( -1000.000000000000000, 4.065758146820641628E-14, 567.1912489113325364 ) ) ;
#738 = CARTESIAN_POINT ( 'NONE',  ( 500.0000000000000000, 132.0000000000000853, 587.5000000000000000 ) ) ;
#739 = ORIENTED_EDGE ( 'NONE', *, *, #2151, .F. ) ;
#740 = CARTESIAN_POINT ( 'NONE',  ( 1000.000000000000000, 132.0000000000000568, 550.0000000000005684 ) ) ;
#741 = EDGE_CURVE ( 'NONE', #200, #1727, #939, .T. ) ;
#742 = CLOSED_SHELL ( 'NONE', ( #475, #1995, #1419, #770, #312, #2285, #1529 ) ) ;
#743 = UNCERTAINTY_MEASURE_WITH_UNIT (LENGTH_MEASURE( 1.000000000000000082E-05 ), #2240, 'distance_accuracy_value', 'NONE');
#744 = SURFACE_STYLE_USAGE ( .BOTH. , #534 ) ;
#745 = CARTESIAN_POINT ( 'NONE',  ( -1250.000000000000227, 132.0000000000000568, 750.0000000000000000 ) ) ;
#746 = CARTESIAN_POINT ( 'NONE',  ( -882.0013279699501254, 132.0000000000002274, -600.1196881201950646 ) ) ;
#747 = ORIENTED_EDGE ( 'NONE', *, *, #1130, .F. ) ;
#748 = VERTEX_POINT ( 'NONE', #1150 ) ;
#749 = CARTESIAN_POINT ( 'NONE',  ( -500.0000000000000000, 132.0000000000000568, -587.5000000000001137 ) ) ;
#750 = CARTESIAN_POINT ( 'NONE',  ( -500.0000000000000000, 132.0000000000000568, -587.5000000000001137 ) ) ;
#751 = CARTESIAN_POINT ( 'NONE',  ( 1000.000000000000000, 132.0000000000000853, 674.9999999999998863 ) ) ;
#752 = CARTESIAN_POINT ( 'NONE',  ( -982.7526559399032067, 132.0000000000000568, 675.0000000000002274 ) ) ;
#753 = ORIENTED_EDGE ( 'NONE', *, *, #141, .T. ) ;
#754 = B_SPLINE_CURVE_WITH_KNOTS ( 'NONE', 3,
 ( #2035, #1593, #2182, #2363, #1227, #1388, #1607 ),
 .UNSPECIFIED., .F., .F.,
 ( 4, 1, 1, 1, 4 ),
 ( 0.000000000000000000, 0.2500000000000000000, 0.5000000000000000000, 0.7500000000000000000, 1.000000000000000000 ),
 .UNSPECIFIED. ) ;
#755 = ADVANCED_FACE ( 'NONE', ( #1743 ), #488, .F. ) ;
#756 = CARTESIAN_POINT ( 'NONE',  ( -875.0000000000003411, 132.0000000000000000, -499.9999999999992610 ) ) ;
#757 = CARTESIAN_POINT ( 'NONE',  ( 500.0000000000000000, 114.8342396419271978, 588.4357940267931326 ) ) ;
#758 = CARTESIAN_POINT ( 'NONE',  ( -1066.506801563773479, 3.666666666666690499, -42.20994729425440539 ) ) ;
#759 = B_SPLINE_SURFACE_WITH_KNOTS ( 'NONE', 3, 3, ( 
 ( #1661, #1136, #1919, #2120 ),
 ( #1295, #1125, #183, #1162 ),
 ( #346, #963, #2277, #1491 ),
 ( #535, #401, #918, #2427 ),
 ( #1461, #1633, #2086, #938 ),
 ( #1509, #681, #2101, #361 ),
 ( #1963, #899, #2255, #146 ) ),
 .UNSPECIFIED., .F., .F., .F.,
 ( 4, 1, 1, 1, 4 ),
 ( 4, 4 ),
 ( 0.000000000000000000, 0.2500000000000000000, 0.5000000000000000000, 0.7500000000000000000, 1.000000000000000000 ),
 ( 0.000000000000000000, 1.000000000000000000 ),
 .UNSPECIFIED. ) ;
#760 = CARTESIAN_POINT ( 'NONE',  ( -940.3433625893192129, 15.62907057539932687, -600.5049525276572240 ) ) ;
#761 = B_SPLINE_CURVE_WITH_KNOTS ( 'NONE', 3,
 ( #319, #1424, #1439, #1464, #1274, #1648, #2047 ),
 .UNSPECIFIED., .F., .F.,
 ( 4, 1, 1, 1, 4 ),
 ( 0.000000000000000000, 0.2500000000000000000, 0.5000000000000000000, 0.7500000000000000000, 1.000000000000000000 ),
 .UNSPECIFIED. ) ;
#762 = CARTESIAN_POINT ( 'NONE',  ( -1000.000000000000000, 132.0000000000000568, -374.9999999999997726 ) ) ;
#763 = CARTESIAN_POINT ( 'NONE',  ( -588.3710122537830784, 131.9999999999999716, -550.8710199265071878 ) ) ;
#764 = CARTESIAN_POINT ( 'NONE',  ( 1249.999999999999773, 132.0000000000000568, 750.0000000000000000 ) ) ;
#765 = CARTESIAN_POINT ( 'NONE',  ( 431.2350043546714460, 0.000000000000000000, -462.5000000000007958 ) ) ;
#766 = EDGE_CURVE ( 'NONE', #1727, #862, #1806, .T. ) ;
#767 = CARTESIAN_POINT ( 'NONE',  ( 991.9926912317459937, 116.8894930946181603, 675.6238626845287172 ) ) ;
#768 = CARTESIAN_POINT ( 'NONE',  ( -1000.000000000000000, 132.0000000000000568, 675.0000000000001137 ) ) ;
#769 = CARTESIAN_POINT ( 'NONE',  ( 491.9926912317459937, 116.8894930946181603, -588.1238626845287172 ) ) ;
#770 = ADVANCED_FACE ( 'NONE', ( #946 ), #932, .F. ) ;
#771 = CARTESIAN_POINT ( 'NONE',  ( 500.0000000000013074, 80.99961139267641386, 583.3263778465170617 ) ) ;
#772 = CARTESIAN_POINT ( 'NONE',  ( 1008.007308768254006, 116.8894930946181603, -675.6238626845287172 ) ) ;
#773 = CARTESIAN_POINT ( 'NONE',  ( -875.0409774573153072, 65.39221202039959735, -567.2286456771753365 ) ) ;
#774 = CARTESIAN_POINT ( 'NONE',  ( 900.3158199248794062, 131.9999999999999432, 627.0578521051698999 ) ) ;
#775 = B_SPLINE_CURVE_WITH_KNOTS ( 'NONE', 3,
 ( #2254, #1264, #2143, #450, #629 ),
 .UNSPECIFIED., .F., .F.,
 ( 4, 1, 4 ),
 ( 0.000000000000000000, 0.5000000282588300538, 1.000000000000000000 ),
 .UNSPECIFIED. ) ;
#776 = CARTESIAN_POINT ( 'NONE',  ( -1040.000000000000227, 375.8679656440357348, -540.0000000000000000 ) ) ;
#777 = CARTESIAN_POINT ( 'NONE',  ( -500.0000000000000000, 114.8342396419271978, -588.4357940267931326 ) ) ;
#778 = CARTESIAN_POINT ( 'NONE',  ( -523.4811449513978232, 86.99974092845100415, -582.3838092410276204 ) ) ;
#779 = CARTESIAN_POINT ( 'NONE',  ( 1000.000000000000000, 0.000000000000000000, 550.0000000000006821 ) ) ;
#780 = CARTESIAN_POINT ( 'NONE',  ( -911.6289877462169216, 131.9999999999999716, 638.3710199265071878 ) ) ;
#781 = CARTESIAN_POINT ( 'NONE',  ( -1088.371012253783192, 131.9999999999999716, 638.3710199265071878 ) ) ;
#782 = CARTESIAN_POINT ( 'NONE',  ( -1088.371012253783192, 131.9999999999999716, -411.6289800734927553 ) ) ;
#783 = CARTESIAN_POINT ( 'NONE',  ( 66.50680156377350727, 3.666666666666690499, 567.2099472942542207 ) ) ;
#784 = DIRECTION ( 'NONE',  ( 0.000000000000000000, 1.000000000000000000, 0.000000000000000000 ) ) ;
#785 = CARTESIAN_POINT ( 'NONE',  ( -500.0000000000000000, 114.8342396419271978, 588.4357940267931326 ) ) ;
#786 = CARTESIAN_POINT ( 'NONE',  ( 500.0000000000000000, 0.000000000000000000, 462.5000000000006821 ) ) ;
#787 = ADVANCED_FACE ( 'NONE', ( #109 ), #982, .T. ) ;
#788 = DIRECTION ( 'NONE',  ( 0.000000000000000000, 0.000000000000000000, 1.000000000000000000 ) ) ;
#789 = EDGE_CURVE ( 'NONE', #725, #1738, #2213, .T. ) ;
#790 = CARTESIAN_POINT ( 'NONE',  ( -371.2568238928286632, 63.33695856770862775, -462.5000000000001137 ) ) ;
#791 = DIRECTION ( 'NONE',  ( -0.000000000000000000, -0.000000000000000000, 1.000000000000000000 ) ) ;
#792 = PLANE ( 'NONE',  #542 ) ;
#793 = EDGE_CURVE ( 'NONE', #102, #61, #1879, .T. ) ;
#794 = CARTESIAN_POINT ( 'NONE',  ( -88.37101225378312108, 131.9999999999999716, 638.3710199265071878 ) ) ;
#795 = CARTESIAN_POINT ( 'NONE',  ( 1000.000000000000000, 0.000000000000000000, -550.0000000000006821 ) ) ;
#796 = VERTEX_POINT ( 'NONE', #1591 ) ;
#797 = CARTESIAN_POINT ( 'NONE',  ( -931.2350043546714460, 0.000000000000000000, 550.0000000000006821 ) ) ;
#798 = CARTESIAN_POINT ( 'NONE',  ( 53.41494162439477833, 0.000000000000000000, 550.0000000000006821 ) ) ;
#799 = DIRECTION ( 'NONE',  ( 0.000000000000000000, -0.000000000000000000, -1.000000000000000000 ) ) ;
#800 = EDGE_LOOP ( 'NONE', ( #60, #260, #36, #909 ) ) ;
#801 = CARTESIAN_POINT ( 'NONE',  ( -1117.998672030049875, 132.0000000000002274, -449.8803118798049923 ) ) ;
#802 = CARTESIAN_POINT ( 'NONE',  ( -1000.000000000000000, 132.0000000000000568, -374.9999999999997726 ) ) ;
#803 = CARTESIAN_POINT ( 'NONE',  ( -124.9999999999996732, 132.0000000000000568, -550.0000000000006821 ) ) ;
#804 = CARTESIAN_POINT ( 'NONE',  ( 0.000000000000000000, 132.0000000000000568, 675.0000000000001137 ) ) ;
#805 = CARTESIAN_POINT ( 'NONE',  ( -500.0000000000000000, 132.0000000000000853, -587.4999999999998863 ) ) ;
#806 = ORIENTED_EDGE ( 'NONE', *, *, #596, .T. ) ;
#807 = CARTESIAN_POINT ( 'NONE',  ( -1090.896919639776570, 39.10897761384791238, 550.0000000000006821 ) ) ;
#808 = CARTESIAN_POINT ( 'NONE',  ( -1000.000000000000000, 4.065758146820641628E-14, -482.8087510886674067 ) ) ;
#809 = CARTESIAN_POINT ( 'NONE',  ( -931.2350043546714460, 0.000000000000000000, -25.00000000000093436 ) ) ;
#810 = CARTESIAN_POINT ( 'NONE',  ( -871.2568238928287201, 63.33695856770862775, -25.00000000000028066 ) ) ;
#811 = VERTEX_POINT ( 'NONE', #1818 ) ;
#812 = STYLED_ITEM ( 'NONE', ( #329 ), #1987 ) ;
#814 = ORIENTED_EDGE ( 'NONE', *, *, #546, .F. ) ;
#813 = CARTESIAN_POINT ( 'NONE',  ( 1088.371012253783192, 131.9999999999999716, 638.3710199265071878 ) ) ;
#815 = B_SPLINE_CURVE_WITH_KNOTS ( 'NONE', 3,
 ( #1890, #2095, #154, #1301 ),
 .UNSPECIFIED., .F., .F.,
 ( 4, 4 ),
 ( 0.000000000000000000, 1.000000000000000000 ),
 .UNSPECIFIED. ) ;
#816 = B_SPLINE_SURFACE_WITH_KNOTS ( 'NONE', 3, 3, ( 
 ( #2268, #418, #2308, #1921 ),
 ( #594, #1197, #773, #2449 ),
 ( #1662, #760, #984, #746 ),
 ( #1726, #432, #1993, #2112 ),
 ( #1151, #1356, #966, #1544 ),
 ( #2439, #1748, #1981, #2140 ),
 ( #2131, #2102, #1005, #2496 ) ),
 .UNSPECIFIED., .F., .F., .F.,
 ( 4, 1, 1, 1, 4 ),
 ( 4, 4 ),
 ( 0.000000000000000000, 0.2500000000000000000, 0.5000000000000000000, 0.7500000000000000000, 1.000000000000000000 ),
 ( 0.000000000000000000, 1.000000000000000000 ),
 .UNSPECIFIED. ) ;
#817 = CARTESIAN_POINT ( 'NONE',  ( 500.0000000000000000, 4.065758146820641628E-14, -479.6912489113324796 ) ) ;
#818 = VERTEX_POINT ( 'NONE', #2019 ) ;
#819 = ORIENTED_EDGE ( 'NONE', *, *, #521, .F. ) ;
#820 = MECHANICAL_DESIGN_GEOMETRIC_PRESENTATION_REPRESENTATION (  '', ( #390 ), #2273 ) ;
#821 = CARTESIAN_POINT ( 'NONE',  ( -456.2751908114511821, 46.45177473788543665, 554.9852372426780676 ) ) ;
#822 = DIRECTION ( 'NONE',  ( 0.000000000000000000, -1.000000000000000000, 0.000000000000000000 ) ) ;
#823 = ORIENTED_EDGE ( 'NONE', *, *, #1621, .T. ) ;
#824 = CARTESIAN_POINT ( 'NONE',  ( -1000.000000000000000, 0.000000000000000000, -499.9999999999992610 ) ) ;
#825 = ORIENTED_EDGE ( 'NONE', *, *, #2429, .F. ) ;
#826 = EDGE_CURVE ( 'NONE', #921, #2425, #1792, .T. ) ;
#827 = CARTESIAN_POINT ( 'NONE',  ( 117.9986720300499030, 132.0000000000002274, -600.1196881201949509 ) ) ;
#828 = CARTESIAN_POINT ( 'NONE',  ( -1128.743176107171394, 63.33695856770862775, -499.9999999999992610 ) ) ;
#829 = DIRECTION ( 'NONE',  ( 1.000000000000000000, 0.000000000000000000, -0.000000000000000000 ) ) ;
#830 = ORIENTED_EDGE ( 'NONE', *, *, #1210, .F. ) ;
#831 = ORIENTED_EDGE ( 'NONE', *, *, #501, .F. ) ;
#832 = CARTESIAN_POINT ( 'NONE',  ( 1.517883041479706208E-12, 36.67766210682825090, -643.4643888151882720 ) ) ;
#833 = CARTESIAN_POINT ( 'NONE',  ( -991.9926912317459937, 116.8894930946181603, -374.3761373154712260 ) ) ;
#834 = CARTESIAN_POINT ( 'NONE',  ( -63.98057601564617158, 132.0000000000000568, -662.7961171618111393 ) ) ;
#835 = ORIENTED_EDGE ( 'NONE', *, *, #1390, .T. ) ;
#837 = ORIENTED_EDGE ( 'NONE', *, *, #1885, .F. ) ;
#836 = PLANE ( 'NONE',  #2291 ) ;
#838 = B_SPLINE_SURFACE_WITH_KNOTS ( 'NONE', 3, 3, ( 
 ( #427, #809, #2190, #588 ),
 ( #1220, #1569, #2375, #1207 ),
 ( #1787, #1365, #1551, #2016 ),
 ( #1762, #278, #455, #1038 ),
 ( #1234, #679, #1160, #2100 ),
 ( #895, #914, #1680, #520 ),
 ( #496, #1293, #359, #343 ) ),
 .UNSPECIFIED., .F., .F., .F.,
 ( 4, 1, 1, 1, 4 ),
 ( 4, 4 ),
 ( 0.000000000000000000, 0.2500000000000000000, 0.5000000000000000000, 0.7500000000000000000, 1.000000000000000000 ),
 ( 0.000000000000000000, 1.000000000000000000 ),
 .UNSPECIFIED. ) ;
#839 = ADVANCED_BREP_SHAPE_REPRESENTATION ( 'EPC2204', ( #1487, #1860, #711, #1171, #1987, #1970, #1505, #608, #2269 ), #1374 ) ;
#840 = ORIENTED_EDGE ( 'NONE', *, *, #1561, .F. ) ;
#841 = EDGE_LOOP ( 'NONE', ( #57, #1695, #896, #78 ) ) ;
#842 = CARTESIAN_POINT ( 'NONE',  ( 500.0000000000000000, 0.000000000000000000, 462.5000000000006821 ) ) ;
#843 = CARTESIAN_POINT ( 'NONE',  ( 1083.056210785355916, 87.89436665279694694, -641.5060856701675220 ) ) ;
#844 = DIRECTION ( 'NONE',  ( -0.000000000000000000, -0.000000000000000000, 1.000000000000000000 ) ) ;
#845 = EDGE_LOOP ( 'NONE', ( #1553, #929, #962, #1041 ) ) ;
#846 = CARTESIAN_POINT ( 'NONE',  ( -1124.999999999999773, 132.0000000000000000, 550.0000000000006821 ) ) ;
#847 = VERTEX_POINT ( 'NONE', #592 ) ;
#848 = CARTESIAN_POINT ( 'NONE',  ( -624.9999999999996589, 132.0000000000000568, 462.5000000000006821 ) ) ;
#849 = CARTESIAN_POINT ( 'NONE',  ( 128.7431761071713368, 63.33695856770862775, -550.0000000000001137 ) ) ;
#850 = ORIENTED_EDGE ( 'NONE', *, *, #1470, .T. ) ;
#851 = ORIENTED_EDGE ( 'NONE', *, *, #1390, .F. ) ;
#852 = CARTESIAN_POINT ( 'NONE',  ( -875.0000000000003411, 132.0000000000000568, -42.24734406009750387 ) ) ;
#853 = ORIENTED_EDGE ( 'NONE', *, *, #1588, .T. ) ;
#854 = ORIENTED_EDGE ( 'NONE', *, *, #1216, .T. ) ;
#855 = CYLINDRICAL_SURFACE ( 'NONE', #1671, 75.00000000000002842 ) ;
#856 = CARTESIAN_POINT ( 'NONE',  ( 965.4822052547551721, 132.0000000000000568, -675.0000000000002274 ) ) ;
#857 = ORIENTED_EDGE ( 'NONE', *, *, #2338, .T. ) ;
#858 = PRESENTATION_STYLE_ASSIGNMENT (( #1123 ) ) ;
#859 = CARTESIAN_POINT ( 'NONE',  ( 500.0000000000013074, 80.99961139267641386, 583.3263778465170617 ) ) ;
#860 = CARTESIAN_POINT ( 'NONE',  ( -1023.481144951397823, 86.99974092845100415, -669.8838092410277341 ) ) ;
#861 = CARTESIAN_POINT ( 'NONE',  ( -909.1030803602235437, 39.10897761384791238, -499.9999999999992610 ) ) ;
#862 = VERTEX_POINT ( 'NONE', #1241 ) ;
#863 = CARTESIAN_POINT ( 'NONE',  ( 624.9999999999996589, 132.0000000000000568, 462.5000000000005684 ) ) ;
#864 = VERTEX_POINT ( 'NONE', #1576 ) ;
#865 = CARTESIAN_POINT ( 'NONE',  ( -1250.000000000000227, 132.0000000000000568, -750.0000000000000000 ) ) ;
#866 = CARTESIAN_POINT ( 'NONE',  ( 112.7231634337458246, 71.81725421348123461, -600.3123203239255190 ) ) ;
#867 = EDGE_LOOP ( 'NONE', ( #1765, #857, #113, #710 ) ) ;
#868 = EDGE_LOOP ( 'NONE', ( #1110, #830, #1093, #1836 ) ) ;
#869 = LINE ( 'NONE', #2232, #892 ) ;
#870 = CARTESIAN_POINT ( 'NONE',  ( -911.6289877462169216, 131.9999999999999716, -638.3710199265073015 ) ) ;
#871 =( LENGTH_UNIT ( ) NAMED_UNIT ( * ) SI_UNIT ( .MICRO., .METRE. ) );
#872 = ORIENTED_EDGE ( 'NONE', *, *, #1989, .T. ) ;
#874 = ORIENTED_EDGE ( 'NONE', *, *, #1844, .T. ) ;
#873 = CARTESIAN_POINT ( 'NONE',  ( 955.2344138930770896, 108.8341101061527638, -668.9412406355381790 ) ) ;
#875 = CARTESIAN_POINT ( 'NONE',  ( 375.0000000000003411, 132.0000000000000568, -462.5000000000006821 ) ) ;
#876 = VECTOR ( 'NONE', #1485, 1000000.000000000000 ) ;
#877 = CARTESIAN_POINT ( 'NONE',  ( -1083.056210785355916, 87.89436665279694694, -116.5060856701676215 ) ) ;
#878 = VERTEX_POINT ( 'NONE', #2033 ) ;
#879 = ORIENTED_EDGE ( 'NONE', *, *, #283, .F. ) ;
#880 = FACE_OUTER_BOUND ( 'NONE', #1089, .T. ) ;
#881 = CARTESIAN_POINT ( 'NONE',  ( 500.0000000000000000, 132.0000000000000568, 587.5000000000002274 ) ) ;
#882 = CARTESIAN_POINT ( 'NONE',  ( -1008.007308768254006, 116.8894930946181603, 675.6238626845287172 ) ) ;
#883 = ORIENTED_EDGE ( 'NONE', *, *, #1272, .F. ) ;
#884 = AXIS2_PLACEMENT_3D ( 'NONE', #1753, #2311, #1200 ) ;
#885 = CARTESIAN_POINT ( 'NONE',  ( -628.7431761071713936, 63.33695856770862775, -462.5000000000001137 ) ) ;
#886 = ORIENTED_EDGE ( 'NONE', *, *, #1358, .F. ) ;
#887 = SURFACE_STYLE_FILL_AREA ( #1447 ) ;
#888 = CARTESIAN_POINT ( 'NONE',  ( 44.76558610692297435, 108.8341101061527638, -668.9412406355381790 ) ) ;
#889 = ORIENTED_EDGE ( 'NONE', *, *, #1503, .T. ) ;
#890 = ORIENTED_EDGE ( 'NONE', *, *, #178, .T. ) ;
#891 = AXIS2_PLACEMENT_3D ( 'NONE', #906, #688, #1454 ) ;
#892 = VECTOR ( 'NONE', #2348, 1000000.000000000000 ) ;
#893 = ORIENTED_EDGE ( 'NONE', *, *, #1017, .T. ) ;
#894 = CARTESIAN_POINT ( 'NONE',  ( 90.89691963977647049, 39.10897761384791238, -550.0000000000006821 ) ) ;
#895 = CARTESIAN_POINT ( 'NONE',  ( -1000.000000000000000, 114.8342396419271978, -150.9357940267932463 ) ) ;
#896 = ORIENTED_EDGE ( 'NONE', *, *, #2229, .T. ) ;
#898 = VERTEX_POINT ( 'NONE', #1225 ) ;
#897 = CARTESIAN_POINT ( 'NONE',  ( 871.2568238928287201, 63.33695856770862775, -550.0000000000001137 ) ) ;
#899 = CARTESIAN_POINT ( 'NONE',  ( 0.000000000000000000, 132.0000000000000853, 674.9999999999998863 ) ) ;
#900 = EDGE_CURVE ( 'NONE', #1810, #200, #1766, .T. ) ;
#901 = FILL_AREA_STYLE ('',( #2394 ) ) ;
#902 = ORIENTED_EDGE ( 'NONE', *, *, #371, .F. ) ;
#903 = EDGE_LOOP ( 'NONE', ( #1126, #1702, #254, #902 ) ) ;
#904 = EDGE_CURVE ( 'NONE', #1896, #1924, #218, .T. ) ;
#905 = CARTESIAN_POINT ( 'NONE',  ( -1043.724809188548761, 46.45177473788543665, -642.4852372426781812 ) ) ;
#906 = CARTESIAN_POINT ( 'NONE',  ( -1250.000000000000227, 132.0000000000000568, -750.0000000000000000 ) ) ;
#907 = VERTEX_POINT ( 'NONE', #417 ) ;
#908 = CARTESIAN_POINT ( 'NONE',  ( 599.6841800751207074, 131.9999999999999432, -539.5578521051698999 ) ) ;
#909 = ORIENTED_EDGE ( 'NONE', *, *, #1531, .F. ) ;
#910 = CARTESIAN_POINT ( 'NONE',  ( 1015.282382937884449, 124.2228264279514605, 675.3119313422645291 ) ) ;
#911 = CARTESIAN_POINT ( 'NONE',  ( 500.0000000000000000, 132.0000000000000568, -587.5000000000001137 ) ) ;
#912 = ORIENTED_EDGE ( 'NONE', *, *, #2376, .T. ) ;
#913 = EDGE_LOOP ( 'NONE', ( #114, #2337, #95, #1032 ) ) ;
#914 = CARTESIAN_POINT ( 'NONE',  ( -991.9926912317459937, 116.8894930946181603, -150.6238626845288593 ) ) ;
#915 = VERTEX_POINT ( 'NONE', #2180 ) ;
#917 = VERTEX_POINT ( 'NONE', #2155 ) ;
#916 =( NAMED_UNIT ( * ) PLANE_ANGLE_UNIT ( ) SI_UNIT ( $, .RADIAN. ) );
#918 = CARTESIAN_POINT ( 'NONE',  ( -83.05621078535594393, 87.89436665279694694, 641.5060856701675220 ) ) ;
#919 = DIRECTION ( 'NONE',  ( -0.000000000000000000, 1.000000000000000000, -0.000000000000000000 ) ) ;
#920 = ORIENTED_EDGE ( 'NONE', *, *, #56, .T. ) ;
#921 = VERTEX_POINT ( 'NONE', #2360 ) ;
#922 = CARTESIAN_POINT ( 'NONE',  ( 1000.000000000000000, 132.0000000000000568, -675.0000000000002274 ) ) ;
#923 = EDGE_LOOP ( 'NONE', ( #2384, #1805, #700, #185, #823, #1718, #50, #2500, #1674, #1647 ) ) ;
#924 = DIRECTION ( 'NONE',  ( -0.000000000000000000, -0.000000000000000000, 1.000000000000000000 ) ) ;
#925 = EDGE_LOOP ( 'NONE', ( #1798, #1525, #920, #32 ) ) ;
#926 = CARTESIAN_POINT ( 'NONE',  ( -875.0409774573153072, 65.39221202039959735, 567.2286456771752228 ) ) ;
#927 = CARTESIAN_POINT ( 'NONE',  ( 1088.371012253783192, 131.9999999999999716, -638.3710199265071878 ) ) ;
#928 = EDGE_CURVE ( 'NONE', #1051, #2425, #2470, .T. ) ;
#929 = ORIENTED_EDGE ( 'NONE', *, *, #576, .F. ) ;
#930 = ORIENTED_EDGE ( 'NONE', *, *, #1838, .F. ) ;
#931 = FACE_OUTER_BOUND ( 'NONE', #724, .T. ) ;
#932 = B_SPLINE_SURFACE_WITH_KNOTS ( 'NONE', 3, 1, ( 
 ( #165, #375 ),
 ( #797, #1341 ),
 ( #2130, #430 ),
 ( #1992, #2324 ) ),
 .UNSPECIFIED., .F., .F., .F.,
 ( 4, 4 ),
 ( 2, 2 ),
 ( 0.000000000000000000, 1.000000000000000000 ),
 ( 0.000000000000000000, 1.000000000000000000 ),
 .UNSPECIFIED. ) ;
#933 = CARTESIAN_POINT ( 'NONE',  ( -1127.955991844415848, 77.77669212577781366, -25.00000000000082423 ) ) ;
#934 = EDGE_CURVE ( 'NONE', #2421, #748, #1739, .T. ) ;
#935 = ORIENTED_EDGE ( 'NONE', *, *, #2473, .F. ) ;
#937 = EDGE_LOOP ( 'NONE', ( #123, #4, #1512, #678 ) ) ;
#936 = FILL_AREA_STYLE_COLOUR ( '', #1153 ) ;
#938 = CARTESIAN_POINT ( 'NONE',  ( -50.11968812019445352, 132.0000000000002274, 667.9986720300489651 ) ) ;
#939 = LINE ( 'NONE', #745, #1724 ) ;
#940 = CARTESIAN_POINT ( 'NONE',  ( -1040.000000000000227, 588.0000000000000000, -540.0000000000000000 ) ) ;
#941 = CARTESIAN_POINT ( 'NONE',  ( 500.0000000000000000, 132.0000000000000568, -587.5000000000001137 ) ) ;
#942 = ORIENTED_EDGE ( 'NONE', *, *, #596, .F. ) ;
#943 = EDGE_CURVE ( 'NONE', #1803, #1889, #1165, .T. ) ;
#944 = ORIENTED_EDGE ( 'NONE', *, *, #980, .F. ) ;
#945 = UNCERTAINTY_MEASURE_WITH_UNIT (LENGTH_MEASURE( 1.000000000000000082E-05 ), #1524, 'distance_accuracy_value', 'NONE');
#946 = FACE_OUTER_BOUND ( 'NONE', #219, .T. ) ;
#947 = DIRECTION ( 'NONE',  ( 0.000000000000000000, 1.000000000000000000, 0.000000000000000000 ) ) ;
#948 = CARTESIAN_POINT ( 'NONE',  ( -446.5850583756052288, 0.000000000000000000, -462.5000000000006821 ) ) ;
#949 = EDGE_LOOP ( 'NONE', ( #2340, #1829, #753, #732 ) ) ;
#950 = CARTESIAN_POINT ( 'NONE',  ( -59.65663741068082260, 15.62907057539932687, -600.5049525276571103 ) ) ;
#951 = ORIENTED_EDGE ( 'NONE', *, *, #1844, .F. ) ;
#952 = CARTESIAN_POINT ( 'NONE',  ( 875.0000000000003411, 132.0000000000000568, 550.0000000000005684 ) ) ;
#953 = CARTESIAN_POINT ( 'NONE',  ( 1066.506801563773479, 3.666666666666690499, 567.2099472942542207 ) ) ;
#954 = CARTESIAN_POINT ( 'NONE',  ( 500.0000000000000000, 114.8342396419271978, 588.4357940267931326 ) ) ;
#955 = EDGE_LOOP ( 'NONE', ( #269, #883, #2356, #2494 ) ) ;
#956 = ORIENTED_EDGE ( 'NONE', *, *, #2429, .T. ) ;
#957 = CARTESIAN_POINT ( 'NONE',  ( 411.6289877462168647, 131.9999999999999716, -550.8710199265071878 ) ) ;
#958 = VECTOR ( 'NONE', #579, 1000000.000000000000 ) ;
#959 = B_SPLINE_SURFACE_WITH_KNOTS ( 'NONE', 3, 3, ( 
 ( #2314, #765, #1983, #1757 ),
 ( #2145, #1202, #227, #1997 ),
 ( #1547, #1186, #991, #424 ),
 ( #1361, #2294, #2482, #1345 ),
 ( #584, #1533, #1735, #1176 ),
 ( #1019, #769, #1351, #1338 ),
 ( #2286, #1239, #412, #2321 ) ),
 .UNSPECIFIED., .F., .F., .F.,
 ( 4, 1, 1, 1, 4 ),
 ( 4, 4 ),
 ( 0.000000000000000000, 0.2500000000000000000, 0.5000000000000000000, 0.7500000000000000000, 1.000000000000000000 ),
 ( 0.000000000000000000, 1.000000000000000000 ),
 .UNSPECIFIED. ) ;
#960 = ADVANCED_FACE ( 'NONE', ( #1692 ), #1393, .F. ) ;
#962 = ORIENTED_EDGE ( 'NONE', *, *, #900, .T. ) ;
#961 = CARTESIAN_POINT ( 'NONE',  ( -624.9999999999996589, 132.0000000000000568, 462.5000000000006821 ) ) ;
#963 = CARTESIAN_POINT ( 'NONE',  ( -59.65663741068082260, 15.62907057539932687, 600.5049525276571103 ) ) ;
#964 = FACE_OUTER_BOUND ( 'NONE', #668, .T. ) ;
#965 = CARTESIAN_POINT ( 'NONE',  ( 124.9999999999996732, 132.0000000000000000, -550.0000000000006821 ) ) ;
#966 = CARTESIAN_POINT ( 'NONE',  ( -955.2344138930770896, 108.8341101061527638, -668.9412406355381790 ) ) ;
#967 = ORIENTED_EDGE ( 'NONE', *, *, #741, .F. ) ;
#968 = MECHANICAL_DESIGN_GEOMETRIC_PRESENTATION_REPRESENTATION (  '', ( #513 ), #1552 ) ;
#969 = CARTESIAN_POINT ( 'NONE',  ( 624.9999999999996589, 132.0000000000000568, 497.0177989836046208 ) ) ;
#970 = B_SPLINE_CURVE_WITH_KNOTS ( 'NONE', 2,
 ( #2169, #323, #2398, #1773, #1820 ),
 .UNSPECIFIED., .F., .F.,
 ( 3, 2, 3 ),
 ( 0.000000000000000000, 0.5000000000000000000, 1.000000000000000000 ),
 .UNSPECIFIED. ) ;
#971 = LINE ( 'NONE', #1029, #143 ) ;
#972 = DIRECTION ( 'NONE',  ( -0.000000000000000000, -1.000000000000000000, -0.000000000000000000 ) ) ;
#973 = ORIENTED_EDGE ( 'NONE', *, *, #2256, .F. ) ;
#974 = CARTESIAN_POINT ( 'NONE',  ( 1000.000000000000000, 132.0000000000000568, 675.0000000000002274 ) ) ;
#975 = COLOUR_RGB ( '',0.7921568627450980005, 0.8196078431372548767, 0.9333333333333333481 ) ;
#976 = CARTESIAN_POINT ( 'NONE',  ( -1124.999999999999773, 132.0000000000000568, -550.0000000000006821 ) ) ;
#977 = ORIENTED_EDGE ( 'NONE', *, *, #1643, .T. ) ;
#978 = CARTESIAN_POINT ( 'NONE',  ( 1000.000000000000000, 0.000000000000000000, -550.0000000000006821 ) ) ;
#979 = PRESENTATION_STYLE_ASSIGNMENT (( #2366 ) ) ;
#980 = EDGE_CURVE ( 'NONE', #1590, #1586, #761, .T. ) ;
#981 = VERTEX_POINT ( 'NONE', #2194 ) ;
#982 = PLANE ( 'NONE',  #2396 ) ;
#983 = SURFACE_STYLE_FILL_AREA ( #2051 ) ;
#984 = CARTESIAN_POINT ( 'NONE',  ( -887.2768365662542465, 71.81725421348123461, -600.3123203239256327 ) ) ;
#985 = CARTESIAN_POINT ( 'NONE',  ( -1000.000000000000000, 132.0000000000000568, -374.9999999999996589 ) ) ;
#986 = ADVANCED_FACE ( 'NONE', ( #931 ), #855, .F. ) ;
#987 = CARTESIAN_POINT ( 'NONE',  ( -68.76499564532856823, 0.000000000000000000, -550.0000000000006821 ) ) ;
#988 = ORIENTED_EDGE ( 'NONE', *, *, #717, .T. ) ;
#989 = FACE_OUTER_BOUND ( 'NONE', #949, .T. ) ;
#990 = CARTESIAN_POINT ( 'NONE',  ( -1017.247344060096793, 132.0000000000000568, -675.0000000000003411 ) ) ;
#991 = CARTESIAN_POINT ( 'NONE',  ( 387.2768365662541896, 71.81725421348123461, -512.8123203239255190 ) ) ;
#992 = CARTESIAN_POINT ( 'NONE',  ( -590.5269340976560670, 131.9999999999998579, -553.0269340976574313 ) ) ;
#993 = VERTEX_POINT ( 'NONE', #1161 ) ;
#994 = CARTESIAN_POINT ( 'NONE',  ( -500.0000000000000000, 0.000000000000000000, -462.5000000000006821 ) ) ;
#995 = VECTOR ( 'NONE', #1583, 1000000.000000000000 ) ;
#996 = CARTESIAN_POINT ( 'NONE',  ( 1059.656637410680787, 15.62907057539932687, 600.5049525276571103 ) ) ;
#997 = ORIENTED_EDGE ( 'NONE', *, *, #1764, .F. ) ;
#998 = CARTESIAN_POINT ( 'NONE',  ( 1124.999999999999773, 132.0000000000000568, 550.0000000000006821 ) ) ;
#1000 = ORIENTED_EDGE ( 'NONE', *, *, #168, .F. ) ;
#999 = CARTESIAN_POINT ( 'NONE',  ( -499.9999999999984652, 36.67766210682825090, -555.9643888151881583 ) ) ;
#1001 = CARTESIAN_POINT ( 'NONE',  ( 500.0000000000000000, 132.0000000000000568, 587.5000000000001137 ) ) ;
#1002 = COLOUR_RGB ( '',0.7529411764705882248, 0.7529411764705882248, 0.7529411764705882248 ) ;
#1003 = ORIENTED_EDGE ( 'NONE', *, *, #173, .F. ) ;
#1004 = CARTESIAN_POINT ( 'NONE',  ( -387.2768365662541896, 71.81725421348123461, 512.8123203239255190 ) ) ;
#1005 = CARTESIAN_POINT ( 'NONE',  ( -1000.000000000000000, 132.0000000000000568, -675.0000000000002274 ) ) ;
#1006 = PRESENTATION_LAYER_ASSIGNMENT (  '', '', ( #2081 ) ) ;
#1007 = CARTESIAN_POINT ( 'NONE',  ( 911.6289877462169216, 131.9999999999999716, 638.3710199265071878 ) ) ;
#1008 = CARTESIAN_POINT ( 'NONE',  ( -1124.999999999999773, 132.0000000000000568, -550.0000000000006821 ) ) ;
#1009 = EDGE_LOOP ( 'NONE', ( #2332, #117, #156, #1878 ) ) ;
#1010 = EDGE_CURVE ( 'NONE', #1545, #102, #385, .T. ) ;
#1011 = CARTESIAN_POINT ( 'NONE',  ( -375.0000000000003411, 132.0000000000000568, 462.5000000000005684 ) ) ;
#1012 = CARTESIAN_POINT ( 'NONE',  ( 124.9999999999996732, 132.0000000000000568, 550.0000000000006821 ) ) ;
#1013 = PRESENTATION_STYLE_ASSIGNMENT (( #1596 ) ) ;
#1014 = ORIENTED_EDGE ( 'NONE', *, *, #2473, .T. ) ;
#1015 = DIRECTION ( 'NONE',  ( -0.000000000000000000, 1.000000000000000000, -0.000000000000000000 ) ) ;
#1016 = DIRECTION ( 'NONE',  ( 0.000000000000000000, -1.000000000000000000, 0.000000000000000000 ) ) ;
#1017 = EDGE_CURVE ( 'NONE', #180, #1755, #2450, .T. ) ;
#1018 = B_SPLINE_SURFACE_WITH_KNOTS ( 'NONE', 2, 1, ( 
 ( #965, #1342 ),
 ( #1527, #216 ),
 ( #1543, #1747 ),
 ( #2139, #798 ),
 ( #2007, #1404 ) ),
 .UNSPECIFIED., .F., .F., .F.,
 ( 3, 2, 3 ),
 ( 2, 2 ),
 ( 0.000000000000000000, 0.5000000000000000000, 1.000000000000000000 ),
 ( 0.000000000000000000, 1.000000000000000000 ),
 .UNSPECIFIED. ) ;
#1019 = CARTESIAN_POINT ( 'NONE',  ( 500.0000000000000000, 114.8342396419271978, -588.4357940267931326 ) ) ;
#1020 = VERTEX_POINT ( 'NONE', #2387 ) ;
#1021 = CARTESIAN_POINT ( 'NONE',  ( 124.9590225426847354, 65.39221202039959735, 567.2286456771752228 ) ) ;
#1022 = CARTESIAN_POINT ( 'NONE',  ( -1053.414941624394942, 0.000000000000000000, 550.0000000000006821 ) ) ;
#1023 = CIRCLE ( 'NONE', #2220, 75.00000000000002842 ) ;
#1024 = ORIENTED_EDGE ( 'NONE', *, *, #399, .F. ) ;
#1025 = CARTESIAN_POINT ( 'NONE',  ( -484.7176170621155507, 124.2228264279514605, 587.8119313422645291 ) ) ;
#1026 = CARTESIAN_POINT ( 'NONE',  ( 624.9999999999996589, 132.0000000000000000, 462.5000000000006821 ) ) ;
#1027 = B_SPLINE_SURFACE_WITH_KNOTS ( 'NONE', 3, 3, ( 
 ( #382, #2067, #885, #541 ),
 ( #721, #1321, #2050, #86 ),
 ( #325, #1515, #206, #407 ),
 ( #2483, #395, #1565, #992 ),
 ( #1333, #778, #571, #1396 ),
 ( #3, #1169, #228, #1784 ),
 ( #2316, #1203, #750, #1188 ) ),
 .UNSPECIFIED., .F., .F., .F.,
 ( 4, 1, 1, 1, 4 ),
 ( 4, 4 ),
 ( 0.000000000000000000, 0.2500000000000000000, 0.5000000000000000000, 0.7500000000000000000, 1.000000000000000000 ),
 ( 0.000000000000000000, 1.000000000000000000 ),
 .UNSPECIFIED. ) ;
#1028 = CARTESIAN_POINT ( 'NONE',  ( 875.0000000000003411, 132.0000000000000568, 550.0000000000006821 ) ) ;
#1029 = CARTESIAN_POINT ( 'NONE',  ( 624.9999999999996589, 132.0000000000000568, -748.1746605856177439 ) ) ;
#1030 = CARTESIAN_POINT ( 'NONE',  ( 0.000000000000000000, 0.000000000000000000, -550.0000000000006821 ) ) ;
#1031 = COLOUR_RGB ( '',0.5019607843137254832, 0.5019607843137254832, 0.5019607843137254832 ) ;
#1032 = ORIENTED_EDGE ( 'NONE', *, *, #1754, .T. ) ;
#1033 = CARTESIAN_POINT ( 'NONE',  ( -500.0000000000000000, 4.065758146820641628E-14, -479.6912489113324796 ) ) ;
#1034 = CARTESIAN_POINT ( 'NONE',  ( -1.517883041479706208E-12, 6.943605863098891717, -600.6975847313879058 ) ) ;
#1035 = CARTESIAN_POINT ( 'NONE',  ( -1088.371012253783192, 131.9999999999999716, -411.6289800734927553 ) ) ;
#1036 = LINE ( 'NONE', #2014, #199 ) ;
#1037 = ORIENTED_EDGE ( 'NONE', *, *, #576, .T. ) ;
#1038 = CARTESIAN_POINT ( 'NONE',  ( -909.4730659023439330, 131.9999999999998579, -115.5269340976576444 ) ) ;
#1039 = CARTESIAN_POINT ( 'NONE',  ( -128.7431761071713368, 63.33695856770862775, -550.0000000000006821 ) ) ;
#1040 = DIRECTION ( 'NONE',  ( -0.000000000000000000, -0.000000000000000000, 1.000000000000000000 ) ) ;
#1041 = ORIENTED_EDGE ( 'NONE', *, *, #1291, .T. ) ;
#1042 = CARTESIAN_POINT ( 'NONE',  ( -1040.000000000000227, 638.0000000000000000, -540.0000000000000000 ) ) ;
#1043 = EDGE_LOOP ( 'NONE', ( #806, #886, #819, #166 ) ) ;
#1044 = STYLED_ITEM ( 'NONE', ( #331 ), #1970 ) ;
#1045 = CARTESIAN_POINT ( 'NONE',  ( -416.9437892146440845, 87.89436665279694694, 554.0060856701675220 ) ) ;
#1046 = DIRECTION ( 'NONE',  ( -0.000000000000000000, -0.000000000000000000, 1.000000000000000000 ) ) ;
#1047 = CARTESIAN_POINT ( 'NONE',  ( -411.6289877462168647, 131.9999999999999716, -550.8710199265071878 ) ) ;
#1048 = CARTESIAN_POINT ( 'NONE',  ( 50.11968812019445352, 132.0000000000002274, -667.9986720300489651 ) ) ;
#1049 = LINE ( 'NONE', #1304, #1898 ) ;
#1050 = ORIENTED_EDGE ( 'NONE', *, *, #2376, .F. ) ;
#1051 = VERTEX_POINT ( 'NONE', #2341 ) ;
#1052 = EDGE_CURVE ( 'NONE', #585, #1788, #1704, .T. ) ;
#1053 = CARTESIAN_POINT ( 'NONE',  ( -1090.896919639776570, 39.10897761384791238, -25.00000000000082423 ) ) ;
#1054 = CARTESIAN_POINT ( 'NONE',  ( -933.4931984362265212, 3.666666666666690499, -482.7900527057456657 ) ) ;
#1055 = FACE_OUTER_BOUND ( 'NONE', #1956, .T. ) ;
#1056 = ORIENTED_EDGE ( 'NONE', *, *, #240, .F. ) ;
#1057 = VERTEX_POINT ( 'NONE', #460 ) ;
#1058 = CARTESIAN_POINT ( 'NONE',  ( -1000.000000000000000, 0.000000000000000000, -25.00000000000082423 ) ) ;
#1059 =( NAMED_UNIT ( * ) SI_UNIT ( $, .STERADIAN. ) SOLID_ANGLE_UNIT ( ) );
#1060 = CARTESIAN_POINT ( 'NONE',  ( 500.0000000000000000, 0.000000000000000000, -462.5000000000006821 ) ) ;
#1061 = FACE_OUTER_BOUND ( 'NONE', #684, .T. ) ;
#1062 = ORIENTED_EDGE ( 'NONE', *, *, #569, .F. ) ;
#1063 = ORIENTED_EDGE ( 'NONE', *, *, #277, .T. ) ;
#1064 = ADVANCED_FACE ( 'NONE', ( #79 ), #1443, .F. ) ;
#1065 = CARTESIAN_POINT ( 'NONE',  ( -112.7961146037344093, 132.0000000000000568, -613.9805828120821616 ) ) ;
#1066 = FACE_OUTER_BOUND ( 'NONE', #1555, .T. ) ;
#1067 = ORIENTED_EDGE ( 'NONE', *, *, #1838, .T. ) ;
#1068 = ORIENTED_EDGE ( 'NONE', *, *, #2452, .F. ) ;
#1069 = ORIENTED_EDGE ( 'NONE', *, *, #2037, .T. ) ;
#1070 = CARTESIAN_POINT ( 'NONE',  ( 482.7526559399032067, 132.0000000000000568, 587.5000000000002274 ) ) ;
#1071 = CARTESIAN_POINT ( 'NONE',  ( 371.2568238928286632, 63.33695856770862775, 462.5000000000006821 ) ) ;
#1072 = CARTESIAN_POINT ( 'NONE',  ( -1000.000000000001364, 80.99961139267641386, -379.1736221534828246 ) ) ;
#1073 = CARTESIAN_POINT ( 'NONE',  ( -1000.000000000000000, 132.0000000000000853, -374.9999999999998863 ) ) ;
#1074 = CARTESIAN_POINT ( 'NONE',  ( 90.52693409765605281, 131.9999999999998579, 640.5269340976575450 ) ) ;
#1075 = EDGE_LOOP ( 'NONE', ( #2399, #177, #1056, #170, #912, #129, #2392, #1906, #729, #988 ) ) ;
#1076 = LINE ( 'NONE', #1268, #1090 ) ;
#1077 = VERTEX_POINT ( 'NONE', #355 ) ;
#1078 = ADVANCED_FACE ( 'NONE', ( #1758 ), #352, .T. ) ;
#1079 = CARTESIAN_POINT ( 'NONE',  ( -1000.000000000000000, 0.000000000000000000, -499.9999999999992610 ) ) ;
#1080 = PLANE ( 'NONE',  #1952 ) ;
#1081 = CARTESIAN_POINT ( 'NONE',  ( -23.48114495139778413, 86.99974092845100415, -669.8838092410276204 ) ) ;
#1082 = CARTESIAN_POINT ( 'NONE',  ( -956.2751908114512389, 46.45177473788543665, -407.5147627573218188 ) ) ;
#1083 = VECTOR ( 'NONE', #662, 1000000.000000000000 ) ;
#1084 = VERTEX_POINT ( 'NONE', #2080 ) ;
#1085 = CIRCLE ( 'NONE', #2107, 75.00000000000002842 ) ;
#1086 = ORIENTED_EDGE ( 'NONE', *, *, #682, .T. ) ;
#1087 = CARTESIAN_POINT ( 'NONE',  ( 875.0409774573153072, 65.39221202039959735, -567.2286456771752228 ) ) ;
#1088 = CARTESIAN_POINT ( 'NONE',  ( -500.0000000000000000, 132.0000000000000568, 587.5000000000001137 ) ) ;
#1089 = EDGE_LOOP ( 'NONE', ( #1119, #1641, #890, #89 ) ) ;
#1090 = VECTOR ( 'NONE', #648, 1000000.000000000000 ) ;
#1091 = ORIENTED_EDGE ( 'NONE', *, *, #2201, .T. ) ;
#1092 = CARTESIAN_POINT ( 'NONE',  ( 508.0073087682540063, 116.8894930946181603, 588.1238626845287172 ) ) ;
#1093 = ORIENTED_EDGE ( 'NONE', *, *, #717, .F. ) ;
#1094 = ORIENTED_EDGE ( 'NONE', *, *, #521, .T. ) ;
#1095 = CARTESIAN_POINT ( 'NONE',  ( 1090.526934097656067, 131.9999999999998579, -640.5269340976575450 ) ) ;
#1096 = PLANE ( 'NONE',  #1175 ) ;
#1097 = CARTESIAN_POINT ( 'NONE',  ( 88.37101225378312108, 131.9999999999999716, 638.3710199265071878 ) ) ;
#1098 = EDGE_CURVE ( 'NONE', #1889, #21, #1106, .T. ) ;
#1099 = CARTESIAN_POINT ( 'NONE',  ( 1.517883041479706208E-12, 6.943605863098891717, -600.6975847313879058 ) ) ;
#1100 = ORIENTED_EDGE ( 'NONE', *, *, #1309, .T. ) ;
#1101 = ORIENTED_EDGE ( 'NONE', *, *, #317, .F. ) ;
#1102 = CARTESIAN_POINT ( 'NONE',  ( -1.301042606982605321E-12, 80.99961139267641386, -670.8263778465170617 ) ) ;
#1103 = EDGE_CURVE ( 'NONE', #1756, #878, #869, .T. ) ;
#1104 = VERTEX_POINT ( 'NONE', #294 ) ;
#1105 = ORIENTED_EDGE ( 'NONE', *, *, #320, .T. ) ;
#1106 = B_SPLINE_CURVE_WITH_KNOTS ( 'NONE', 3,
 ( #2097, #68, #309, #45, #1612 ),
 .UNSPECIFIED., .F., .F.,
 ( 4, 1, 4 ),
 ( 0.000000000000000000, 0.5000000282588300538, 1.000000000000000000 ),
 .UNSPECIFIED. ) ;
#1107 = SURFACE_SIDE_STYLE ('',( #887 ) ) ;
#1108 = CARTESIAN_POINT ( 'NONE',  ( 1000.000000000000000, 132.0000000000000853, -674.9999999999998863 ) ) ;
#1109 = CARTESIAN_POINT ( 'NONE',  ( -1000.000000000000000, 114.8342396419271978, -150.9357940267932463 ) ) ;
#1110 = ORIENTED_EDGE ( 'NONE', *, *, #2432, .T. ) ;
#1111 = ORIENTED_EDGE ( 'NONE', *, *, #630, .T. ) ;
#1112 = CARTESIAN_POINT ( 'NONE',  ( 628.7431761071713936, 63.33695856770862775, 462.5000000000001137 ) ) ;
#1113 = CLOSED_SHELL ( 'NONE', ( #986, #235, #643, #2, #2296, #2030, #1830, #1571, #398 ) ) ;
#1114 = ORIENTED_EDGE ( 'NONE', *, *, #1210, .T. ) ;
#1115 = CARTESIAN_POINT ( 'NONE',  ( -1044.765586106922910, 108.8341101061527638, -668.9412406355381790 ) ) ;
#1116 = CARTESIAN_POINT ( 'NONE',  ( 624.9999999999996589, 132.0000000000000568, -462.5000000000006821 ) ) ;
#1117 = CARTESIAN_POINT ( 'NONE',  ( -1.517883041479706208E-12, 36.67766210682825090, 643.4643888151882720 ) ) ;
#1118 = EDGE_LOOP ( 'NONE', ( #246, #977 ) ) ;
#1119 = ORIENTED_EDGE ( 'NONE', *, *, #1746, .F. ) ;
#1120 = CARTESIAN_POINT ( 'NONE',  ( -1040.000000000000227, 588.0000000000000000, -465.0000000000000000 ) ) ;
#1121 = PRESENTATION_STYLE_ASSIGNMENT (( #1438 ) ) ;
#1122 = VERTEX_POINT ( 'NONE', #468 ) ;
#1123 = SURFACE_STYLE_USAGE ( .BOTH. , #1107 ) ;
#1124 = CARTESIAN_POINT ( 'NONE',  ( -500.0000000000000000, 0.000000000000000000, -462.5000000000006821 ) ) ;
#1125 = CARTESIAN_POINT ( 'NONE',  ( -66.50680156377350727, 3.666666666666690499, 567.2099472942542207 ) ) ;
#1126 = ORIENTED_EDGE ( 'NONE', *, *, #2259, .F. ) ;
#1127 = SURFACE_STYLE_FILL_AREA ( #901 ) ;
#1128 = CARTESIAN_POINT ( 'NONE',  ( 88.37101225378312108, 131.9999999999999716, -638.3710199265071878 ) ) ;
#1129 = CARTESIAN_POINT ( 'NONE',  ( -375.0000000000003411, 132.0000000000000000, -462.5000000000006821 ) ) ;
#1130 = EDGE_CURVE ( 'NONE', #1896, #1580, #1243, .T. ) ;
#1131 = CARTESIAN_POINT ( 'NONE',  ( 1000.000000000000000, 132.0000000000000568, 675.0000000000001137 ) ) ;
#1132 = CARTESIAN_POINT ( 'NONE',  ( -1000.000000000000000, 4.065758146820641628E-14, -482.8087510886674067 ) ) ;
#1133 = CARTESIAN_POINT ( 'NONE',  ( 50.11968812019445352, 132.0000000000002274, 667.9986720300489651 ) ) ;
#1134 = CARTESIAN_POINT ( 'NONE',  ( 124.9999999999996732, 132.0000000000000568, -550.0000000000006821 ) ) ;
#1135 = CARTESIAN_POINT ( 'NONE',  ( -400.3158199248793494, 131.9999999999999432, -539.5578521051698999 ) ) ;
#1136 = CARTESIAN_POINT ( 'NONE',  ( -68.76499564532856823, 0.000000000000000000, 550.0000000000007958 ) ) ;
#1137 = B_SPLINE_CURVE_WITH_KNOTS ( 'NONE', 3,
 ( #1035, #51, #1397, #298, #1550 ),
 .UNSPECIFIED., .F., .F.,
 ( 4, 1, 4 ),
 ( 0.000000000000000000, 0.5000000282588291656, 1.000000000000000000 ),
 .UNSPECIFIED. ) ;
#1138 =( NAMED_UNIT ( * ) SI_UNIT ( $, .STERADIAN. ) SOLID_ANGLE_UNIT ( ) );
#1139 = LINE ( 'NONE', #333, #1148 ) ;
#1140 = CARTESIAN_POINT ( 'NONE',  ( -982.7526559399032067, 132.0000000000000568, -150.0000000000003979 ) ) ;
#1141 = CARTESIAN_POINT ( 'NONE',  ( 500.0000000000000000, 132.0000000000000568, -462.5000000000005684 ) ) ;
#1142 = CARTESIAN_POINT ( 'NONE',  ( -949.8803118798056175, 132.0000000000002274, -667.9986720300490788 ) ) ;
#1143 = CARTESIAN_POINT ( 'NONE',  ( -875.0000000000003411, 132.0000000000000568, 567.2473440600973618 ) ) ;
#1144 = CARTESIAN_POINT ( 'NONE',  ( 517.2473440600967933, 132.0000000000000568, -587.5000000000002274 ) ) ;
#1145 = FACE_OUTER_BOUND ( 'NONE', #1929, .T. ) ;
#1146 = B_SPLINE_SURFACE_WITH_KNOTS ( 'NONE', 3, 3, ( 
 ( #2453, #1667, #2260, #186 ),
 ( #392, #553, #1926, #701 ),
 ( #1331, #1513, #1709, #2063 ),
 ( #2211, #905, #108, #334 ),
 ( #672, #860, #1115, #1635 ),
 ( #2077, #2414, #130, #990 ),
 ( #1546, #1344, #1201, #1217 ) ),
 .UNSPECIFIED., .F., .F., .F.,
 ( 4, 1, 1, 1, 4 ),
 ( 4, 4 ),
 ( 0.000000000000000000, 0.2500000000000000000, 0.5000000000000000000, 0.7500000000000000000, 1.000000000000000000 ),
 ( 0.000000000000000000, 1.000000000000000000 ),
 .UNSPECIFIED. ) ;
#1147 =( GEOMETRIC_REPRESENTATION_CONTEXT ( 3 ) GLOBAL_UNCERTAINTY_ASSIGNED_CONTEXT ( ( #2064 ) ) GLOBAL_UNIT_ASSIGNED_CONTEXT ( ( #1959, #2236, #2205 ) ) REPRESENTATION_CONTEXT ( 'NONE', 'WORKASPACE' ) );
#1148 = VECTOR ( 'NONE', #919, 1000000.000000000000 ) ;
#1149 =( NAMED_UNIT ( * ) SI_UNIT ( $, .STERADIAN. ) SOLID_ANGLE_UNIT ( ) );
#1150 = CARTESIAN_POINT ( 'NONE',  ( -124.9999999999996732, 132.0000000000000568, -550.0000000000005684 ) ) ;
#1151 = CARTESIAN_POINT ( 'NONE',  ( -999.9999999999987494, 80.99961139267641386, -670.8263778465171754 ) ) ;
#1152 = EDGE_CURVE ( 'NONE', #718, #993, #74, .T. ) ;
#1153 = COLOUR_RGB ( '',0.7921568627450980005, 0.8196078431372548767, 0.9333333333333333481 ) ;
#1154 = CARTESIAN_POINT ( 'NONE',  ( 1124.999999999999773, 132.0000000000000000, -550.0000000000006821 ) ) ;
#1155 = B_SPLINE_CURVE_WITH_KNOTS ( 'NONE', 3,
 ( #174, #514, #1142, #1482, #1300 ),
 .UNSPECIFIED., .F., .F.,
 ( 4, 1, 4 ),
 ( 0.000000000000000000, 0.5000000282588330514, 1.000000000000000000 ),
 .UNSPECIFIED. ) ;
#1156 = CARTESIAN_POINT ( 'NONE',  ( 617.9986720300498746, 132.0000000000002274, -512.6196881201949509 ) ) ;
#1157 = CARTESIAN_POINT ( 'NONE',  ( -871.2568238928287201, 63.33695856770862775, 550.0000000000001137 ) ) ;
#1158 = CARTESIAN_POINT ( 'NONE',  ( 387.2768365662541896, 71.81725421348123461, 512.8123203239255190 ) ) ;
#1159 = PRODUCT_DEFINITION_SHAPE ( 'NONE', 'NONE',  #467 ) ;
#1160 = CARTESIAN_POINT ( 'NONE',  ( -955.2344138930770896, 108.8341101061527638, -143.9412406355382643 ) ) ;
#1161 = CARTESIAN_POINT ( 'NONE',  ( 1124.999999999999773, 132.0000000000000568, 550.0000000000006821 ) ) ;
#1162 = CARTESIAN_POINT ( 'NONE',  ( -124.9999999999996732, 132.0000000000000568, 567.2473440600973618 ) ) ;
#1163 = CARTESIAN_POINT ( 'NONE',  ( 500.0000000000015348, 6.943605863098891717, -513.1975847313879058 ) ) ;
#1164 = COLOUR_RGB ( '',1.000000000000000000, 0.8117647058823529438, 0.5019607843137254832 ) ;
#1165 = B_SPLINE_CURVE_WITH_KNOTS ( 'NONE', 3,
 ( #1980, #242, #265, #2288, #2474 ),
 .UNSPECIFIED., .F., .F.,
 ( 4, 1, 4 ),
 ( 0.000000000000000000, 0.5000000282588327183, 1.000000000000000000 ),
 .UNSPECIFIED. ) ;
#1166 = ADVANCED_FACE ( 'NONE', ( #84 ), #1707, .T. ) ;
#1167 = B_SPLINE_CURVE_WITH_KNOTS ( 'NONE', 3,
 ( #1650, #1140, #1168, #1307, #1298 ),
 .UNSPECIFIED., .F., .F.,
 ( 4, 1, 4 ),
 ( 0.000000000000000000, 0.5000000282588323852, 1.000000000000000000 ),
 .UNSPECIFIED. ) ;
#1168 = CARTESIAN_POINT ( 'NONE',  ( -949.8803118798056175, 132.0000000000002274, -142.9986720300491072 ) ) ;
#1169 = CARTESIAN_POINT ( 'NONE',  ( -508.0073087682540063, 116.8894930946181603, -588.1238626845287172 ) ) ;
#1170 = CARTESIAN_POINT ( 'NONE',  ( 940.3433625893192129, 15.62907057539932687, 600.5049525276571103 ) ) ;
#1171 = MANIFOLD_SOLID_BREP ( 'Boss-Extrude5', #1572 ) ;
#1172 = CARTESIAN_POINT ( 'NONE',  ( 1000.000000000000000, 132.0000000000000853, 674.9999999999998863 ) ) ;
#1173 = CARTESIAN_POINT ( 'NONE',  ( 500.0000000000000000, 132.0000000000000853, 587.4999999999998863 ) ) ;
#1174 = FACE_OUTER_BOUND ( 'NONE', #1962, .T. ) ;
#1175 = AXIS2_PLACEMENT_3D ( 'NONE', #2065, #822, #799 ) ;
#1176 = CARTESIAN_POINT ( 'NONE',  ( 449.8803118798055607, 132.0000000000002274, -580.4986720300489651 ) ) ;
#1177 = EDGE_CURVE ( 'NONE', #1738, #1563, #652, .T. ) ;
#1178 = CARTESIAN_POINT ( 'NONE',  ( -500.0000000000013074, 80.99961139267641386, -583.3263778465170617 ) ) ;
#1179 =( NAMED_UNIT ( * ) SI_UNIT ( $, .STERADIAN. ) SOLID_ANGLE_UNIT ( ) );
#1180 = CARTESIAN_POINT ( 'NONE',  ( -1124.959022542684806, 65.39221202039959735, -42.22864567717541462 ) ) ;
#1181 = CARTESIAN_POINT ( 'NONE',  ( 628.7431761071713936, 63.33695856770862775, -462.5000000000001137 ) ) ;
#1182 = B_SPLINE_CURVE_WITH_KNOTS ( 'NONE', 3,
 ( #1812, #531, #1673, #384, #927 ),
 .UNSPECIFIED., .F., .F.,
 ( 4, 1, 4 ),
 ( 0.000000000000000000, 0.5000000282588340506, 1.000000000000000000 ),
 .UNSPECIFIED. ) ;
#1183 = EDGE_CURVE ( 'NONE', #907, #67, #322, .T. ) ;
#1184 =( NAMED_UNIT ( * ) SI_UNIT ( $, .STERADIAN. ) SOLID_ANGLE_UNIT ( ) );
#1185 =( LENGTH_UNIT ( ) NAMED_UNIT ( * ) SI_UNIT ( .MICRO., .METRE. ) );
#1186 = CARTESIAN_POINT ( 'NONE',  ( 440.3433625893192129, 15.62907057539932687, -513.0049525276571103 ) ) ;
#1187 = ADVANCED_FACE ( 'NONE', ( #1801 ), #1191, .F. ) ;
#1188 = CARTESIAN_POINT ( 'NONE',  ( -500.0000000000000000, 132.0000000000000568, -587.5000000000002274 ) ) ;
#1189 = CARTESIAN_POINT ( 'NONE',  ( 1000.000000000001592, 36.67766210682825090, 643.4643888151882720 ) ) ;
#1190 = CARTESIAN_POINT ( 'NONE',  ( -1000.000000000000000, 132.0000000000000568, 675.0000000000002274 ) ) ;
#1191 = B_SPLINE_SURFACE_WITH_KNOTS ( 'NONE', 3, 3, ( 
 ( #497, #1460, #897, #120 ),
 ( #1876, #508, #1087, #1256 ),
 ( #2378, #2237, #680, #1305 ),
 ( #2393, #522, #1418, #100 ),
 ( #2043, #1857, #873, #2072 ),
 ( #1273, #696, #76, #487 ),
 ( #1437, #1108, #2221, #1895 ) ),
 .UNSPECIFIED., .F., .F., .F.,
 ( 4, 1, 1, 1, 4 ),
 ( 4, 4 ),
 ( 0.000000000000000000, 0.2500000000000000000, 0.5000000000000000000, 0.7500000000000000000, 1.000000000000000000 ),
 ( 0.000000000000000000, 1.000000000000000000 ),
 .UNSPECIFIED. ) ;
#1192 = CARTESIAN_POINT ( 'NONE',  ( 1090.896919639776570, 39.10897761384791238, -550.0000000000006821 ) ) ;
#1193 = B_SPLINE_CURVE_WITH_KNOTS ( 'NONE', 3,
 ( #1604, #1837, #2379, #654 ),
 .UNSPECIFIED., .F., .F.,
 ( 4, 4 ),
 ( 0.000000000000000000, 1.000000000000000000 ),
 .UNSPECIFIED. ) ;
#1194 = VECTOR ( 'NONE', #1046, 1000000.000000000000 ) ;
#1195 = B_SPLINE_CURVE_WITH_KNOTS ( 'NONE', 3,
 ( #1222, #1039, #2435, #1236 ),
 .UNSPECIFIED., .F., .F.,
 ( 4, 4 ),
 ( 0.000000000000000000, 1.000000000000000000 ),
 .UNSPECIFIED. ) ;
#1196 = CARTESIAN_POINT ( 'NONE',  ( -999.9999999999987494, 80.99961139267641386, 670.8263778465170617 ) ) ;
#1197 = CARTESIAN_POINT ( 'NONE',  ( -933.4931984362265212, 3.666666666666690499, -567.2099472942543343 ) ) ;
#1198 = CARTESIAN_POINT ( 'NONE',  ( -500.0000000000000000, 0.000000000000000000, 462.5000000000006821 ) ) ;
#1199 = MECHANICAL_DESIGN_GEOMETRIC_PRESENTATION_REPRESENTATION (  '', ( #2081 ), #1259 ) ;
#1200 = DIRECTION ( 'NONE',  ( 0.000000000000000000, 0.000000000000000000, 1.000000000000000000 ) ) ;
#1201 = CARTESIAN_POINT ( 'NONE',  ( -1000.000000000000000, 132.0000000000000568, -675.0000000000002274 ) ) ;
#1202 = CARTESIAN_POINT ( 'NONE',  ( 433.4931984362265212, 3.666666666666690499, -479.7099472942542775 ) ) ;
#1203 = CARTESIAN_POINT ( 'NONE',  ( -500.0000000000000000, 132.0000000000000853, -587.4999999999998863 ) ) ;
#1204 = CARTESIAN_POINT ( 'NONE',  ( -1000.000000000000000, 0.000000000000000000, -499.9999999999992610 ) ) ;
#1205 = PRESENTATION_LAYER_ASSIGNMENT (  '', '', ( #2060 ) ) ;
#1206 = CARTESIAN_POINT ( 'NONE',  ( 1112.723163433745867, 71.81725421348123461, 600.3123203239255190 ) ) ;
#1207 = CARTESIAN_POINT ( 'NONE',  ( -875.0000000000003411, 132.0000000000000568, -42.24734406009750387 ) ) ;
#1208 = ADVANCED_FACE ( 'NONE', ( #1814 ), #606, .F. ) ;
#1209 = CARTESIAN_POINT ( 'NONE',  ( 382.0013279699501254, 132.0000000000002274, 512.6196881201949509 ) ) ;
#1210 = EDGE_CURVE ( 'NONE', #1756, #1535, #1, .T. ) ;
#1211 = CARTESIAN_POINT ( 'NONE',  ( -946.5850583756052856, 0.000000000000000000, -550.0000000000007958 ) ) ;
#1212 = CARTESIAN_POINT ( 'NONE',  ( 500.0000000000015348, 6.943605863098891717, 513.1975847313879058 ) ) ;
#1213 = CARTESIAN_POINT ( 'NONE',  ( 1128.743176107171394, 63.33695856770862775, -550.0000000000001137 ) ) ;
#1214 = CARTESIAN_POINT ( 'NONE',  ( 544.7655861069230241, 108.8341101061527638, -581.4412406355380654 ) ) ;
#1215 = VECTOR ( 'NONE', #844, 1000000.000000000000 ) ;
#1216 = EDGE_CURVE ( 'NONE', #725, #1691, #1339, .T. ) ;
#1217 = CARTESIAN_POINT ( 'NONE',  ( -1000.000000000000000, 132.0000000000000568, -675.0000000000003411 ) ) ;
#1218 = DIRECTION ( 'NONE',  ( 0.000000000000000000, 1.000000000000000000, 0.000000000000000000 ) ) ;
#1219 = DIRECTION ( 'NONE',  ( 0.000000000000000000, 0.000000000000000000, 1.000000000000000000 ) ) ;
#1220 = CARTESIAN_POINT ( 'NONE',  ( -1000.000000000000000, 4.065758146820641628E-14, -42.19124891133264299 ) ) ;
#1221 = CIRCLE ( 'NONE', #1350, 75.00000000000002842 ) ;
#1222 = CARTESIAN_POINT ( 'NONE',  ( -124.9999999999996732, 132.0000000000000568, -550.0000000000005684 ) ) ;
#1223 = CARTESIAN_POINT ( 'NONE',  ( 411.6289877462168647, 131.9999999999999716, 550.8710199265071878 ) ) ;
#1224 = CARTESIAN_POINT ( 'NONE',  ( 124.9999999999996732, 132.0000000000000568, 567.2473440600973618 ) ) ;
#1225 = CARTESIAN_POINT ( 'NONE',  ( -1250.000000000000227, 638.0000000000000000, 750.0000000000000000 ) ) ;
#1226 = CARTESIAN_POINT ( 'NONE',  ( -500.0000000000000000, 4.065758146820641628E-14, 479.6912489113324796 ) ) ;
#1227 = CARTESIAN_POINT ( 'NONE',  ( -1.517883041479706208E-12, 6.943605863098891717, -600.6975847313879058 ) ) ;
#1228 = FACE_OUTER_BOUND ( 'NONE', #923, .T. ) ;
#1229 = B_SPLINE_CURVE_WITH_KNOTS ( 'NONE', 3,
 ( #1008, #2200, #1780, #222 ),
 .UNSPECIFIED., .F., .F.,
 ( 4, 4 ),
 ( 0.000000000000000000, 1.000000000000000000 ),
 .UNSPECIFIED. ) ;
#1230 = DIRECTION ( 'NONE',  ( -0.000000000000000000, -0.000000000000000000, 1.000000000000000000 ) ) ;
#1231 = FACE_OUTER_BOUND ( 'NONE', #925, .T. ) ;
#1232 = CARTESIAN_POINT ( 'NONE',  ( -1250.000000000000227, 132.0000000000000568, -750.0000000000000000 ) ) ;
#1233 = CARTESIAN_POINT ( 'NONE',  ( -500.0000000000000000, 132.0000000000000568, 587.5000000000001137 ) ) ;
#1234 = CARTESIAN_POINT ( 'NONE',  ( -999.9999999999987494, 80.99961139267641386, -145.8263778465172607 ) ) ;
#1235 = CARTESIAN_POINT ( 'NONE',  ( -1124.999999999999773, 132.0000000000000568, -25.00000000000071765 ) ) ;
#1236 = CARTESIAN_POINT ( 'NONE',  ( 0.000000000000000000, 0.000000000000000000, -550.0000000000006821 ) ) ;
#1237 = B_SPLINE_CURVE_WITH_KNOTS ( 'NONE', 3,
 ( #719, #2093, #1496, #2242 ),
 .UNSPECIFIED., .F., .F.,
 ( 4, 4 ),
 ( 0.000000000000000000, 1.000000000000000000 ),
 .UNSPECIFIED. ) ;
#1238 = EDGE_CURVE ( 'NONE', #862, #1810, #97, .T. ) ;
#1239 = CARTESIAN_POINT ( 'NONE',  ( 500.0000000000000000, 132.0000000000000853, -587.4999999999998863 ) ) ;
#1240 = FACE_OUTER_BOUND ( 'NONE', #937, .T. ) ;
#1241 = CARTESIAN_POINT ( 'NONE',  ( 1249.999999999999773, 132.0000000000000568, -750.0000000000000000 ) ) ;
#1242 = CARTESIAN_POINT ( 'NONE',  ( -375.0000000000003411, 132.0000000000000568, 462.5000000000005684 ) ) ;
#1243 = B_SPLINE_CURVE_WITH_KNOTS ( 'NONE', 3,
 ( #2163, #2265, #1312, #2029, #617, #2283, #1954 ),
 .UNSPECIFIED., .F., .F.,
 ( 4, 1, 1, 1, 4 ),
 ( 0.000000000000000000, 0.2500000000000000000, 0.5000000000000000000, 0.7500000000000000000, 1.000000000000000000 ),
 .UNSPECIFIED. ) ;
#1244 = CARTESIAN_POINT ( 'NONE',  ( 500.0000000000000000, 0.000000000000000000, -462.5000000000006821 ) ) ;
#1245 = DIRECTION ( 'NONE',  ( 0.000000000000000000, 0.000000000000000000, 1.000000000000000000 ) ) ;
#1246 = ADVANCED_FACE ( 'NONE', ( #63 ), #158, .F. ) ;
#1247 =( NAMED_UNIT ( * ) PLANE_ANGLE_UNIT ( ) SI_UNIT ( $, .RADIAN. ) );
#1248 = CARTESIAN_POINT ( 'NONE',  ( -124.9999999999996732, 132.0000000000000568, 550.0000000000006821 ) ) ;
#1249 = CARTESIAN_POINT ( 'NONE',  ( 66.50680156377350727, 3.666666666666690499, -567.2099472942542207 ) ) ;
#1250 = FILL_AREA_STYLE ('',( #1827 ) ) ;
#1251 = CARTESIAN_POINT ( 'NONE',  ( -387.2768365662541896, 71.81725421348123461, -512.8123203239255190 ) ) ;
#1252 = CARTESIAN_POINT ( 'NONE',  ( -90.52693409765605281, 131.9999999999998579, -640.5269340976575450 ) ) ;
#1253 = CARTESIAN_POINT ( 'NONE',  ( -875.0409774573153072, 65.39221202039959735, -482.7713543228246635 ) ) ;
#1254 = CARTESIAN_POINT ( 'NONE',  ( -624.9590225426848065, 65.39221202039959735, 479.7286456771752796 ) ) ;
#1255 = CARTESIAN_POINT ( 'NONE',  ( -1068.764995645328554, 0.000000000000000000, -25.00000000000093436 ) ) ;
#1256 = CARTESIAN_POINT ( 'NONE',  ( 875.0000000000003411, 132.0000000000000568, -567.2473440600973618 ) ) ;
#1257 = CARTESIAN_POINT ( 'NONE',  ( -1050.119688120194496, 132.0000000000002274, -142.9986720300491072 ) ) ;
#1258 = CARTESIAN_POINT ( 'NONE',  ( 543.7248091885488748, 46.45177473788543665, 554.9852372426780676 ) ) ;
#1259 =( GEOMETRIC_REPRESENTATION_CONTEXT ( 3 ) GLOBAL_UNCERTAINTY_ASSIGNED_CONTEXT ( ( #743 ) ) GLOBAL_UNIT_ASSIGNED_CONTEXT ( ( #2240, #2045, #1138 ) ) REPRESENTATION_CONTEXT ( 'NONE', 'WORKASPACE' ) );
#1260 = CARTESIAN_POINT ( 'NONE',  ( 1000.000000000001592, 6.943605863098891717, -600.6975847313879058 ) ) ;
#1261 = CARTESIAN_POINT ( 'NONE',  ( -1066.506801563773479, 3.666666666666690499, 567.2099472942542207 ) ) ;
#1262 = CARTESIAN_POINT ( 'NONE',  ( -1017.247344060096793, 132.0000000000000568, -374.9999999999996589 ) ) ;
#1263 = DIRECTION ( 'NONE',  ( -0.000000000000000000, -0.000000000000000000, 1.000000000000000000 ) ) ;
#1264 = CARTESIAN_POINT ( 'NONE',  ( 99.68418007512066481, 131.9999999999999432, -627.0578521051698999 ) ) ;
#1265 = CARTESIAN_POINT ( 'NONE',  ( 15.28238293788445290, 124.2228264279514605, 675.3119313422645291 ) ) ;
#1266 = EDGE_CURVE ( 'NONE', #1913, #2476, #577, .T. ) ;
#1267 = CARTESIAN_POINT ( 'NONE',  ( 1088.371012253783192, 131.9999999999999716, -638.3710199265071878 ) ) ;
#1268 = CARTESIAN_POINT ( 'NONE',  ( -1040.000000000000227, 588.0000000000000000, -465.0000000000000000 ) ) ;
#1269 = CARTESIAN_POINT ( 'NONE',  ( -112.7231634337458246, 71.81725421348123461, -600.3123203239255190 ) ) ;
#1270 = CARTESIAN_POINT ( 'NONE',  ( -955.2344138930770896, 108.8341101061527638, -381.0587593644618210 ) ) ;
#1271 = CARTESIAN_POINT ( 'NONE',  ( -544.7655861069230241, 108.8341101061527638, 581.4412406355380654 ) ) ;
#1272 = EDGE_CURVE ( 'NONE', #748, #1020, #1195, .T. ) ;
#1273 = CARTESIAN_POINT ( 'NONE',  ( 1000.000000000000000, 114.8342396419271978, -675.9357940267931326 ) ) ;
#1274 = CARTESIAN_POINT ( 'NONE',  ( -499.9999999999984652, 6.943605863098891717, 513.1975847313879058 ) ) ;
#1275 = CARTESIAN_POINT ( 'NONE',  ( 1000.000000000001364, 80.99961139267641386, -670.8263778465170617 ) ) ;
#1276 = CARTESIAN_POINT ( 'NONE',  ( -568.7649956453285540, 0.000000000000000000, -462.5000000000006821 ) ) ;
#1277 = CARTESIAN_POINT ( 'NONE',  ( -1040.000000000000227, 588.0000000000000000, -540.0000000000000000 ) ) ;
#1278 = CARTESIAN_POINT ( 'NONE',  ( 23.48114495139778413, 86.99974092845100415, -669.8838092410276204 ) ) ;
#1279 = CARTESIAN_POINT ( 'NONE',  ( -17.24734406009678622, 132.0000000000000568, -675.0000000000002274 ) ) ;
#1280 = FILL_AREA_STYLE ('',( #372 ) ) ;
#1281 = PRODUCT_DEFINITION_FORMATION_WITH_SPECIFIED_SOURCE ( 'ANY', '', #708, .NOT_KNOWN. ) ;
#1282 = CARTESIAN_POINT ( 'NONE',  ( -375.0000000000003411, 132.0000000000000568, -479.7473440600973618 ) ) ;
#1283 = STYLED_ITEM ( 'NONE', ( #225 ), #711 ) ;
#1284 = CARTESIAN_POINT ( 'NONE',  ( 523.4811449513978232, 86.99974092845100415, 582.3838092410276204 ) ) ;
#1285 = CARTESIAN_POINT ( 'NONE',  ( -1059.656637410680787, 15.62907057539932687, 600.5049525276571103 ) ) ;
#1286 = CARTESIAN_POINT ( 'NONE',  ( 588.3710122537830784, 131.9999999999999716, 550.8710199265071878 ) ) ;
#1287 = EDGE_CURVE ( 'NONE', #2226, #2309, #125, .T. ) ;
#1288 = CARTESIAN_POINT ( 'NONE',  ( 1.301042606982605321E-12, 80.99961139267641386, -670.8263778465170617 ) ) ;
#1289 = PRODUCT_CONTEXT ( 'NONE', #2216, 'mechanical' ) ;
#1290 = CARTESIAN_POINT ( 'NONE',  ( 628.7431761071713936, 63.33695856770862775, -462.5000000000001137 ) ) ;
#1291 = EDGE_CURVE ( 'NONE', #200, #898, #1719, .T. ) ;
#1292 = PRODUCT_DEFINITION_CONTEXT ( 'detailed design', #1616, 'design' ) ;
#1293 = CARTESIAN_POINT ( 'NONE',  ( -1000.000000000000000, 132.0000000000000853, -150.0000000000000568 ) ) ;
#1294 = CARTESIAN_POINT ( 'NONE',  ( -500.0000000000000000, 0.000000000000000000, 462.5000000000006821 ) ) ;
#1295 = CARTESIAN_POINT ( 'NONE',  ( 0.000000000000000000, 4.065758146820641628E-14, 567.1912489113325364 ) ) ;
#1296 = DIRECTION ( 'NONE',  ( 0.000000000000000000, 1.000000000000000000, 0.000000000000000000 ) ) ;
#1297 = CARTESIAN_POINT ( 'NONE',  ( 568.7649956453285540, 0.000000000000000000, 462.5000000000007958 ) ) ;
#1298 = CARTESIAN_POINT ( 'NONE',  ( -911.6289877462169216, 131.9999999999999716, -113.3710199265073015 ) ) ;
#1299 = CARTESIAN_POINT ( 'NONE',  ( -372.0440081555842653, 77.77669212577781366, 462.5000000000006821 ) ) ;
#1300 = CARTESIAN_POINT ( 'NONE',  ( -911.6289877462169216, 131.9999999999999716, -638.3710199265073015 ) ) ;
#1301 = CARTESIAN_POINT ( 'NONE',  ( -375.0000000000003411, 132.0000000000000568, 462.5000000000005684 ) ) ;
#1302 = CARTESIAN_POINT ( 'NONE',  ( 0.000000000000000000, 132.0000000000000853, 675.0000000000000000 ) ) ;
#1303 = PRESENTATION_LAYER_ASSIGNMENT (  '', '', ( #812 ) ) ;
#1304 = CARTESIAN_POINT ( 'NONE',  ( -1000.000000000000000, 0.000000000000000000, -835.6746605856178576 ) ) ;
#1305 = CARTESIAN_POINT ( 'NONE',  ( 882.0013279699501254, 132.0000000000002274, -600.1196881201949509 ) ) ;
#1306 = CARTESIAN_POINT ( 'NONE',  ( -1000.000000000000000, 132.0000000000000568, -150.0000000000002842 ) ) ;
#1307 = CARTESIAN_POINT ( 'NONE',  ( -922.9421478948313506, 131.9999999999999716, -124.6841800751214748 ) ) ;
#1308 = CARTESIAN_POINT ( 'NONE',  ( -372.0440081555842653, 77.77669212577781366, -462.5000000000006821 ) ) ;
#1309 = EDGE_CURVE ( 'NONE', #655, #1684, #1182, .T. ) ;
#1310 = DIRECTION ( 'NONE',  ( -0.000000000000000000, -0.000000000000000000, 1.000000000000000000 ) ) ;
#1311 = CARTESIAN_POINT ( 'NONE',  ( -887.2768365662542465, 71.81725421348123461, 600.3123203239255190 ) ) ;
#1312 = CARTESIAN_POINT ( 'NONE',  ( 1000.000000000001364, 80.99961139267641386, 670.8263778465170617 ) ) ;
#1313 = APPLICATION_PROTOCOL_DEFINITION ( 'draft international standard', 'automotive_design', 1998, #2216 ) ;
#1314 = CARTESIAN_POINT ( 'NONE',  ( -1124.999999999999773, 132.0000000000000568, 567.2473440600973618 ) ) ;
#1315 = CARTESIAN_POINT ( 'NONE',  ( -946.5850583756052856, 0.000000000000000000, -499.9999999999992610 ) ) ;
#1316 = CARTESIAN_POINT ( 'NONE',  ( 375.0000000000003411, 132.0000000000000568, 462.5000000000006821 ) ) ;
#1317 = CARTESIAN_POINT ( 'NONE',  ( 617.9986720300498746, 132.0000000000002274, -512.6196881201949509 ) ) ;
#1318 = UNCERTAINTY_MEASURE_WITH_UNIT (LENGTH_MEASURE( 1.000000000000000082E-05 ), #595, 'distance_accuracy_value', 'NONE');
#1319 = CARTESIAN_POINT ( 'NONE',  ( -1040.000000000000227, 588.0000000000000000, -540.0000000000000000 ) ) ;
#1320 = CARTESIAN_POINT ( 'NONE',  ( 1000.000000000000000, 0.000000000000000000, -550.0000000000006821 ) ) ;
#1321 = CARTESIAN_POINT ( 'NONE',  ( -566.5068015637734788, 3.666666666666690499, -479.7099472942542775 ) ) ;
#1322 = CARTESIAN_POINT ( 'NONE',  ( -1000.000000000001592, 36.67766210682825090, 643.4643888151882720 ) ) ;
#1323 = CARTESIAN_POINT ( 'NONE',  ( 382.0013279699501254, 132.0000000000002274, 512.6196881201949509 ) ) ;
#1324 = SURFACE_SIDE_STYLE ('',( #2075 ) ) ;
#1325 = CARTESIAN_POINT ( 'NONE',  ( 931.2350043546714460, 0.000000000000000000, -550.0000000000006821 ) ) ;
#1326 = CARTESIAN_POINT ( 'NONE',  ( -1088.371012253783192, 131.9999999999999716, -411.6289800734927553 ) ) ;
#1327 = PRESENTATION_LAYER_ASSIGNMENT (  '', '', ( #2333 ) ) ;
#1328 = CARTESIAN_POINT ( 'NONE',  ( 500.0000000000000000, 4.065758146820641628E-14, -479.6912489113324796 ) ) ;
#1329 =( NAMED_UNIT ( * ) PLANE_ANGLE_UNIT ( ) SI_UNIT ( $, .RADIAN. ) );
#1330 = EDGE_CURVE ( 'NONE', #1934, #796, #775, .T. ) ;
#1331 = CARTESIAN_POINT ( 'NONE',  ( -1000.000000000001592, 6.943605863098891717, -600.6975847313880195 ) ) ;
#1332 = CARTESIAN_POINT ( 'NONE',  ( 500.0000000000000000, 0.000000000000000000, -462.5000000000006821 ) ) ;
#1333 = CARTESIAN_POINT ( 'NONE',  ( -500.0000000000013074, 80.99961139267641386, -583.3263778465170617 ) ) ;
#1334 = CARTESIAN_POINT ( 'NONE',  ( 882.0013279699501254, 132.0000000000002274, 600.1196881201949509 ) ) ;
#1335 = CARTESIAN_POINT ( 'NONE',  ( 1000.000000000000000, 132.0000000000000568, 675.0000000000001137 ) ) ;
#1336 = CARTESIAN_POINT ( 'NONE',  ( 500.0000000000000000, 132.0000000000000568, 587.5000000000001137 ) ) ;
#1337 = ADVANCED_FACE ( 'NONE', ( #880 ), #1467, .F. ) ;
#1338 = CARTESIAN_POINT ( 'NONE',  ( 482.7526559399032067, 132.0000000000000568, -587.5000000000002274 ) ) ;
#1339 = B_SPLINE_CURVE_WITH_KNOTS ( 'NONE', 3,
 ( #214, #1960, #1178, #999, #1340, #549, #2119 ),
 .UNSPECIFIED., .F., .F.,
 ( 4, 1, 1, 1, 4 ),
 ( 0.000000000000000000, 0.2500000000000000000, 0.5000000000000000000, 0.7500000000000000000, 1.000000000000000000 ),
 .UNSPECIFIED. ) ;
#1340 = CARTESIAN_POINT ( 'NONE',  ( -500.0000000000015348, 6.943605863098891717, -513.1975847313879058 ) ) ;
#1341 = CARTESIAN_POINT ( 'NONE',  ( -931.2350043546714460, 0.000000000000000000, -25.00000000000082423 ) ) ;
#1342 = CARTESIAN_POINT ( 'NONE',  ( 124.9999999999996732, 132.0000000000000000, 550.0000000000006821 ) ) ;
#1343 = CARTESIAN_POINT ( 'NONE',  ( -1063.980576015646193, 132.0000000000000568, -137.7961171618112814 ) ) ;
#1344 = CARTESIAN_POINT ( 'NONE',  ( -1000.000000000000000, 132.0000000000000853, -675.0000000000000000 ) ) ;
#1345 = CARTESIAN_POINT ( 'NONE',  ( 409.4730659023439330, 131.9999999999998579, -553.0269340976574313 ) ) ;
#1346 = B_SPLINE_SURFACE_WITH_KNOTS ( 'NONE', 3, 3, ( 
 ( #1578, #2344, #288, #305 ),
 ( #463, #1261, #625, #1971 ),
 ( #188, #1285, #1514, #406 ),
 ( #568, #2104, #527, #152 ),
 ( #393, #2431, #365, #2415 ),
 ( #554, #882, #1687, #1711 ),
 ( #2441, #1651, #2114, #702 ) ),
 .UNSPECIFIED., .F., .F., .F.,
 ( 4, 1, 1, 1, 4 ),
 ( 4, 4 ),
 ( 0.000000000000000000, 0.2500000000000000000, 0.5000000000000000000, 0.7500000000000000000, 1.000000000000000000 ),
 ( 0.000000000000000000, 1.000000000000000000 ),
 .UNSPECIFIED. ) ;
#1347 = CARTESIAN_POINT ( 'NONE',  ( 1088.371012253783192, 131.9999999999999716, -638.3710199265071878 ) ) ;
#1348 = CARTESIAN_POINT ( 'NONE',  ( 34.51779474524485636, 132.0000000000000568, 675.0000000000002274 ) ) ;
#1349 = B_SPLINE_CURVE_WITH_KNOTS ( 'NONE', 3,
 ( #428, #195, #1693, #590 ),
 .UNSPECIFIED., .F., .F.,
 ( 4, 4 ),
 ( 0.000000000000000000, 1.000000000000000000 ),
 .UNSPECIFIED. ) ;
#1350 = AXIS2_PLACEMENT_3D ( 'NONE', #2124, #972, #1948 ) ;
#1351 = CARTESIAN_POINT ( 'NONE',  ( 484.7176170621155507, 124.2228264279514605, -587.8119313422645291 ) ) ;
#1352 = ADVANCED_FACE ( 'NONE', ( #131 ), #104, .T. ) ;
#1353 = EDGE_CURVE ( 'NONE', #253, #1122, #1730, .T. ) ;
#1354 = CARTESIAN_POINT ( 'NONE',  ( -449.8803118798055607, 132.0000000000002274, -580.4986720300489651 ) ) ;
#1355 = DIRECTION ( 'NONE',  ( 0.000000000000000000, -0.000000000000000000, 1.000000000000000000 ) ) ;
#1356 = CARTESIAN_POINT ( 'NONE',  ( -976.5188550486022905, 86.99974092845100415, -669.8838092410277341 ) ) ;
#1357 = CARTESIAN_POINT ( 'NONE',  ( -1250.000000000000227, 132.0000000000000568, 750.0000000000000000 ) ) ;
#1358 = EDGE_CURVE ( 'NONE', #1530, #280, #1229, .T. ) ;
#1359 = VECTOR ( 'NONE', #1615, 1000000.000000000000 ) ;
#1360 = DIRECTION ( 'NONE',  ( 0.000000000000000000, 1.000000000000000000, 0.000000000000000000 ) ) ;
#1361 = CARTESIAN_POINT ( 'NONE',  ( 500.0000000000015348, 36.67766210682825090, -555.9643888151881583 ) ) ;
#1362 = DIRECTION ( 'NONE',  ( -0.000000000000000000, -0.000000000000000000, -1.000000000000000000 ) ) ;
#1363 = CARTESIAN_POINT ( 'NONE',  ( 875.0000000000003411, 132.0000000000000568, -550.0000000000006821 ) ) ;
#1364 = CARTESIAN_POINT ( 'NONE',  ( -500.0000000000000000, 0.000000000000000000, 462.5000000000006821 ) ) ;
#1365 = CARTESIAN_POINT ( 'NONE',  ( -940.3433625893192129, 15.62907057539932687, -75.50495252765722398 ) ) ;
#1366 = LINE ( 'NONE', #2212, #1427 ) ;
#1367 = CARTESIAN_POINT ( 'NONE',  ( -624.9999999999996589, 132.0000000000000568, -748.1746605856177439 ) ) ;
#1368 = FACE_OUTER_BOUND ( 'NONE', #1582, .T. ) ;
#1369 = CARTESIAN_POINT ( 'NONE',  ( -1000.000000000000000, 0.000000000000000000, -550.0000000000007958 ) ) ;
#1370 = CARTESIAN_POINT ( 'NONE',  ( -124.9999999999996732, 132.0000000000000568, -584.5177989836047345 ) ) ;
#1371 = CARTESIAN_POINT ( 'NONE',  ( 411.6289877462168647, 131.9999999999999716, 550.8710199265071878 ) ) ;
#1372 = CARTESIAN_POINT ( 'NONE',  ( 590.8969196397764563, 39.10897761384791238, 462.5000000000006821 ) ) ;
#1373 = ADVANCED_FACE ( 'NONE', ( #1752 ), #336, .T. ) ;
#1374 =( GEOMETRIC_REPRESENTATION_CONTEXT ( 3 ) GLOBAL_UNCERTAINTY_ASSIGNED_CONTEXT ( ( #1318 ) ) GLOBAL_UNIT_ASSIGNED_CONTEXT ( ( #595, #1329, #1184 ) ) REPRESENTATION_CONTEXT ( 'NONE', 'WORKASPACE' ) );
#1375 = LINE ( 'NONE', #291, #552 ) ;
#1376 = CARTESIAN_POINT ( 'NONE',  ( -1000.000000000000000, 114.8342396419271978, -675.9357940267932463 ) ) ;
#1377 = CARTESIAN_POINT ( 'NONE',  ( 909.4730659023439330, 131.9999999999998579, 640.5269340976575450 ) ) ;
#1378 = AXIS2_PLACEMENT_3D ( 'NONE', #1357, #249, #1245 ) ;
#1379 = CARTESIAN_POINT ( 'NONE',  ( 1000.000000000000000, 0.000000000000000000, 550.0000000000006821 ) ) ;
#1380 = CARTESIAN_POINT ( 'NONE',  ( -612.7231634337458672, 71.81725421348123461, 512.8123203239255190 ) ) ;
#1381 = FACE_OUTER_BOUND ( 'NONE', #955, .T. ) ;
#1382 = DIRECTION ( 'NONE',  ( -0.000000000000000000, -0.000000000000000000, 1.000000000000000000 ) ) ;
#1383 = CARTESIAN_POINT ( 'NONE',  ( 400.3158199248793494, 131.9999999999999432, 539.5578521051698999 ) ) ;
#1384 = EDGE_CURVE ( 'NONE', #1955, #2421, #1925, .T. ) ;
#1385 = ORIENTED_EDGE ( 'NONE', *, *, #661, .T. ) ;
#1386 = CARTESIAN_POINT ( 'NONE',  ( -1090.896919639776570, 39.10897761384791238, 550.0000000000006821 ) ) ;
#1387 = CARTESIAN_POINT ( 'NONE',  ( -440.3433625893192129, 15.62907057539932687, 513.0049525276571103 ) ) ;
#1388 = CARTESIAN_POINT ( 'NONE',  ( 0.000000000000000000, 4.065758146820641628E-14, -567.1912489113325364 ) ) ;
#1389 = VECTOR ( 'NONE', #1965, 1000000.000000000000 ) ;
#1390 = EDGE_CURVE ( 'NONE', #1545, #1941, #2091, .T. ) ;
#1391 = CARTESIAN_POINT ( 'NONE',  ( -875.0000000000003411, 132.0000000000000568, -550.0000000000007958 ) ) ;
#1392 = VECTOR ( 'NONE', #321, 1000000.000000000000 ) ;
#1393 = B_SPLINE_SURFACE_WITH_KNOTS ( 'NONE', 3, 3, ( 
 ( #842, #1297, #1112, #1884 ),
 ( #2413, #2397, #1863, #1605 ),
 ( #105, #657, #500, #2062 ),
 ( #1840, #1258, #670, #127 ),
 ( #859, #1284, #1452, #1634 ),
 ( #2076, #1092, #348, #512 ),
 ( #1623, #2209, #2225, #881 ) ),
 .UNSPECIFIED., .F., .F., .F.,
 ( 4, 1, 1, 1, 4 ),
 ( 4, 4 ),
 ( 0.000000000000000000, 0.2500000000000000000, 0.5000000000000000000, 0.7500000000000000000, 1.000000000000000000 ),
 ( 0.000000000000000000, 1.000000000000000000 ),
 .UNSPECIFIED. ) ;
#1394 = CARTESIAN_POINT ( 'NONE',  ( -500.0000000000000000, 132.0000000000000568, -587.5000000000001137 ) ) ;
#1395 = ADVANCED_FACE ( 'NONE', ( #52 ), #792, .F. ) ;
#1396 = CARTESIAN_POINT ( 'NONE',  ( -550.1196881201944962, 132.0000000000002274, -580.4986720300489651 ) ) ;
#1397 = CARTESIAN_POINT ( 'NONE',  ( -1117.998672030049875, 132.0000000000002274, -449.8803118798049923 ) ) ;
#1398 = CARTESIAN_POINT ( 'NONE',  ( -624.9999999999996589, 132.0000000000000568, 462.5000000000005684 ) ) ;
#1399 = CIRCLE ( 'NONE', #2006, 75.00000000000002842 ) ;
#1400 = CARTESIAN_POINT ( 'NONE',  ( 1000.000000000000000, 132.0000000000000568, 675.0000000000001137 ) ) ;
#1401 = CARTESIAN_POINT ( 'NONE',  ( -624.9999999999996589, 132.0000000000000568, 479.7473440600973618 ) ) ;
#1402 = VECTOR ( 'NONE', #1714, 1000000.000000000000 ) ;
#1403 = DIRECTION ( 'NONE',  ( 0.000000000000000000, -0.000000000000000000, 1.000000000000000000 ) ) ;
#1404 = CARTESIAN_POINT ( 'NONE',  ( 0.000000000000000000, 0.000000000000000000, 550.0000000000006821 ) ) ;
#1405 = CARTESIAN_POINT ( 'NONE',  ( -875.0000000000003411, 132.0000000000000568, -835.6746605856178576 ) ) ;
#1406 = VECTOR ( 'NONE', #665, 1000000.000000000000 ) ;
#1407 = CARTESIAN_POINT ( 'NONE',  ( -1090.526934097656067, 131.9999999999998579, -409.4730659023424550 ) ) ;
#1408 = CARTESIAN_POINT ( 'NONE',  ( 875.0000000000003411, 132.0000000000000568, -550.0000000000005684 ) ) ;
#1409 = CARTESIAN_POINT ( 'NONE',  ( 0.000000000000000000, 4.065758146820641628E-14, -567.1912489113325364 ) ) ;
#1410 = CARTESIAN_POINT ( 'NONE',  ( -1068.764995645328554, 0.000000000000000000, -499.9999999999992610 ) ) ;
#1411 = LINE ( 'NONE', #764, #2241 ) ;
#1412 = FILL_AREA_STYLE_COLOUR ( '', #589 ) ;
#1413 = AXIS2_PLACEMENT_3D ( 'NONE', #2230, #2417, #2245 ) ;
#1414 = CARTESIAN_POINT ( 'NONE',  ( -900.3158199248794062, 131.9999999999999432, -627.0578521051700136 ) ) ;
#1415 = CARTESIAN_POINT ( 'NONE',  ( -909.4730659023439330, 131.9999999999998579, -409.4730659023424550 ) ) ;
#1416 = CARTESIAN_POINT ( 'NONE',  ( -583.0562107853559155, 87.89436665279694694, 554.0060856701675220 ) ) ;
#1417 = FACE_OUTER_BOUND ( 'NONE', #1769, .T. ) ;
#1418 = CARTESIAN_POINT ( 'NONE',  ( 916.9437892146440845, 87.89436665279694694, -641.5060856701675220 ) ) ;
#1419 = ADVANCED_FACE ( 'NONE', ( #964 ), #838, .T. ) ;
#1420 = EDGE_CURVE ( 'NONE', #981, #1728, #149, .T. ) ;
#1421 = CARTESIAN_POINT ( 'NONE',  ( 1000.000000000000000, 132.0000000000000568, -675.0000000000001137 ) ) ;
#1422 = B_SPLINE_CURVE_WITH_KNOTS ( 'NONE', 3,
 ( #1558, #1626, #2008, #2326 ),
 .UNSPECIFIED., .F., .F.,
 ( 4, 4 ),
 ( 0.000000000000000000, 1.000000000000000000 ),
 .UNSPECIFIED. ) ;
#1423 = PRESENTATION_STYLE_ASSIGNMENT (( #1969 ) ) ;
#1424 = CARTESIAN_POINT ( 'NONE',  ( -500.0000000000000000, 114.8342396419271978, 588.4357940267931326 ) ) ;
#1425 = CARTESIAN_POINT ( 'NONE',  ( -500.0000000000000000, 132.0000000000000568, 587.5000000000001137 ) ) ;
#1426 = CARTESIAN_POINT ( 'NONE',  ( 627.9559918444157347, 77.77669212577781366, -462.5000000000006821 ) ) ;
#1427 = VECTOR ( 'NONE', #1310, 1000000.000000000000 ) ;
#1428 = CARTESIAN_POINT ( 'NONE',  ( -1000.000000000000000, 132.0000000000000853, -374.9999999999998863 ) ) ;
#1429 = DIRECTION ( 'NONE',  ( 0.000000000000000000, 0.000000000000000000, 1.000000000000000000 ) ) ;
#1430 = CARTESIAN_POINT ( 'NONE',  ( -612.7961146037345088, 132.0000000000000568, -526.4805828120821616 ) ) ;
#1431 = CARTESIAN_POINT ( 'NONE',  ( 0.000000000000000000, 132.0000000000000853, -674.9999999999998863 ) ) ;
#1432 = CARTESIAN_POINT ( 'NONE',  ( 1124.999999999999773, 132.0000000000000568, -550.0000000000006821 ) ) ;
#1433 = CARTESIAN_POINT ( 'NONE',  ( -911.6289877462169216, 131.9999999999999716, -638.3710199265073015 ) ) ;
#1434 = CARTESIAN_POINT ( 'NONE',  ( -83.05621078535594393, 87.89436665279694694, -641.5060856701675220 ) ) ;
#1435 = CARTESIAN_POINT ( 'NONE',  ( -982.7526559399032067, 132.0000000000000568, -374.9999999999996589 ) ) ;
#1436 = CARTESIAN_POINT ( 'NONE',  ( -500.0000000000013074, 80.99961139267641386, 583.3263778465170617 ) ) ;
#1437 = CARTESIAN_POINT ( 'NONE',  ( 1000.000000000000000, 132.0000000000000853, -675.0000000000000000 ) ) ;
#1438 = SURFACE_STYLE_USAGE ( .BOTH. , #103 ) ;
#1439 = CARTESIAN_POINT ( 'NONE',  ( -499.9999999999986926, 80.99961139267641386, 583.3263778465170617 ) ) ;
#1440 = CARTESIAN_POINT ( 'NONE',  ( 1023.481144951397823, 86.99974092845100415, -669.8838092410276204 ) ) ;
#1441 = CARTESIAN_POINT ( 'NONE',  ( 1249.999999999999773, 638.0000000000000000, 750.0000000000000000 ) ) ;
#1442 = CARTESIAN_POINT ( 'NONE',  ( 1249.999999999999773, 132.0000000000000568, 750.0000000000000000 ) ) ;
#1443 = B_SPLINE_SURFACE_WITH_KNOTS ( 'NONE', 3, 3, ( 
 ( #605, #1574, #2166, #620 ),
 ( #2003, #783, #1021, #1224 ),
 ( #2154, #2323, #1444, #90 ),
 ( #1117, #481, #1911, #1074 ),
 ( #1598, #663, #1639, #1133 ),
 ( #1629, #645, #1265, #2215 ),
 ( #1302, #340, #804, #2069 ) ),
 .UNSPECIFIED., .F., .F., .F.,
 ( 4, 1, 1, 1, 4 ),
 ( 4, 4 ),
 ( 0.000000000000000000, 0.2500000000000000000, 0.5000000000000000000, 0.7500000000000000000, 1.000000000000000000 ),
 ( 0.000000000000000000, 1.000000000000000000 ),
 .UNSPECIFIED. ) ;
#1444 = CARTESIAN_POINT ( 'NONE',  ( 112.7231634337458246, 71.81725421348123461, 600.3123203239255190 ) ) ;
#1445 = AXIS2_PLACEMENT_3D ( 'NONE', #776, #308, #1560 ) ;
#1446 = CARTESIAN_POINT ( 'NONE',  ( -1000.000000000000000, 0.000000000000000000, 550.0000000000006821 ) ) ;
#1447 = FILL_AREA_STYLE ('',( #2108 ) ) ;
#1448 = EDGE_CURVE ( 'NONE', #1563, #1691, #169, .T. ) ;
#1449 = CARTESIAN_POINT ( 'NONE',  ( -411.6289877462168647, 131.9999999999999716, -550.8710199265071878 ) ) ;
#1450 = CARTESIAN_POINT ( 'NONE',  ( 875.0000000000003411, 132.0000000000000568, -584.5177989836047345 ) ) ;
#1451 = B_SPLINE_CURVE_WITH_KNOTS ( 'NONE', 3,
 ( #229, #1973, #2354, #1012 ),
 .UNSPECIFIED., .F., .F.,
 ( 4, 4 ),
 ( 0.000000000000000000, 1.000000000000000000 ),
 .UNSPECIFIED. ) ;
#1452 = CARTESIAN_POINT ( 'NONE',  ( 544.7655861069230241, 108.8341101061527638, 581.4412406355380654 ) ) ;
#1453 = CARTESIAN_POINT ( 'NONE',  ( 0.000000000000000000, 132.0000000000000568, 675.0000000000001137 ) ) ;
#1454 = DIRECTION ( 'NONE',  ( -1.000000000000000000, 0.000000000000000000, -0.000000000000000000 ) ) ;
#1455 = CARTESIAN_POINT ( 'NONE',  ( -624.9999999999996589, 132.0000000000000568, -462.5000000000006821 ) ) ;
#1456 = PLANE ( 'NONE',  #1463 ) ;
#1457 = CARTESIAN_POINT ( 'NONE',  ( 17.24734406009678622, 132.0000000000000568, -675.0000000000002274 ) ) ;
#1458 = CARTESIAN_POINT ( 'NONE',  ( -1124.999999999999773, 132.0000000000000000, 550.0000000000006821 ) ) ;
#1459 = FILL_AREA_STYLE_COLOUR ( '', #1002 ) ;
#1460 = CARTESIAN_POINT ( 'NONE',  ( 931.2350043546714460, 0.000000000000000000, -550.0000000000007958 ) ) ;
#1461 = CARTESIAN_POINT ( 'NONE',  ( -1.301042606982605321E-12, 80.99961139267641386, 670.8263778465170617 ) ) ;
#1462 = VECTOR ( 'NONE', #1564, 1000000.000000000000 ) ;
#1463 = AXIS2_PLACEMENT_3D ( 'NONE', #1779, #2010, #2159 ) ;
#1464 = CARTESIAN_POINT ( 'NONE',  ( -500.0000000000015348, 36.67766210682825090, 555.9643888151881583 ) ) ;
#1465 = CARTESIAN_POINT ( 'NONE',  ( -1000.000000000000000, 132.0000000000000568, -25.00000000000071765 ) ) ;
#1466 = CARTESIAN_POINT ( 'NONE',  ( -446.5850583756052288, 0.000000000000000000, 462.5000000000006821 ) ) ;
#1467 = B_SPLINE_SURFACE_WITH_KNOTS ( 'NONE', 3, 1, ( 
 ( #1030, #466 ),
 ( #987, #2479 ),
 ( #1825, #250 ),
 ( #803, #1248 ) ),
 .UNSPECIFIED., .F., .F., .F.,
 ( 4, 4 ),
 ( 2, 2 ),
 ( 0.000000000000000000, 1.000000000000000000 ),
 ( 0.000000000000000000, 1.000000000000000000 ),
 .UNSPECIFIED. ) ;
#1468 = CARTESIAN_POINT ( 'NONE',  ( 949.8803118798056175, 132.0000000000002274, 667.9986720300489651 ) ) ;
#1469 = CARTESIAN_POINT ( 'NONE',  ( -1000.000000000001592, 36.67766210682825090, -406.5356111848117280 ) ) ;
#1470 = EDGE_CURVE ( 'NONE', #1941, #61, #1676, .T. ) ;
#1471 = CARTESIAN_POINT ( 'NONE',  ( 1083.056210785355916, 87.89436665279694694, 641.5060856701675220 ) ) ;
#1472 = CARTESIAN_POINT ( 'NONE',  ( 0.000000000000000000, 132.0000000000000568, -675.0000000000001137 ) ) ;
#1473 =( NAMED_UNIT ( * ) PLANE_ANGLE_UNIT ( ) SI_UNIT ( $, .RADIAN. ) );
#1474 = ORIENTED_EDGE ( 'NONE', *, *, #2452, .T. ) ;
#1475 = CARTESIAN_POINT ( 'NONE',  ( -1000.000000000000000, 132.0000000000000568, -150.0000000000002842 ) ) ;
#1476 = EDGE_CURVE ( 'NONE', #1950, #915, #22, .T. ) ;
#1477 = VERTEX_POINT ( 'NONE', #1696 ) ;
#1478 = CARTESIAN_POINT ( 'NONE',  ( -500.0000000000000000, 132.0000000000000568, -587.5000000000001137 ) ) ;
#1479 = VERTEX_POINT ( 'NONE', #1642 ) ;
#1480 = CARTESIAN_POINT ( 'NONE',  ( 17.24734406009678622, 132.0000000000000568, -675.0000000000002274 ) ) ;
#1481 = CARTESIAN_POINT ( 'NONE',  ( -500.0000000000000000, 0.000000000000000000, -462.5000000000006821 ) ) ;
#1482 = CARTESIAN_POINT ( 'NONE',  ( -922.9421478948313506, 131.9999999999999716, -649.6841800751215033 ) ) ;
#1483 = ORIENTED_EDGE ( 'NONE', *, *, #2338, .F. ) ;
#1484 = CARTESIAN_POINT ( 'NONE',  ( 1017.247344060096793, 132.0000000000000568, 675.0000000000002274 ) ) ;
#1485 = DIRECTION ( 'NONE',  ( 0.000000000000000000, 1.000000000000000000, 0.000000000000000000 ) ) ;
#1486 = ORIENTED_EDGE ( 'NONE', *, *, #1476, .T. ) ;
#1487 = MANIFOLD_SOLID_BREP ( 'Boss-Extrude2', #742 ) ;
#1488 = CARTESIAN_POINT ( 'NONE',  ( -1124.999999999999773, 132.0000000000000000, -25.00000000000082423 ) ) ;
#1489 = CARTESIAN_POINT ( 'NONE',  ( 465.4822052547551721, 132.0000000000000568, -587.5000000000002274 ) ) ;
#1490 = CLOSED_SHELL ( 'NONE', ( #1395, #29, #1712, #1978, #1246, #565, #2117 ) ) ;
#1491 = CARTESIAN_POINT ( 'NONE',  ( -117.9986720300499030, 132.0000000000002274, 600.1196881201949509 ) ) ;
#1492 = CARTESIAN_POINT ( 'NONE',  ( 543.7248091885488748, 46.45177473788543665, -554.9852372426780676 ) ) ;
#1493 = B_SPLINE_CURVE_WITH_KNOTS ( 'NONE', 3,
 ( #618, #2274, #459, #998 ),
 .UNSPECIFIED., .F., .F.,
 ( 4, 4 ),
 ( 0.000000000000000000, 1.000000000000000000 ),
 .UNSPECIFIED. ) ;
#1494 = MECHANICAL_DESIGN_GEOMETRIC_PRESENTATION_REPRESENTATION (  '', ( #2060 ), #656 ) ;
#1495 = ORIENTED_EDGE ( 'NONE', *, *, #713, .F. ) ;
#1496 = CARTESIAN_POINT ( 'NONE',  ( -1124.999999999999773, 132.0000000000000568, -584.5177989836048482 ) ) ;
#1497 = CARTESIAN_POINT ( 'NONE',  ( 1000.000000000000000, 0.000000000000000000, 550.0000000000006821 ) ) ;
#1498 = EDGE_CURVE ( 'NONE', #1084, #1675, #2073, .T. ) ;
#1499 = CARTESIAN_POINT ( 'NONE',  ( -1250.000000000000227, 132.0000000000000568, 750.0000000000000000 ) ) ;
#1500 = ORIENTED_EDGE ( 'NONE', *, *, #1017, .F. ) ;
#1501 = CARTESIAN_POINT ( 'NONE',  ( 500.0000000000015348, 36.67766210682825090, 555.9643888151881583 ) ) ;
#1502 = B_SPLINE_CURVE_WITH_KNOTS ( 'NONE', 3,
 ( #465, #1610, #644, #674, #2386 ),
 .UNSPECIFIED., .F., .F.,
 ( 4, 1, 4 ),
 ( 0.000000000000000000, 0.5000000282588327183, 1.000000000000000000 ),
 .UNSPECIFIED. ) ;
#1503 = EDGE_CURVE ( 'NONE', #280, #1755, #1049, .T. ) ;
#1504 = ORIENTED_EDGE ( 'NONE', *, *, #2129, .F. ) ;
#1505 = MANIFOLD_SOLID_BREP ( 'Cut-Extrude1', #1113 ) ;
#1506 = DIRECTION ( 'NONE',  ( 0.000000000000000000, 1.000000000000000000, 0.000000000000000000 ) ) ;
#1507 = CARTESIAN_POINT ( 'NONE',  ( -1000.000000000000000, 132.0000000000000568, 675.0000000000001137 ) ) ;
#1508 = ORIENTED_EDGE ( 'NONE', *, *, #251, .T. ) ;
#1509 = CARTESIAN_POINT ( 'NONE',  ( 0.000000000000000000, 114.8342396419271978, 675.9357940267931326 ) ) ;
#1510 = DIRECTION ( 'NONE',  ( 0.000000000000000000, 1.000000000000000000, 0.000000000000000000 ) ) ;
#1511 = CARTESIAN_POINT ( 'NONE',  ( 508.0073087682540063, 116.8894930946181603, -588.1238626845287172 ) ) ;
#1512 = ORIENTED_EDGE ( 'NONE', *, *, #1678, .T. ) ;
#1513 = CARTESIAN_POINT ( 'NONE',  ( -1059.656637410680787, 15.62907057539932687, -600.5049525276572240 ) ) ;
#1514 = CARTESIAN_POINT ( 'NONE',  ( -1112.723163433745867, 71.81725421348123461, 600.3123203239255190 ) ) ;
#1515 = CARTESIAN_POINT ( 'NONE',  ( -559.6566374106807871, 15.62907057539932687, -513.0049525276571103 ) ) ;
#1516 = ORIENTED_EDGE ( 'NONE', *, *, #317, .T. ) ;
#1517 = CARTESIAN_POINT ( 'NONE',  ( 956.2751908114512389, 46.45177473788543665, 642.4852372426781812 ) ) ;
#1518 = CARTESIAN_POINT ( 'NONE',  ( -991.9926912317459937, 116.8894930946181603, 675.6238626845287172 ) ) ;
#1519 = CARTESIAN_POINT ( 'NONE',  ( -1250.000000000000227, 132.0000000000000568, 750.0000000000000000 ) ) ;
#1520 = B_SPLINE_CURVE_WITH_KNOTS ( 'NONE', 3,
 ( #642, #2197, #1071, #2383 ),
 .UNSPECIFIED., .F., .F.,
 ( 4, 4 ),
 ( 0.000000000000000000, 1.000000000000000000 ),
 .UNSPECIFIED. ) ;
#1521 = ORIENTED_EDGE ( 'NONE', *, *, #1561, .T. ) ;
#1522 = PRESENTATION_LAYER_ASSIGNMENT (  '', '', ( #1790 ) ) ;
#1523 = CARTESIAN_POINT ( 'NONE',  ( -1040.000000000000227, 588.0000000000000000, -465.0000000000000000 ) ) ;
#1524 =( LENGTH_UNIT ( ) NAMED_UNIT ( * ) SI_UNIT ( .MICRO., .METRE. ) );
#1525 = ORIENTED_EDGE ( 'NONE', *, *, #1916, .T. ) ;
#1526 = CARTESIAN_POINT ( 'NONE',  ( 500.0000000000000000, 0.000000000000000000, -748.1746605856177439 ) ) ;
#1527 = CARTESIAN_POINT ( 'NONE',  ( 127.9559918444157489, 77.77669212577781366, -550.0000000000006821 ) ) ;
#1528 = CARTESIAN_POINT ( 'NONE',  ( 612.7231634337458672, 71.81725421348123461, -512.8123203239255190 ) ) ;
#1529 = ADVANCED_FACE ( 'NONE', ( #179 ), #69, .F. ) ;
#1530 = VERTEX_POINT ( 'NONE', #976 ) ;
#1531 = EDGE_CURVE ( 'NONE', #1803, #150, #2402, .T. ) ;
#1532 = CARTESIAN_POINT ( 'NONE',  ( -482.7526559399032067, 132.0000000000000568, -587.5000000000002274 ) ) ;
#1533 = CARTESIAN_POINT ( 'NONE',  ( 476.5188550486022336, 86.99974092845100415, -582.3838092410276204 ) ) ;
#1534 = CARTESIAN_POINT ( 'NONE',  ( -875.0000000000003411, 132.0000000000000568, 835.6746605856177439 ) ) ;
#1535 = VERTEX_POINT ( 'NONE', #1737 ) ;
#1536 = CARTESIAN_POINT ( 'NONE',  ( 875.0409774573153072, 65.39221202039959735, 567.2286456771752228 ) ) ;
#1537 = CARTESIAN_POINT ( 'NONE',  ( 63.98057601564617158, 132.0000000000000568, 662.7961171618111393 ) ) ;
#1538 = ORIENTED_EDGE ( 'NONE', *, *, #630, .F. ) ;
#1539 = PLANE ( 'NONE',  #234 ) ;
#1540 = CARTESIAN_POINT ( 'NONE',  ( 1000.000000000000000, 0.000000000000000000, -550.0000000000006821 ) ) ;
#1541 = VERTEX_POINT ( 'NONE', #1988 ) ;
#1542 = CARTESIAN_POINT ( 'NONE',  ( -1124.999999999999773, 132.0000000000000000, 550.0000000000006821 ) ) ;
#1543 = CARTESIAN_POINT ( 'NONE',  ( 90.89691963977647049, 39.10897761384791238, -550.0000000000006821 ) ) ;
#1544 = CARTESIAN_POINT ( 'NONE',  ( -949.8803118798056175, 132.0000000000002274, -667.9986720300490788 ) ) ;
#1545 = VERTEX_POINT ( 'NONE', #230 ) ;
#1546 = CARTESIAN_POINT ( 'NONE',  ( -1000.000000000000000, 132.0000000000000853, -675.0000000000001137 ) ) ;
#1547 = CARTESIAN_POINT ( 'NONE',  ( 499.9999999999984652, 6.943605863098891717, -513.1975847313879058 ) ) ;
#1548 = ADVANCED_FACE ( 'NONE', ( #192 ), #622, .F. ) ;
#1549 = ORIENTED_EDGE ( 'NONE', *, *, #1216, .F. ) ;
#1550 = CARTESIAN_POINT ( 'NONE',  ( -1124.999999999999773, 132.0000000000000568, -499.9999999999992610 ) ) ;
#1551 = CARTESIAN_POINT ( 'NONE',  ( -887.2768365662542465, 71.81725421348123461, -75.31232032392570375 ) ) ;
#1552 =( GEOMETRIC_REPRESENTATION_CONTEXT ( 3 ) GLOBAL_UNCERTAINTY_ASSIGNED_CONTEXT ( ( #413 ) ) GLOBAL_UNIT_ASSIGNED_CONTEXT ( ( #65, #307, #480 ) ) REPRESENTATION_CONTEXT ( 'NONE', 'WORKASPACE' ) );
#1553 = ORIENTED_EDGE ( 'NONE', *, *, #141, .F. ) ;
#1554 = CARTESIAN_POINT ( 'NONE',  ( -1000.000000000000000, 0.000000000000000000, -499.9999999999992610 ) ) ;
#1555 = EDGE_LOOP ( 'NONE', ( #747, #142, #204, #1069 ) ) ;
#1556 = DIRECTION ( 'NONE',  ( -0.000000000000000000, -0.000000000000000000, 1.000000000000000000 ) ) ;
#1557 = CARTESIAN_POINT ( 'NONE',  ( -375.0000000000003411, 132.0000000000000568, 479.7473440600973618 ) ) ;
#1558 = CARTESIAN_POINT ( 'NONE',  ( -1000.000000000000000, 132.0000000000000568, -675.0000000000002274 ) ) ;
#1559 = CARTESIAN_POINT ( 'NONE',  ( -1124.959022542684806, 65.39221202039959735, -482.7713543228246635 ) ) ;
#1560 = DIRECTION ( 'NONE',  ( 0.000000000000000000, 0.000000000000000000, 1.000000000000000000 ) ) ;
#1561 = EDGE_CURVE ( 'NONE', #1545, #2493, #354, .T. ) ;
#1562 = B_SPLINE_SURFACE_WITH_KNOTS ( 'NONE', 3, 3, ( 
 ( #2289, #167, #1181, #2278 ),
 ( #1328, #376, #1966, #1701 ),
 ( #1163, #244, #1528, #1317 ),
 ( #2477, #1492, #536, #184 ),
 ( #217, #551, #1214, #715 ),
 ( #1682, #1511, #2462, #1942 ),
 ( #389, #728, #941, #2121 ) ),
 .UNSPECIFIED., .F., .F., .F.,
 ( 4, 1, 1, 1, 4 ),
 ( 4, 4 ),
 ( 0.000000000000000000, 0.2500000000000000000, 0.5000000000000000000, 0.7500000000000000000, 1.000000000000000000 ),
 ( 0.000000000000000000, 1.000000000000000000 ),
 .UNSPECIFIED. ) ;
#1563 = VERTEX_POINT ( 'NONE', #1568 ) ;
#1564 = DIRECTION ( 'NONE',  ( 0.000000000000000000, 1.000000000000000000, 0.000000000000000000 ) ) ;
#1565 = CARTESIAN_POINT ( 'NONE',  ( -583.0562107853559155, 87.89436665279694694, -554.0060856701675220 ) ) ;
#1566 = EDGE_LOOP ( 'NONE', ( #2475, #1538, #1649, #851, #1521, #1474, #1872, #1686, #831, #58 ) ) ;
#1567 = CARTESIAN_POINT ( 'NONE',  ( 999.9999999999987494, 80.99961139267641386, 670.8263778465170617 ) ) ;
#1568 = CARTESIAN_POINT ( 'NONE',  ( -375.0000000000003411, 132.0000000000000568, -462.5000000000006821 ) ) ;
#1569 = CARTESIAN_POINT ( 'NONE',  ( -933.4931984362265212, 3.666666666666690499, -42.20994729425440539 ) ) ;
#1570 = CARTESIAN_POINT ( 'NONE',  ( 449.8803118798055607, 132.0000000000002274, 580.4986720300489651 ) ) ;
#1571 = ADVANCED_FACE ( 'NONE', ( #162 ), #1871, .F. ) ;
#1572 = CLOSED_SHELL ( 'NONE', ( #2150, #735, #1064, #1337, #414, #292, #1078 ) ) ;
#1573 = CARTESIAN_POINT ( 'NONE',  ( 375.0000000000003411, 132.0000000000000568, 479.7473440600973618 ) ) ;
#1574 = CARTESIAN_POINT ( 'NONE',  ( 68.76499564532856823, 0.000000000000000000, 550.0000000000007958 ) ) ;
#1575 = ORIENTED_EDGE ( 'NONE', *, *, #451, .T. ) ;
#1576 = CARTESIAN_POINT ( 'NONE',  ( 588.3710122537830784, 131.9999999999999716, -550.8710199265071878 ) ) ;
#1577 = CARTESIAN_POINT ( 'NONE',  ( -449.8803118798055607, 132.0000000000002274, 580.4986720300489651 ) ) ;
#1578 = CARTESIAN_POINT ( 'NONE',  ( -1000.000000000000000, 0.000000000000000000, 550.0000000000006821 ) ) ;
#1579 = CARTESIAN_POINT ( 'NONE',  ( -1000.000000000000000, 132.0000000000000853, -375.0000000000000000 ) ) ;
#1580 = VERTEX_POINT ( 'NONE', #1379 ) ;
#1581 = CARTESIAN_POINT ( 'NONE',  ( -440.3433625893192129, 15.62907057539932687, -513.0049525276571103 ) ) ;
#1582 = EDGE_LOOP ( 'NONE', ( #854, #1003, #1749, #676 ) ) ;
#1583 = DIRECTION ( 'NONE',  ( -0.000000000000000000, -0.000000000000000000, 1.000000000000000000 ) ) ;
#1584 = CARTESIAN_POINT ( 'NONE',  ( -628.7431761071713936, 63.33695856770862775, 462.5000000000001137 ) ) ;
#1585 = DIRECTION ( 'NONE',  ( 0.000000000000000000, 1.000000000000000000, 0.000000000000000000 ) ) ;
#1586 = VERTEX_POINT ( 'NONE', #1364 ) ;
#1587 = CARTESIAN_POINT ( 'NONE',  ( 871.2568238928287201, 63.33695856770862775, 550.0000000000001137 ) ) ;
#1588 = EDGE_CURVE ( 'NONE', #21, #43, #524, .T. ) ;
#1589 = ADVANCED_FACE ( 'NONE', ( #1055 ), #189, .F. ) ;
#1590 = VERTEX_POINT ( 'NONE', #1233 ) ;
#1591 = CARTESIAN_POINT ( 'NONE',  ( 124.9999999999996732, 132.0000000000000568, -550.0000000000006821 ) ) ;
#1592 = CARTESIAN_POINT ( 'NONE',  ( -499.9999999999984652, 6.943605863098891717, 513.1975847313879058 ) ) ;
#1593 = CARTESIAN_POINT ( 'NONE',  ( 0.000000000000000000, 114.8342396419271978, -675.9357940267931326 ) ) ;
#1594 = EDGE_CURVE ( 'NONE', #1535, #1580, #1831, .T. ) ;
#1595 = CARTESIAN_POINT ( 'NONE',  ( -1044.765586106922910, 108.8341101061527638, -381.0587593644618210 ) ) ;
#1596 = SURFACE_STYLE_USAGE ( .BOTH. , #293 ) ;
#1597 = EDGE_LOOP ( 'NONE', ( #1024, #118, #1908, #1914 ) ) ;
#1598 = CARTESIAN_POINT ( 'NONE',  ( 1.301042606982605321E-12, 80.99961139267641386, 670.8263778465170617 ) ) ;
#1599 = CARTESIAN_POINT ( 'NONE',  ( -1068.764995645328554, 0.000000000000000000, -550.0000000000007958 ) ) ;
#1600 = CARTESIAN_POINT ( 'NONE',  ( -375.0409774573152504, 65.39221202039959735, -479.7286456771752796 ) ) ;
#1601 = CARTESIAN_POINT ( 'NONE',  ( -999.9999999999987494, 80.99961139267641386, -379.1736221534828246 ) ) ;
#1602 = CARTESIAN_POINT ( 'NONE',  ( -500.0000000000015348, 6.943605863098891717, 513.1975847313879058 ) ) ;
#1603 = CARTESIAN_POINT ( 'NONE',  ( 88.37101225378312108, 131.9999999999999716, -638.3710199265071878 ) ) ;
#1604 = CARTESIAN_POINT ( 'NONE',  ( -911.6289877462169216, 131.9999999999999716, -411.6289800734927553 ) ) ;
#1605 = CARTESIAN_POINT ( 'NONE',  ( 624.9999999999996589, 132.0000000000000568, 479.7473440600973618 ) ) ;
#1606 = CARTESIAN_POINT ( 'NONE',  ( 1000.000000000000000, 4.065758146820641628E-14, -567.1912489113325364 ) ) ;
#1607 = CARTESIAN_POINT ( 'NONE',  ( 0.000000000000000000, 0.000000000000000000, -550.0000000000006821 ) ) ;
#1608 = AXIS2_PLACEMENT_3D ( 'NONE', #302, #1296, #363 ) ;
#1609 = CARTESIAN_POINT ( 'NONE',  ( -1128.743176107171394, 63.33695856770862775, -499.9999999999997726 ) ) ;
#1610 = CARTESIAN_POINT ( 'NONE',  ( -517.2473440600967933, 132.0000000000000568, 587.5000000000002274 ) ) ;
#1611 = CARTESIAN_POINT ( 'NONE',  ( -624.9999999999996589, 132.0000000000000568, -497.0177989836047345 ) ) ;
#1612 = CARTESIAN_POINT ( 'NONE',  ( -124.9999999999996732, 132.0000000000000568, 550.0000000000006821 ) ) ;
#1613 = CARTESIAN_POINT ( 'NONE',  ( 1099.684180075120594, 131.9999999999999432, -627.0578521051698999 ) ) ;
#1614 = UNCERTAINTY_MEASURE_WITH_UNIT (LENGTH_MEASURE( 1.000000000000000082E-05 ), #1940, 'distance_accuracy_value', 'NONE');
#1615 = DIRECTION ( 'NONE',  ( -0.000000000000000000, -0.000000000000000000, -1.000000000000000000 ) ) ;
#1616 = APPLICATION_CONTEXT ( 'automotive_design' ) ;
#1617 = AXIS2_PLACEMENT_3D ( 'NONE', #940, #1510, #1355 ) ;
#1618 = CARTESIAN_POINT ( 'NONE',  ( 0.000000000000000000, 132.0000000000000568, -675.0000000000002274 ) ) ;
#1619 = CARTESIAN_POINT ( 'NONE',  ( -984.7176170621155507, 124.2228264279514605, -374.6880686577354140 ) ) ;
#1620 = CARTESIAN_POINT ( 'NONE',  ( -515.2823829378844493, 124.2228264279514605, 587.8119313422645291 ) ) ;
#1621 = EDGE_CURVE ( 'NONE', #150, #1781, #1451, .T. ) ;
#1622 = CARTESIAN_POINT ( 'NONE',  ( -1000.000000000000000, 0.000000000000000000, 835.6746605856177439 ) ) ;
#1623 = CARTESIAN_POINT ( 'NONE',  ( 500.0000000000000000, 132.0000000000000853, 587.5000000000000000 ) ) ;
#1624 = EDGE_CURVE ( 'NONE', #1900, #180, #1137, .T. ) ;
#1625 = CARTESIAN_POINT ( 'NONE',  ( 1059.656637410680787, 15.62907057539932687, -600.5049525276571103 ) ) ;
#1626 = CARTESIAN_POINT ( 'NONE',  ( -1034.517794745244828, 132.0000000000000568, -675.0000000000003411 ) ) ;
#1627 = CARTESIAN_POINT ( 'NONE',  ( -588.3710122537830784, 131.9999999999999716, -550.8710199265071878 ) ) ;
#1628 = CARTESIAN_POINT ( 'NONE',  ( -124.9999999999996732, 132.0000000000000568, -835.6746605856177439 ) ) ;
#1629 = CARTESIAN_POINT ( 'NONE',  ( 0.000000000000000000, 114.8342396419271978, 675.9357940267931326 ) ) ;
#1630 = CARTESIAN_POINT ( 'NONE',  ( 0.000000000000000000, 114.8342396419271978, -675.9357940267931326 ) ) ;
#1631 =( NAMED_UNIT ( * ) SI_UNIT ( $, .STERADIAN. ) SOLID_ANGLE_UNIT ( ) );
#1632 = CARTESIAN_POINT ( 'NONE',  ( -1040.000000000000227, 638.0000000000000000, -615.0000000000000000 ) ) ;
#1633 = CARTESIAN_POINT ( 'NONE',  ( -23.48114495139778413, 86.99974092845100415, 669.8838092410276204 ) ) ;
#1634 = CARTESIAN_POINT ( 'NONE',  ( 550.1196881201944962, 132.0000000000002274, 580.4986720300489651 ) ) ;
#1635 = CARTESIAN_POINT ( 'NONE',  ( -1050.119688120194496, 132.0000000000002274, -667.9986720300490788 ) ) ;
#1636 = CARTESIAN_POINT ( 'NONE',  ( -409.1030803602235437, 39.10897761384791238, 462.5000000000006821 ) ) ;
#1637 = CARTESIAN_POINT ( 'NONE',  ( -1250.000000000000227, 638.0000000000000000, 750.0000000000000000 ) ) ;
#1638 = CARTESIAN_POINT ( 'NONE',  ( -1000.000000000000000, 114.8342396419271978, -374.0642059732068105 ) ) ;
#1639 = CARTESIAN_POINT ( 'NONE',  ( 44.76558610692297435, 108.8341101061527638, 668.9412406355381790 ) ) ;
#1640 = CARTESIAN_POINT ( 'NONE',  ( 568.7649956453285540, 0.000000000000000000, -462.5000000000007958 ) ) ;
#1641 = ORIENTED_EDGE ( 'NONE', *, *, #1272, .T. ) ;
#1642 = CARTESIAN_POINT ( 'NONE',  ( -375.0000000000003411, 132.0000000000000568, 462.5000000000005684 ) ) ;
#1643 = EDGE_CURVE ( 'NONE', #1541, #296, #1905, .T. ) ;
#1644 =( NAMED_UNIT ( * ) PLANE_ANGLE_UNIT ( ) SI_UNIT ( $, .RADIAN. ) );
#1645 = CARTESIAN_POINT ( 'NONE',  ( 1249.999999999999773, 132.0000000000000568, 750.0000000000000000 ) ) ;
#1646 = CARTESIAN_POINT ( 'NONE',  ( -1008.007308768254006, 116.8894930946181603, -150.6238626845288593 ) ) ;
#1647 = ORIENTED_EDGE ( 'NONE', *, *, #934, .T. ) ;
#1648 = CARTESIAN_POINT ( 'NONE',  ( -500.0000000000000000, 4.065758146820641628E-14, 479.6912489113324796 ) ) ;
#1649 = ORIENTED_EDGE ( 'NONE', *, *, #1470, .F. ) ;
#1650 = CARTESIAN_POINT ( 'NONE',  ( -1000.000000000000000, 132.0000000000000568, -150.0000000000002842 ) ) ;
#1651 = CARTESIAN_POINT ( 'NONE',  ( -1000.000000000000000, 132.0000000000000853, 674.9999999999998863 ) ) ;
#1652 = CARTESIAN_POINT ( 'NONE',  ( 0.000000000000000000, 0.000000000000000000, -835.6746605856177439 ) ) ;
#1653 = CARTESIAN_POINT ( 'NONE',  ( 1000.000000000001364, 80.99961139267641386, 670.8263778465170617 ) ) ;
#1654 = CARTESIAN_POINT ( 'NONE',  ( 68.76499564532856823, 0.000000000000000000, -550.0000000000007958 ) ) ;
#1655 = EDGE_LOOP ( 'NONE', ( #2300, #1839, #825, #664, #1763, #2364, #951, #88, #651, #82 ) ) ;
#1656 = ORIENTED_EDGE ( 'NONE', *, *, #1624, .F. ) ;
#1657 = ORIENTED_EDGE ( 'NONE', *, *, #2087, .F. ) ;
#1658 = ORIENTED_EDGE ( 'NONE', *, *, #178, .F. ) ;
#1659 = B_SPLINE_CURVE_WITH_KNOTS ( 'NONE', 2,
 ( #1011, #1985, #2280, #2134, #1759 ),
 .UNSPECIFIED., .F., .F.,
 ( 3, 2, 3 ),
 ( 0.000000000000000000, 0.5000000000000000000, 1.000000000000000000 ),
 .UNSPECIFIED. ) ;
#1660 = CARTESIAN_POINT ( 'NONE',  ( 588.3710122537830784, 131.9999999999999716, -550.8710199265071878 ) ) ;
#1661 = CARTESIAN_POINT ( 'NONE',  ( 0.000000000000000000, 0.000000000000000000, 550.0000000000006821 ) ) ;
#1662 = CARTESIAN_POINT ( 'NONE',  ( -999.9999999999985221, 6.943605863098891717, -600.6975847313880195 ) ) ;
#1663 = ORIENTED_EDGE ( 'NONE', *, *, #2032, .T. ) ;
#1664 = ORIENTED_EDGE ( 'NONE', *, *, #601, .T. ) ;
#1665 = UNCERTAINTY_MEASURE_WITH_UNIT (LENGTH_MEASURE( 1.000000000000000082E-05 ), #326, 'distance_accuracy_value', 'NONE');
#1666 = B_SPLINE_SURFACE_WITH_KNOTS ( 'NONE', 3, 3, ( 
 ( #1058, #1255, #27, #1235 ),
 ( #563, #758, #1180, #2461 ),
 ( #358, #519, #80, #1771 ),
 ( #649, #30, #877, #1881 ),
 ( #2089, #2193, #499, #1257 ),
 ( #1109, #1646, #2224, #59 ),
 ( #2074, #1897, #1306, #2411 ) ),
 .UNSPECIFIED., .F., .F., .F.,
 ( 4, 1, 1, 1, 4 ),
 ( 4, 4 ),
 ( 0.000000000000000000, 0.2500000000000000000, 0.5000000000000000000, 0.7500000000000000000, 1.000000000000000000 ),
 ( 0.000000000000000000, 1.000000000000000000 ),
 .UNSPECIFIED. ) ;
#1667 = CARTESIAN_POINT ( 'NONE',  ( -1068.764995645328554, 0.000000000000000000, -550.0000000000009095 ) ) ;
#1668 = ORIENTED_EDGE ( 'NONE', *, *, #1266, .F. ) ;
#1669 = CARTESIAN_POINT ( 'NONE',  ( 375.0000000000003411, 132.0000000000000568, -462.5000000000006821 ) ) ;
#1670 = CARTESIAN_POINT ( 'NONE',  ( 534.5177947452448279, 132.0000000000000568, 587.5000000000002274 ) ) ;
#1671 = AXIS2_PLACEMENT_3D ( 'NONE', #2381, #81, #489 ) ;
#1672 = CARTESIAN_POINT ( 'NONE',  ( 1128.743176107171394, 63.33695856770862775, 550.0000000000001137 ) ) ;
#1673 = CARTESIAN_POINT ( 'NONE',  ( 1050.119688120194496, 132.0000000000002274, -667.9986720300489651 ) ) ;
#1674 = ORIENTED_EDGE ( 'NONE', *, *, #1384, .T. ) ;
#1675 = VERTEX_POINT ( 'NONE', #454 ) ;
#1676 = B_SPLINE_CURVE_WITH_KNOTS ( 'NONE', 3,
 ( #1875, #98, #507, #1314, #2407 ),
 .UNSPECIFIED., .F., .F.,
 ( 4, 1, 4 ),
 ( 0.000000000000000000, 0.5000000282588294986, 1.000000000000000000 ),
 .UNSPECIFIED. ) ;
#1677 = ADVANCED_FACE ( 'NONE', ( #1066 ), #478, .T. ) ;
#1678 = EDGE_CURVE ( 'NONE', #1563, #1479, #1036, .T. ) ;
#1679 = EDGE_LOOP ( 'NONE', ( #1883, #1799 ) ) ;
#1680 = CARTESIAN_POINT ( 'NONE',  ( -984.7176170621155507, 124.2228264279514605, -150.3119313422646712 ) ) ;
#1681 = SURFACE_STYLE_USAGE ( .BOTH. , #440 ) ;
#1682 = CARTESIAN_POINT ( 'NONE',  ( 500.0000000000000000, 114.8342396419271978, -588.4357940267931326 ) ) ;
#1683 = ORIENTED_EDGE ( 'NONE', *, *, #713, .T. ) ;
#1684 = VERTEX_POINT ( 'NONE', #1347 ) ;
#1685 = ORIENTED_EDGE ( 'NONE', *, *, #1010, .F. ) ;
#1686 = ORIENTED_EDGE ( 'NONE', *, *, #1420, .F. ) ;
#1687 = CARTESIAN_POINT ( 'NONE',  ( -1015.282382937884449, 124.2228264279514605, 675.3119313422645291 ) ) ;
#1688 = B_SPLINE_CURVE_WITH_KNOTS ( 'NONE', 2,
 ( #1893, #693, #2234, #2422, #357 ),
 .UNSPECIFIED., .F., .F.,
 ( 3, 2, 3 ),
 ( 0.000000000000000000, 0.5000000000000000000, 1.000000000000000000 ),
 .UNSPECIFIED. ) ;
#1689 = CARTESIAN_POINT ( 'NONE',  ( 0.000000000000000000, 132.0000000000000568, 675.0000000000001137 ) ) ;
#1690 = CARTESIAN_POINT ( 'NONE',  ( 456.2751908114511821, 46.45177473788543665, 554.9852372426780676 ) ) ;
#1691 = VERTEX_POINT ( 'NONE', #994 ) ;
#1692 = FACE_OUTER_BOUND ( 'NONE', #2320, .T. ) ;
#1693 = CARTESIAN_POINT ( 'NONE',  ( -1124.999999999999773, 132.0000000000000568, -59.51779898360488374 ) ) ;
#1694 = ORIENTED_EDGE ( 'NONE', *, *, #1152, .T. ) ;
#1695 = ORIENTED_EDGE ( 'NONE', *, *, #368, .T. ) ;
#1696 = CARTESIAN_POINT ( 'NONE',  ( 1249.999999999999773, 638.0000000000000000, -750.0000000000000000 ) ) ;
#1697 = COLOUR_RGB ( '',0.7921568627450980005, 0.8196078431372548767, 0.9333333333333333481 ) ;
#1698 = CARTESIAN_POINT ( 'NONE',  ( 0.000000000000000000, 132.0000000000000568, -675.0000000000001137 ) ) ;
#1699 = CARTESIAN_POINT ( 'NONE',  ( 887.2038853962656049, 132.0000000000000568, -613.9805828120821616 ) ) ;
#1700 = CARTESIAN_POINT ( 'NONE',  ( -1250.000000000000227, 638.0000000000000000, 750.0000000000000000 ) ) ;
#1701 = CARTESIAN_POINT ( 'NONE',  ( 624.9999999999996589, 132.0000000000000568, -479.7473440600973618 ) ) ;
#1702 = ORIENTED_EDGE ( 'NONE', *, *, #476, .T. ) ;
#1703 = CLOSED_SHELL ( 'NONE', ( #2304, #2358, #2122, #755, #2165, #1166, #960 ) ) ;
#1704 = B_SPLINE_CURVE_WITH_KNOTS ( 'NONE', 3,
 ( #12, #264, #443, #34 ),
 .UNSPECIFIED., .F., .F.,
 ( 4, 4 ),
 ( 0.000000000000000000, 1.000000000000000000 ),
 .UNSPECIFIED. ) ;
#1705 = PRESENTATION_LAYER_ASSIGNMENT (  '', '', ( #1283 ) ) ;
#1706 = VECTOR ( 'NONE', #697, 1000000.000000000000 ) ;
#1707 = B_SPLINE_SURFACE_WITH_KNOTS ( 'NONE', 3, 3, ( 
 ( #176, #2249, #706, #208 ),
 ( #1791, #1975, #544, #2116 ),
 ( #723, #28, #1158, #1323 ),
 ( #1501, #1690, #2271, #281 ),
 ( #2456, #191, #397, #1570 ),
 ( #954, #457, #439, #557 ),
 ( #738, #1173, #1336, #1716 ) ),
 .UNSPECIFIED., .F., .F., .F.,
 ( 4, 1, 1, 1, 4 ),
 ( 4, 4 ),
 ( 0.000000000000000000, 0.2500000000000000000, 0.5000000000000000000, 0.7500000000000000000, 1.000000000000000000 ),
 ( 0.000000000000000000, 1.000000000000000000 ),
 .UNSPECIFIED. ) ;
#1708 = ORIENTED_EDGE ( 'NONE', *, *, #1358, .T. ) ;
#1709 = CARTESIAN_POINT ( 'NONE',  ( -1112.723163433745867, 71.81725421348123461, -600.3123203239256327 ) ) ;
#1710 = ORIENTED_EDGE ( 'NONE', *, *, #1010, .T. ) ;
#1711 = CARTESIAN_POINT ( 'NONE',  ( -1017.247344060096793, 132.0000000000000568, 675.0000000000002274 ) ) ;
#1712 = ADVANCED_FACE ( 'NONE', ( #1061 ), #2005, .F. ) ;
#1713 = EDGE_CURVE ( 'NONE', #1691, #1586, #1877, .T. ) ;
#1714 = DIRECTION ( 'NONE',  ( 0.000000000000000000, 1.000000000000000000, 0.000000000000000000 ) ) ;
#1715 = CARTESIAN_POINT ( 'NONE',  ( 871.2568238928287201, 63.33695856770862775, -550.0000000000006821 ) ) ;
#1716 = CARTESIAN_POINT ( 'NONE',  ( 500.0000000000000000, 132.0000000000000568, 587.5000000000002274 ) ) ;
#1717 = ORIENTED_EDGE ( 'NONE', *, *, #2302, .F. ) ;
#1718 = ORIENTED_EDGE ( 'NONE', *, *, #320, .F. ) ;
#1719 = LINE ( 'NONE', #1519, #1729 ) ;
#1720 = EDGE_CURVE ( 'NONE', #1590, #96, #1502, .T. ) ;
#1721 = CARTESIAN_POINT ( 'NONE',  ( -911.6289877462169216, 131.9999999999999716, 638.3710199265071878 ) ) ;
#1722 = ORIENTED_EDGE ( 'NONE', *, *, #99, .T. ) ;
#1723 = ORIENTED_EDGE ( 'NONE', *, *, #2087, .T. ) ;
#1724 = VECTOR ( 'NONE', #2460, 1000000.000000000000 ) ;
#1725 = CARTESIAN_POINT ( 'NONE',  ( -124.9999999999996732, 132.0000000000000568, -550.0000000000005684 ) ) ;
#1726 = CARTESIAN_POINT ( 'NONE',  ( -1000.000000000001592, 36.67766210682825090, -643.4643888151883857 ) ) ;
#1727 = VERTEX_POINT ( 'NONE', #1442 ) ;
#1728 = VERTEX_POINT ( 'NONE', #1802 ) ;
#1729 = VECTOR ( 'NONE', #1585, 1000000.000000000000 ) ;
#1730 = B_SPLINE_CURVE_WITH_KNOTS ( 'NONE', 3,
 ( #763, #1430, #1611, #1848 ),
 .UNSPECIFIED., .F., .F.,
 ( 4, 4 ),
 ( 0.000000000000000000, 1.000000000000000000 ),
 .UNSPECIFIED. ) ;
#1731 = B_SPLINE_SURFACE_WITH_KNOTS ( 'NONE', 2, 1, ( 
 ( #1458, #1853 ),
 ( #1874, #2070 ),
 ( #807, #1053 ),
 ( #2082, #2056 ),
 ( #1446, #677 ) ),
 .UNSPECIFIED., .F., .F., .F.,
 ( 3, 2, 3 ),
 ( 2, 2 ),
 ( 0.000000000000000000, 0.5000000000000000000, 1.000000000000000000 ),
 ( 0.000000000000000000, 1.000000000000000000 ),
 .UNSPECIFIED. ) ;
#1732 = ORIENTED_EDGE ( 'NONE', *, *, #2175, .F. ) ;
#1733 = CARTESIAN_POINT ( 'NONE',  ( -534.5177947452448279, 132.0000000000000568, -587.5000000000002274 ) ) ;
#1734 = VERTEX_POINT ( 'NONE', #112 ) ;
#1735 = CARTESIAN_POINT ( 'NONE',  ( 455.2344138930770328, 108.8341101061527638, -581.4412406355380654 ) ) ;
#1736 = CARTESIAN_POINT ( 'NONE',  ( 1000.000000000000000, 114.8342396419271978, 675.9357940267931326 ) ) ;
#1737 = CARTESIAN_POINT ( 'NONE',  ( 1000.000000000000000, 0.000000000000000000, -550.0000000000006821 ) ) ;
#1738 = VERTEX_POINT ( 'NONE', #1047 ) ;
#1739 = B_SPLINE_CURVE_WITH_KNOTS ( 'NONE', 3,
 ( #2492, #1065, #1370, #1725 ),
 .UNSPECIFIED., .F., .F.,
 ( 4, 4 ),
 ( 0.000000000000000000, 1.000000000000000000 ),
 .UNSPECIFIED. ) ;
#1740 = B_SPLINE_CURVE_WITH_KNOTS ( 'NONE', 3,
 ( #502, #1480, #526, #2103, #1128 ),
 .UNSPECIFIED., .F., .F.,
 ( 4, 1, 4 ),
 ( 0.000000000000000000, 0.5000000282588327183, 1.000000000000000000 ),
 .UNSPECIFIED. ) ;
#1741 = EDGE_LOOP ( 'NONE', ( #2235, #213 ) ) ;
#1742 = ORIENTED_EDGE ( 'NONE', *, *, #251, .F. ) ;
#1743 = FACE_OUTER_BOUND ( 'NONE', #867, .T. ) ;
#1744 = CARTESIAN_POINT ( 'NONE',  ( 875.0000000000003411, 132.0000000000000568, -550.0000000000005684 ) ) ;
#1745 = CARTESIAN_POINT ( 'NONE',  ( -1250.000000000000227, 132.0000000000000568, 750.0000000000000000 ) ) ;
#1746 = EDGE_CURVE ( 'NONE', #748, #21, #1817, .T. ) ;
#1747 = CARTESIAN_POINT ( 'NONE',  ( 90.89691963977647049, 39.10897761384791238, 550.0000000000006821 ) ) ;
#1748 = CARTESIAN_POINT ( 'NONE',  ( -991.9926912317459937, 116.8894930946181603, -675.6238626845288309 ) ) ;
#1749 = ORIENTED_EDGE ( 'NONE', *, *, #1353, .F. ) ;
#1750 = ORIENTED_EDGE ( 'NONE', *, *, #793, .F. ) ;
#1751 = CARTESIAN_POINT ( 'NONE',  ( -1000.000000000000000, 4.065758146820641628E-14, -482.8087510886674067 ) ) ;
#1752 = FACE_OUTER_BOUND ( 'NONE', #239, .T. ) ;
#1753 = CARTESIAN_POINT ( 'NONE',  ( -500.0000000000000000, 132.0000000000000568, -462.5000000000005684 ) ) ;
#1754 = EDGE_CURVE ( 'NONE', #1586, #1774, #448, .T. ) ;
#1755 = VERTEX_POINT ( 'NONE', #87 ) ;
#1756 = VERTEX_POINT ( 'NONE', #1408 ) ;
#1757 = CARTESIAN_POINT ( 'NONE',  ( 375.0000000000003411, 132.0000000000000568, -462.5000000000005684 ) ) ;
#1758 = FACE_OUTER_BOUND ( 'NONE', #903, .T. ) ;
#1759 = CARTESIAN_POINT ( 'NONE',  ( -500.0000000000000000, 0.000000000000000000, 462.5000000000006821 ) ) ;
#1760 = CARTESIAN_POINT ( 'NONE',  ( -931.2350043546714460, 0.000000000000000000, -499.9999999999991473 ) ) ;
#1761 = CARTESIAN_POINT ( 'NONE',  ( 1000.000000000000000, 0.000000000000000000, -550.0000000000006821 ) ) ;
#1762 = CARTESIAN_POINT ( 'NONE',  ( -1000.000000000001592, 36.67766210682825090, -118.4643888151883573 ) ) ;
#1763 = ORIENTED_EDGE ( 'NONE', *, *, #168, .T. ) ;
#1764 = EDGE_CURVE ( 'NONE', #2226, #2416, #1023, .T. ) ;
#1765 = ORIENTED_EDGE ( 'NONE', *, *, #135, .F. ) ;
#1766 = LINE ( 'NONE', #1745, #1795 ) ;
#1767 = CARTESIAN_POINT ( 'NONE',  ( -875.0000000000003411, 132.0000000000000568, 550.0000000000005684 ) ) ;
#1768 = ORIENTED_EDGE ( 'NONE', *, *, #826, .F. ) ;
#1769 = EDGE_LOOP ( 'NONE', ( #1549, #2489, #707, #122 ) ) ;
#1770 = CARTESIAN_POINT ( 'NONE',  ( 500.0000000000000000, 132.0000000000000568, -587.5000000000001137 ) ) ;
#1771 = CARTESIAN_POINT ( 'NONE',  ( -1117.998672030049875, 132.0000000000002274, -75.11968812019506458 ) ) ;
#1772 = CARTESIAN_POINT ( 'NONE',  ( 1124.999999999999773, 132.0000000000000568, -567.2473440600973618 ) ) ;
#1773 = CARTESIAN_POINT ( 'NONE',  ( 1053.414941624394714, 0.000000000000000000, 550.0000000000006821 ) ) ;
#1774 = VERTEX_POINT ( 'NONE', #848 ) ;
#1775 = ORIENTED_EDGE ( 'NONE', *, *, #661, .F. ) ;
#1776 = CARTESIAN_POINT ( 'NONE',  ( -1066.506801563773479, 3.666666666666690499, -482.7900527057456657 ) ) ;
#1777 = B_SPLINE_CURVE_WITH_KNOTS ( 'NONE', 3,
 ( #2343, #1070, #2325, #62, #1371 ),
 .UNSPECIFIED., .F., .F.,
 ( 4, 1, 4 ),
 ( 0.000000000000000000, 0.5000000282588328293, 1.000000000000000000 ),
 .UNSPECIFIED. ) ;
#1778 = VECTOR ( 'NONE', #1382, 1000000.000000000000 ) ;
#1779 = CARTESIAN_POINT ( 'NONE',  ( 0.000000000000000000, 638.0000000000000000, 0.000000000000000000 ) ) ;
#1780 = CARTESIAN_POINT ( 'NONE',  ( -1068.764995645328554, 0.000000000000000000, -550.0000000000007958 ) ) ;
#1781 = VERTEX_POINT ( 'NONE', #449 ) ;
#1782 = CARTESIAN_POINT ( 'NONE',  ( -1000.000000000001364, 80.99961139267641386, -670.8263778465171754 ) ) ;
#1783 = EDGE_LOOP ( 'NONE', ( #2498, #107, #1694, #66 ) ) ;
#1784 = CARTESIAN_POINT ( 'NONE',  ( -517.2473440600967933, 132.0000000000000568, -587.5000000000002274 ) ) ;
#1785 = CARTESIAN_POINT ( 'NONE',  ( 1000.000000000000000, 132.0000000000000568, 675.0000000000001137 ) ) ;
#1786 = CARTESIAN_POINT ( 'NONE',  ( -124.9999999999996732, 132.0000000000000568, 550.0000000000006821 ) ) ;
#1787 = CARTESIAN_POINT ( 'NONE',  ( -999.9999999999985221, 6.943605863098891717, -75.69758473138809052 ) ) ;
#1788 = VERTEX_POINT ( 'NONE', #504 ) ;
#1789 = EDGE_LOOP ( 'NONE', ( #646, #739, #1050, #31 ) ) ;
#1790 = STYLED_ITEM ( 'NONE', ( #1882 ), #1505 ) ;
#1791 = CARTESIAN_POINT ( 'NONE',  ( 500.0000000000000000, 4.065758146820641628E-14, 479.6912489113324796 ) ) ;
#1792 = LINE ( 'NONE', #1526, #39 ) ;
#1793 = ORIENTED_EDGE ( 'NONE', *, *, #1353, .T. ) ;
#1794 = ORIENTED_EDGE ( 'NONE', *, *, #2110, .T. ) ;
#1795 = VECTOR ( 'NONE', #1556, 1000000.000000000000 ) ;
#1796 = CARTESIAN_POINT ( 'NONE',  ( -1000.000000000000000, 0.000000000000000000, 550.0000000000006821 ) ) ;
#1797 = CARTESIAN_POINT ( 'NONE',  ( -375.0409774573152504, 65.39221202039959735, 479.7286456771752796 ) ) ;
#1798 = ORIENTED_EDGE ( 'NONE', *, *, #2066, .F. ) ;
#1799 = ORIENTED_EDGE ( 'NONE', *, *, #1476, .F. ) ;
#1800 = CARTESIAN_POINT ( 'NONE',  ( -999.9999999999985221, 36.67766210682825090, -406.5356111848117280 ) ) ;
#1801 = FACE_OUTER_BOUND ( 'NONE', #868, .T. ) ;
#1802 = CARTESIAN_POINT ( 'NONE',  ( -875.0000000000003411, 132.0000000000000568, -25.00000000000082423 ) ) ;
#1803 = VERTEX_POINT ( 'NONE', #2036 ) ;
#1804 = CARTESIAN_POINT ( 'NONE',  ( -456.2751908114511821, 46.45177473788543665, -554.9852372426780676 ) ) ;
#1805 = ORIENTED_EDGE ( 'NONE', *, *, #1098, .F. ) ;
#1806 = LINE ( 'NONE', #1645, #1706 ) ;
#1807 = CARTESIAN_POINT ( 'NONE',  ( 0.000000000000000000, 132.0000000000000853, -675.0000000000000000 ) ) ;
#1808 = CARTESIAN_POINT ( 'NONE',  ( 1000.000000000000000, 0.000000000000000000, 550.0000000000006821 ) ) ;
#1809 = CARTESIAN_POINT ( 'NONE',  ( -500.0000000000000000, 4.065758146820641628E-14, 479.6912489113324796 ) ) ;
#1810 = VERTEX_POINT ( 'NONE', #865 ) ;
#1811 =( NAMED_UNIT ( * ) PLANE_ANGLE_UNIT ( ) SI_UNIT ( $, .RADIAN. ) );
#1812 = CARTESIAN_POINT ( 'NONE',  ( 1000.000000000000000, 132.0000000000000568, -675.0000000000001137 ) ) ;
#1813 = B_SPLINE_CURVE_WITH_KNOTS ( 'NONE', 3,
 ( #1453, #2113, #2430, #151, #2227, #1886, #1947 ),
 .UNSPECIFIED., .F., .F.,
 ( 4, 1, 1, 1, 4 ),
 ( 0.000000000000000000, 0.2500000000000000000, 0.5000000000000000000, 0.7500000000000000000, 1.000000000000000000 ),
 .UNSPECIFIED. ) ;
#1814 = FACE_OUTER_BOUND ( 'NONE', #913, .T. ) ;
#1815 = CARTESIAN_POINT ( 'NONE',  ( 500.0000000000000000, 114.8342396419271978, -588.4357940267931326 ) ) ;
#1816 = ORIENTED_EDGE ( 'NONE', *, *, #2368, .T. ) ;
#1817 = LINE ( 'NONE', #1628, #1083 ) ;
#1818 = CARTESIAN_POINT ( 'NONE',  ( -875.0000000000003411, 132.0000000000000568, -499.9999999999992610 ) ) ;
#1819 = CARTESIAN_POINT ( 'NONE',  ( -409.4730659023439330, 131.9999999999998579, 553.0269340976574313 ) ) ;
#1820 = CARTESIAN_POINT ( 'NONE',  ( 1000.000000000000000, 0.000000000000000000, 550.0000000000006821 ) ) ;
#1821 = VERTEX_POINT ( 'NONE', #1391 ) ;
#1822 = CARTESIAN_POINT ( 'NONE',  ( -1068.764995645328554, 0.000000000000000000, -499.9999999999991473 ) ) ;
#1823 = SURFACE_STYLE_FILL_AREA ( #628 ) ;
#1824 =( NAMED_UNIT ( * ) SI_UNIT ( $, .STERADIAN. ) SOLID_ANGLE_UNIT ( ) );
#1825 = CARTESIAN_POINT ( 'NONE',  ( -128.7431761071713368, 63.33695856770862775, -550.0000000000006821 ) ) ;
#1826 = CARTESIAN_POINT ( 'NONE',  ( 83.05621078535594393, 87.89436665279694694, -641.5060856701675220 ) ) ;
#1827 = FILL_AREA_STYLE_COLOUR ( '', #1961 ) ;
#1828 = DIRECTION ( 'NONE',  ( 0.000000000000000000, 1.000000000000000000, 0.000000000000000000 ) ) ;
#1829 = ORIENTED_EDGE ( 'NONE', *, *, #11, .T. ) ;
#1830 = ADVANCED_FACE ( 'NONE', ( #231, #989 ), #1456, .F. ) ;
#1831 = LINE ( 'NONE', #598, #995 ) ;
#1832 = CARTESIAN_POINT ( 'NONE',  ( 127.9559918444157489, 77.77669212577781366, -550.0000000000006821 ) ) ;
#1833 = CARTESIAN_POINT ( 'NONE',  ( -976.5188550486022905, 86.99974092845100415, -380.1161907589723228 ) ) ;
#1834 = AXIS2_PLACEMENT_3D ( 'NONE', #1141, #132, #2243 ) ;
#1835 = CARTESIAN_POINT ( 'NONE',  ( -34.51779474524485636, 132.0000000000000568, -675.0000000000002274 ) ) ;
#1836 = ORIENTED_EDGE ( 'NONE', *, *, #2012, .F. ) ;
#1837 = CARTESIAN_POINT ( 'NONE',  ( -887.2038853962656049, 132.0000000000000568, -436.0194171879177247 ) ) ;
#1838 = EDGE_CURVE ( 'NONE', #1104, #2309, #1922, .T. ) ;
#1839 = ORIENTED_EDGE ( 'NONE', *, *, #135, .T. ) ;
#1840 = CARTESIAN_POINT ( 'NONE',  ( 499.9999999999984652, 36.67766210682825090, 555.9643888151881583 ) ) ;
#1841 = B_SPLINE_SURFACE_WITH_KNOTS ( 'NONE', 2, 1, ( 
 ( #267, #1026 ),
 ( #1426, #110 ),
 ( #490, #1372 ),
 ( #673, #335 ),
 ( #1244, #2157 ) ),
 .UNSPECIFIED., .F., .F., .F.,
 ( 3, 2, 3 ),
 ( 2, 2 ),
 ( 0.000000000000000000, 0.5000000000000000000, 1.000000000000000000 ),
 ( 0.000000000000000000, 1.000000000000000000 ),
 .UNSPECIFIED. ) ;
#1842 = CARTESIAN_POINT ( 'NONE',  ( 1112.723163433745867, 71.81725421348123461, -600.3123203239255190 ) ) ;
#1843 = CARTESIAN_POINT ( 'NONE',  ( 590.8969196397764563, 39.10897761384791238, 462.5000000000006821 ) ) ;
#1844 = EDGE_CURVE ( 'NONE', #101, #67, #971, .T. ) ;
#1845 = ORIENTED_EDGE ( 'NONE', *, *, #498, .F. ) ;
#1846 = CARTESIAN_POINT ( 'NONE',  ( -1008.007308768254006, 116.8894930946181603, -374.3761373154712260 ) ) ;
#1847 = FILL_AREA_STYLE_COLOUR ( '', #1031 ) ;
#1848 = CARTESIAN_POINT ( 'NONE',  ( -624.9999999999996589, 132.0000000000000568, -462.5000000000006821 ) ) ;
#1849 = CARTESIAN_POINT ( 'NONE',  ( 15.28238293788445290, 124.2228264279514605, -675.3119313422645291 ) ) ;
#1850 = CARTESIAN_POINT ( 'NONE',  ( -1128.743176107171394, 63.33695856770862775, -550.0000000000007958 ) ) ;
#1851 = EDGE_LOOP ( 'NONE', ( #1768, #1862, #874, #666 ) ) ;
#1852 = SURFACE_STYLE_FILL_AREA ( #2436 ) ;
#1853 = CARTESIAN_POINT ( 'NONE',  ( -1124.999999999999773, 132.0000000000000000, -25.00000000000082423 ) ) ;
#1854 = CARTESIAN_POINT ( 'NONE',  ( -882.0013279699501254, 132.0000000000002274, -449.8803118798049923 ) ) ;
#1855 = CARTESIAN_POINT ( 'NONE',  ( 0.000000000000000000, 132.0000000000000568, -675.0000000000001137 ) ) ;
#1856 = ORIENTED_EDGE ( 'NONE', *, *, #2092, .T. ) ;
#1857 = CARTESIAN_POINT ( 'NONE',  ( 976.5188550486022905, 86.99974092845100415, -669.8838092410276204 ) ) ;
#1858 = B_SPLINE_CURVE_WITH_KNOTS ( 'NONE', 3,
 ( #911, #1144, #1932, #2106, #1660 ),
 .UNSPECIFIED., .F., .F.,
 ( 4, 1, 4 ),
 ( 0.000000000000000000, 0.5000000282588327183, 1.000000000000000000 ),
 .UNSPECIFIED. ) ;
#1859 = ORIENTED_EDGE ( 'NONE', *, *, #1720, .T. ) ;
#1860 = MANIFOLD_SOLID_BREP ( 'Boss-Extrude3', #1490 ) ;
#1861 = CARTESIAN_POINT ( 'NONE',  ( -465.4822052547551721, 132.0000000000000568, 587.5000000000002274 ) ) ;
#1862 = ORIENTED_EDGE ( 'NONE', *, *, #344, .F. ) ;
#1863 = CARTESIAN_POINT ( 'NONE',  ( 624.9590225426848065, 65.39221202039959735, 479.7286456771752796 ) ) ;
#1864 = CARTESIAN_POINT ( 'NONE',  ( 1044.765586106922910, 108.8341101061527638, -668.9412406355381790 ) ) ;
#1865 = CARTESIAN_POINT ( 'NONE',  ( -1040.000000000000227, 588.0000000000000000, -615.0000000000000000 ) ) ;
#1866 = STYLED_ITEM ( 'NONE', ( #2058 ), #839 ) ;
#1867 = CARTESIAN_POINT ( 'NONE',  ( -1124.999999999999773, 132.0000000000000568, -499.9999999999992610 ) ) ;
#1868 = ORIENTED_EDGE ( 'NONE', *, *, #685, .F. ) ;
#1869 = CARTESIAN_POINT ( 'NONE',  ( -628.7431761071713936, 63.33695856770862775, 462.5000000000006821 ) ) ;
#1870 = CARTESIAN_POINT ( 'NONE',  ( 59.65663741068082260, 15.62907057539932687, -600.5049525276571103 ) ) ;
#1871 = CYLINDRICAL_SURFACE ( 'NONE', #537, 75.00000000000002842 ) ;
#1872 = ORIENTED_EDGE ( 'NONE', *, *, #283, .T. ) ;
#1873 = EDGE_CURVE ( 'NONE', #2476, #279, #2199, .T. ) ;
#1874 = CARTESIAN_POINT ( 'NONE',  ( -1127.955991844415848, 77.77669212577781366, 550.0000000000006821 ) ) ;
#1875 = CARTESIAN_POINT ( 'NONE',  ( -1088.371012253783192, 131.9999999999999716, 638.3710199265071878 ) ) ;
#1876 = CARTESIAN_POINT ( 'NONE',  ( 1000.000000000000000, 4.065758146820641628E-14, -567.1912489113325364 ) ) ;
#1877 = LINE ( 'NONE', #2347, #237 ) ;
#1878 = ORIENTED_EDGE ( 'NONE', *, *, #2092, .F. ) ;
#1879 = B_SPLINE_CURVE_WITH_KNOTS ( 'NONE', 2,
 ( #1796, #1022, #1386, #35, #1542 ),
 .UNSPECIFIED., .F., .F.,
 ( 3, 2, 3 ),
 ( 0.000000000000000000, 0.5000000000000000000, 1.000000000000000000 ),
 .UNSPECIFIED. ) ;
#1880 = EDGE_CURVE ( 'NONE', #917, #1479, #815, .T. ) ;
#1881 = CARTESIAN_POINT ( 'NONE',  ( -1090.526934097656067, 131.9999999999998579, -115.5269340976576444 ) ) ;
#1882 = PRESENTATION_STYLE_ASSIGNMENT (( #163 ) ) ;
#1883 = ORIENTED_EDGE ( 'NONE', *, *, #682, .F. ) ;
#1884 = CARTESIAN_POINT ( 'NONE',  ( 624.9999999999996589, 132.0000000000000568, 462.5000000000005684 ) ) ;
#1885 = EDGE_CURVE ( 'NONE', #585, #1755, #479, .T. ) ;
#1886 = CARTESIAN_POINT ( 'NONE',  ( 0.000000000000000000, 4.065758146820641628E-14, 567.1912489113325364 ) ) ;
#1887 = CARTESIAN_POINT ( 'NONE',  ( 431.2350043546714460, 0.000000000000000000, -462.5000000000006821 ) ) ;
#1888 = CARTESIAN_POINT ( 'NONE',  ( -628.7431761071713936, 63.33695856770862775, -462.5000000000006821 ) ) ;
#1889 = VERTEX_POINT ( 'NONE', #794 ) ;
#1890 = CARTESIAN_POINT ( 'NONE',  ( -411.6289877462168647, 131.9999999999999716, 550.8710199265071878 ) ) ;
#1891 = CARTESIAN_POINT ( 'NONE',  ( 124.9999999999996732, 132.0000000000000568, -550.0000000000005684 ) ) ;
#1892 = ORIENTED_EDGE ( 'NONE', *, *, #1238, .T. ) ;
#1893 = CARTESIAN_POINT ( 'NONE',  ( -1000.000000000000000, 0.000000000000000000, -550.0000000000007958 ) ) ;
#1894 = DIRECTION ( 'NONE',  ( -0.000000000000000000, -0.000000000000000000, 1.000000000000000000 ) ) ;
#1895 = CARTESIAN_POINT ( 'NONE',  ( 1000.000000000000000, 132.0000000000000568, -675.0000000000002274 ) ) ;
#1896 = VERTEX_POINT ( 'NONE', #1400 ) ;
#1897 = CARTESIAN_POINT ( 'NONE',  ( -1000.000000000000000, 132.0000000000000853, -150.0000000000000568 ) ) ;
#1898 = VECTOR ( 'NONE', #1894, 1000000.000000000000 ) ;
#1899 = ORIENTED_EDGE ( 'NONE', *, *, #928, .T. ) ;
#1900 = VERTEX_POINT ( 'NONE', #782 ) ;
#1901 = MECHANICAL_DESIGN_GEOMETRIC_PRESENTATION_REPRESENTATION (  '', ( #1790 ), #1147 ) ;
#1902 = CARTESIAN_POINT ( 'NONE',  ( 1000.000000000000000, 132.0000000000000853, -675.0000000000000000 ) ) ;
#1903 = CARTESIAN_POINT ( 'NONE',  ( -409.1030803602235437, 39.10897761384791238, -462.5000000000006821 ) ) ;
#1904 = CARTESIAN_POINT ( 'NONE',  ( 124.9999999999996732, 132.0000000000000568, 550.0000000000006821 ) ) ;
#1905 = CIRCLE ( 'NONE', #731, 75.00000000000002842 ) ;
#1906 = ORIENTED_EDGE ( 'NONE', *, *, #1309, .F. ) ;
#1907 = SURFACE_STYLE_FILL_AREA ( #2371 ) ;
#1908 = ORIENTED_EDGE ( 'NONE', *, *, #741, .T. ) ;
#1909 = CARTESIAN_POINT ( 'NONE',  ( 375.0000000000003411, 132.0000000000000568, -462.5000000000006821 ) ) ;
#1910 = CARTESIAN_POINT ( 'NONE',  ( -1000.000000000000000, 132.0000000000000853, 675.0000000000000000 ) ) ;
#1911 = CARTESIAN_POINT ( 'NONE',  ( 83.05621078535594393, 87.89436665279694694, 641.5060856701675220 ) ) ;
#1912 = PRESENTATION_LAYER_ASSIGNMENT (  '', '', ( #390 ) ) ;
#1913 = VERTEX_POINT ( 'NONE', #157 ) ;
#1914 = ORIENTED_EDGE ( 'NONE', *, *, #569, .T. ) ;
#1915 = CARTESIAN_POINT ( 'NONE',  ( -1000.000000000000000, 0.000000000000000000, 550.0000000000006821 ) ) ;
#1916 = EDGE_CURVE ( 'NONE', #1913, #864, #1858, .T. ) ;
#1917 = CARTESIAN_POINT ( 'NONE',  ( -628.7431761071713936, 63.33695856770862775, -462.5000000000006821 ) ) ;
#1918 = ORIENTED_EDGE ( 'NONE', *, *, #1624, .T. ) ;
#1919 = CARTESIAN_POINT ( 'NONE',  ( -128.7431761071713368, 63.33695856770862775, 550.0000000000001137 ) ) ;
#1920 = VERTEX_POINT ( 'NONE', #55 ) ;
#1921 = CARTESIAN_POINT ( 'NONE',  ( -875.0000000000003411, 132.0000000000000568, -550.0000000000006821 ) ) ;
#1922 = CIRCLE ( 'NONE', #41, 75.00000000000002842 ) ;
#1923 = VERTEX_POINT ( 'NONE', #474 ) ;
#1924 = VERTEX_POINT ( 'NONE', #813 ) ;
#1925 = B_SPLINE_CURVE_WITH_KNOTS ( 'NONE', 3,
 ( #1855, #1835, #834, #299 ),
 .UNSPECIFIED., .F., .F.,
 ( 4, 4 ),
 ( 0.000000000000000000, 1.000000000000000000 ),
 .UNSPECIFIED. ) ;
#1926 = CARTESIAN_POINT ( 'NONE',  ( -1124.959022542684806, 65.39221202039959735, -567.2286456771753365 ) ) ;
#1927 = CARTESIAN_POINT ( 'NONE',  ( 1127.955991844415848, 77.77669212577781366, -550.0000000000006821 ) ) ;
#1928 = CARTESIAN_POINT ( 'NONE',  ( 1249.999999999999773, 638.0000000000000000, 750.0000000000000000 ) ) ;
#1929 = EDGE_LOOP ( 'NONE', ( #997, #273, #930, #8 ) ) ;
#1930 = ORIENTED_EDGE ( 'NONE', *, *, #943, .T. ) ;
#1931 = CARTESIAN_POINT ( 'NONE',  ( 1000.000000000000000, 132.0000000000000853, 675.0000000000000000 ) ) ;
#1932 = CARTESIAN_POINT ( 'NONE',  ( 550.1196881201944962, 132.0000000000002274, -580.4986720300489651 ) ) ;
#1933 = CYLINDRICAL_SURFACE ( 'NONE', #1608, 75.00000000000002842 ) ;
#1934 = VERTEX_POINT ( 'NONE', #1603 ) ;
#1935 = ORIENTED_EDGE ( 'NONE', *, *, #1498, .T. ) ;
#1936 = DIRECTION ( 'NONE',  ( 0.000000000000000000, 0.000000000000000000, 1.000000000000000000 ) ) ;
#1937 = CARTESIAN_POINT ( 'NONE',  ( 411.6289877462168647, 131.9999999999999716, -550.8710199265071878 ) ) ;
#1938 = FACE_OUTER_BOUND ( 'NONE', #699, .T. ) ;
#1939 = EDGE_LOOP ( 'NONE', ( #694, #1062, #2380, #1063 ) ) ;
#1940 =( LENGTH_UNIT ( ) NAMED_UNIT ( * ) SI_UNIT ( .MICRO., .METRE. ) );
#1941 = VERTEX_POINT ( 'NONE', #345 ) ;
#1942 = CARTESIAN_POINT ( 'NONE',  ( 517.2473440600967933, 132.0000000000000568, -587.5000000000002274 ) ) ;
#1943 = B_SPLINE_CURVE_WITH_KNOTS ( 'NONE', 3,
 ( #2144, #1376, #1782, #2013, #2312, #2160, #405 ),
 .UNSPECIFIED., .F., .F.,
 ( 4, 1, 1, 1, 4 ),
 ( 0.000000000000000000, 0.2500000000000000000, 0.5000000000000000000, 0.7500000000000000000, 1.000000000000000000 ),
 .UNSPECIFIED. ) ;
#1944 = ADVANCED_FACE ( 'NONE', ( #324 ), #836, .F. ) ;
#1945 = ORIENTED_EDGE ( 'NONE', *, *, #1052, .F. ) ;
#1946 = ORIENTED_EDGE ( 'NONE', *, *, #793, .T. ) ;
#1947 = CARTESIAN_POINT ( 'NONE',  ( 0.000000000000000000, 0.000000000000000000, 550.0000000000006821 ) ) ;
#1948 = DIRECTION ( 'NONE',  ( 0.000000000000000000, 0.000000000000000000, 1.000000000000000000 ) ) ;
#1949 = CARTESIAN_POINT ( 'NONE',  ( -1000.000000000000000, 0.000000000000000000, -550.0000000000007958 ) ) ;
#1950 = VERTEX_POINT ( 'NONE', #1632 ) ;
#1951 = ORIENTED_EDGE ( 'NONE', *, *, #371, .T. ) ;
#1952 = AXIS2_PLACEMENT_3D ( 'NONE', #311, #2054, #829 ) ;
#1953 = CARTESIAN_POINT ( 'NONE',  ( -1000.000000000000000, 132.0000000000000853, 674.9999999999998863 ) ) ;
#1954 = CARTESIAN_POINT ( 'NONE',  ( 1000.000000000000000, 0.000000000000000000, 550.0000000000006821 ) ) ;
#1955 = VERTEX_POINT ( 'NONE', #1698 ) ;
#1956 = EDGE_LOOP ( 'NONE', ( #72, #1114, #274, #2465 ) ) ;
#1957 = CARTESIAN_POINT ( 'NONE',  ( -624.9999999999996589, 132.0000000000000568, 462.5000000000006821 ) ) ;
#1958 = EDGE_CURVE ( 'NONE', #847, #102, #2177, .T. ) ;
#1959 =( LENGTH_UNIT ( ) NAMED_UNIT ( * ) SI_UNIT ( .MICRO., .METRE. ) );
#1960 = CARTESIAN_POINT ( 'NONE',  ( -500.0000000000000000, 114.8342396419271978, -588.4357940267931326 ) ) ;
#1961 = COLOUR_RGB ( '',0.7921568627450980005, 0.8196078431372548767, 0.9333333333333333481 ) ;
#1962 = EDGE_LOOP ( 'NONE', ( #209, #1483, #187, #1668 ) ) ;
#1963 = CARTESIAN_POINT ( 'NONE',  ( 0.000000000000000000, 132.0000000000000853, 675.0000000000000000 ) ) ;
#1964 = ORIENTED_EDGE ( 'NONE', *, *, #422, .T. ) ;
#1965 = DIRECTION ( 'NONE',  ( 1.000000000000000000, 0.000000000000000000, 0.000000000000000000 ) ) ;
#1966 = CARTESIAN_POINT ( 'NONE',  ( 624.9590225426848065, 65.39221202039959735, -479.7286456771752796 ) ) ;
#1967 = B_SPLINE_SURFACE_WITH_KNOTS ( 'NONE', 3, 3, ( 
 ( #2382, #2168, #462, #1242 ),
 ( #1226, #641, #1797, #1557 ),
 ( #1592, #1387, #1004, #609 ),
 ( #2034, #821, #1045, #1819 ),
 ( #2307, #445, #431, #1577 ),
 ( #785, #38, #1025, #2020 ),
 ( #2495, #2181, #1425, #2156 ) ),
 .UNSPECIFIED., .F., .F., .F.,
 ( 4, 1, 1, 1, 4 ),
 ( 4, 4 ),
 ( 0.000000000000000000, 0.2500000000000000000, 0.5000000000000000000, 0.7500000000000000000, 1.000000000000000000 ),
 ( 0.000000000000000000, 1.000000000000000000 ),
 .UNSPECIFIED. ) ;
#1968 = ORIENTED_EDGE ( 'NONE', *, *, #2170, .F. ) ;
#1969 = SURFACE_STYLE_USAGE ( .BOTH. , #202 ) ;
#1970 = MANIFOLD_SOLID_BREP ( 'LPattern5[2]', #2395 ) ;
#1971 = CARTESIAN_POINT ( 'NONE',  ( -1124.999999999999773, 132.0000000000000568, 567.2473440600973618 ) ) ;
#1972 = ORIENTED_EDGE ( 'NONE', *, *, #1885, .T. ) ;
#1973 = CARTESIAN_POINT ( 'NONE',  ( 112.7961146037344093, 132.0000000000000568, 613.9805828120821616 ) ) ;
#1974 = CARTESIAN_POINT ( 'NONE',  ( -882.0013279699501254, 132.0000000000002274, 600.1196881201949509 ) ) ;
#1975 = CARTESIAN_POINT ( 'NONE',  ( 433.4931984362265212, 3.666666666666690499, 479.7099472942542775 ) ) ;
#1976 = ORIENTED_EDGE ( 'NONE', *, *, #1958, .T. ) ;
#1977 = CARTESIAN_POINT ( 'NONE',  ( -887.2038853962656049, 132.0000000000000568, 613.9805828120821616 ) ) ;
#1978 = ADVANCED_FACE ( 'NONE', ( #300 ), #2420, .F. ) ;
#1979 = CARTESIAN_POINT ( 'NONE',  ( -1000.000000000000000, 0.000000000000000000, -550.0000000000007958 ) ) ;
#1980 = CARTESIAN_POINT ( 'NONE',  ( 0.000000000000000000, 132.0000000000000568, 675.0000000000001137 ) ) ;
#1981 = CARTESIAN_POINT ( 'NONE',  ( -984.7176170621155507, 124.2228264279514605, -675.3119313422646428 ) ) ;
#1982 =( NAMED_UNIT ( * ) PLANE_ANGLE_UNIT ( ) SI_UNIT ( $, .RADIAN. ) );
#1983 = CARTESIAN_POINT ( 'NONE',  ( 371.2568238928286632, 63.33695856770862775, -462.5000000000001137 ) ) ;
#1984 = EDGE_CURVE ( 'NONE', #1684, #718, #458, .T. ) ;
#1985 = CARTESIAN_POINT ( 'NONE',  ( -372.0440081555842653, 77.77669212577781366, 462.5000000000006821 ) ) ;
#1986 = CARTESIAN_POINT ( 'NONE',  ( 999.9999999999985221, 6.943605863098891717, 600.6975847313879058 ) ) ;
#1987 = MANIFOLD_SOLID_BREP ( 'LPattern5[1]', #1703 ) ;
#1988 = CARTESIAN_POINT ( 'NONE',  ( -1040.000000000000227, 588.0000000000000000, -615.0000000000000000 ) ) ;
#1989 = EDGE_CURVE ( 'NONE', #1728, #1675, #627, .T. ) ;
#1990 = DIRECTION ( 'NONE',  ( 0.000000000000000000, -0.000000000000000000, -1.000000000000000000 ) ) ;
#1991 = CARTESIAN_POINT ( 'NONE',  ( -875.0000000000003411, 132.0000000000000568, 550.0000000000005684 ) ) ;
#1992 = CARTESIAN_POINT ( 'NONE',  ( -875.0000000000003411, 132.0000000000000568, 550.0000000000006821 ) ) ;
#1993 = CARTESIAN_POINT ( 'NONE',  ( -916.9437892146440845, 87.89436665279694694, -641.5060856701676357 ) ) ;
#1994 = CARTESIAN_POINT ( 'NONE',  ( -1083.056210785355916, 87.89436665279694694, -408.4939143298324211 ) ) ;
#1995 = ADVANCED_FACE ( 'NONE', ( #2011 ), #1666, .F. ) ;
#1996 = CARTESIAN_POINT ( 'NONE',  ( -409.4730659023439330, 131.9999999999998579, -553.0269340976574313 ) ) ;
#1997 = CARTESIAN_POINT ( 'NONE',  ( 375.0000000000003411, 132.0000000000000568, -479.7473440600973618 ) ) ;
#1998 = CARTESIAN_POINT ( 'NONE',  ( -68.76499564532856823, 0.000000000000000000, -550.0000000000007958 ) ) ;
#1999 = CARTESIAN_POINT ( 'NONE',  ( -871.2568238928287201, 63.33695856770862775, -499.9999999999997726 ) ) ;
#2000 = CARTESIAN_POINT ( 'NONE',  ( -550.1196881201944962, 132.0000000000002274, 580.4986720300489651 ) ) ;
#2001 = SURFACE_STYLE_FILL_AREA ( #1250 ) ;
#2002 = CARTESIAN_POINT ( 'NONE',  ( 375.0000000000003411, 132.0000000000000568, 462.5000000000006821 ) ) ;
#2003 = CARTESIAN_POINT ( 'NONE',  ( 0.000000000000000000, 4.065758146820641628E-14, 567.1912489113325364 ) ) ;
#2004 = CARTESIAN_POINT ( 'NONE',  ( 1063.980576015646193, 132.0000000000000568, 662.7961171618111393 ) ) ;
#2005 = B_SPLINE_SURFACE_WITH_KNOTS ( 'NONE', 3, 3, ( 
 ( #1204, #1760, #1999, #256 ),
 ( #808, #1054, #1253, #650 ),
 ( #2189, #2374, #314, #1854 ),
 ( #634, #1082, #73, #1415 ),
 ( #1601, #1833, #1270, #2041 ),
 ( #485, #833, #1619, #1435 ),
 ( #1073, #1579, #802, #2401 ) ),
 .UNSPECIFIED., .F., .F., .F.,
 ( 4, 1, 1, 1, 4 ),
 ( 4, 4 ),
 ( 0.000000000000000000, 0.2500000000000000000, 0.5000000000000000000, 0.7500000000000000000, 1.000000000000000000 ),
 ( 0.000000000000000000, 1.000000000000000000 ),
 .UNSPECIFIED. ) ;
#2006 = AXIS2_PLACEMENT_3D ( 'NONE', #1319, #947, #2440 ) ;
#2007 = CARTESIAN_POINT ( 'NONE',  ( 0.000000000000000000, 0.000000000000000000, -550.0000000000006821 ) ) ;
#2008 = CARTESIAN_POINT ( 'NONE',  ( -1063.980576015646193, 132.0000000000000568, -662.7961171618112530 ) ) ;
#2009 = CARTESIAN_POINT ( 'NONE',  ( -124.9999999999996732, 132.0000000000000568, 550.0000000000006821 ) ) ;
#2010 = DIRECTION ( 'NONE',  ( 0.000000000000000000, -1.000000000000000000, 0.000000000000000000 ) ) ;
#2011 = FACE_OUTER_BOUND ( 'NONE', #128, .T. ) ;
#2012 = EDGE_CURVE ( 'NONE', #655, #1057, #2472, .T. ) ;
#2013 = CARTESIAN_POINT ( 'NONE',  ( -999.9999999999985221, 36.67766210682825090, -643.4643888151883857 ) ) ;
#2014 = CARTESIAN_POINT ( 'NONE',  ( -375.0000000000003411, 132.0000000000000568, -748.1746605856177439 ) ) ;
#2015 = CARTESIAN_POINT ( 'NONE',  ( -128.7431761071713368, 63.33695856770862775, 550.0000000000001137 ) ) ;
#2016 = CARTESIAN_POINT ( 'NONE',  ( -882.0013279699501254, 132.0000000000002274, -75.11968812019506458 ) ) ;
#2017 = CARTESIAN_POINT ( 'NONE',  ( -875.0000000000003411, 132.0000000000000568, 584.5177989836047345 ) ) ;
#2018 = CARTESIAN_POINT ( 'NONE',  ( 588.3710122537830784, 131.9999999999999716, 550.8710199265071878 ) ) ;
#2019 = CARTESIAN_POINT ( 'NONE',  ( -1000.000000000000000, 132.0000000000000568, -675.0000000000002274 ) ) ;
#2020 = CARTESIAN_POINT ( 'NONE',  ( -482.7526559399032067, 132.0000000000000568, 587.5000000000002274 ) ) ;
#2021 = CARTESIAN_POINT ( 'NONE',  ( -872.0440081555842653, 77.77669212577781366, -499.9999999999992610 ) ) ;
#2022 = DIRECTION ( 'NONE',  ( -0.000000000000000000, -1.000000000000000000, -0.000000000000000000 ) ) ;
#2023 = PLANE ( 'NONE',  #884 ) ;
#2024 = CARTESIAN_POINT ( 'NONE',  ( -431.2350043546714460, 0.000000000000000000, -462.5000000000007958 ) ) ;
#2025 = CARTESIAN_POINT ( 'NONE',  ( 0.000000000000000000, 0.000000000000000000, -550.0000000000006821 ) ) ;
#2026 = FACE_OUTER_BOUND ( 'NONE', #1655, .T. ) ;
#2027 = CARTESIAN_POINT ( 'NONE',  ( -559.6566374106807871, 15.62907057539932687, 513.0049525276571103 ) ) ;
#2028 = PRESENTATION_LAYER_ASSIGNMENT (  '', '', ( #513 ) ) ;
#2029 = CARTESIAN_POINT ( 'NONE',  ( 999.9999999999985221, 36.67766210682825090, 643.4643888151882720 ) ) ;
#2030 = ADVANCED_FACE ( 'NONE', ( #284 ), #2357, .T. ) ;
#2031 = CARTESIAN_POINT ( 'NONE',  ( 499.9999999999986926, 80.99961139267641386, -583.3263778465170617 ) ) ;
#2032 = EDGE_CURVE ( 'NONE', #102, #1675, #303, .T. ) ;
#2033 = CARTESIAN_POINT ( 'NONE',  ( 875.0000000000003411, 132.0000000000000568, 550.0000000000006821 ) ) ;
#2034 = CARTESIAN_POINT ( 'NONE',  ( -500.0000000000015348, 36.67766210682825090, 555.9643888151881583 ) ) ;
#2035 = CARTESIAN_POINT ( 'NONE',  ( 0.000000000000000000, 132.0000000000000568, -675.0000000000001137 ) ) ;
#2036 = CARTESIAN_POINT ( 'NONE',  ( 0.000000000000000000, 132.0000000000000568, 675.0000000000001137 ) ) ;
#2037 = EDGE_CURVE ( 'NONE', #878, #1580, #2370, .T. ) ;
#2038 = CARTESIAN_POINT ( 'NONE',  ( 8.007308768253999176, 116.8894930946181603, -675.6238626845287172 ) ) ;
#2039 = SURFACE_SIDE_STYLE ('',( #2001 ) ) ;
#2040 = FILL_AREA_STYLE_COLOUR ( '', #247 ) ;
#2041 = CARTESIAN_POINT ( 'NONE',  ( -949.8803118798056175, 132.0000000000002274, -382.0013279699509781 ) ) ;
#2042 = DIRECTION ( 'NONE',  ( 0.000000000000000000, -0.000000000000000000, -1.000000000000000000 ) ) ;
#2043 = CARTESIAN_POINT ( 'NONE',  ( 999.9999999999987494, 80.99961139267641386, -670.8263778465170617 ) ) ;
#2044 = FACE_OUTER_BOUND ( 'NONE', #1075, .T. ) ;
#2045 =( NAMED_UNIT ( * ) PLANE_ANGLE_UNIT ( ) SI_UNIT ( $, .RADIAN. ) );
#2046 = ADVANCED_FACE ( 'NONE', ( #1145 ), #1933, .T. ) ;
#2047 = CARTESIAN_POINT ( 'NONE',  ( -500.0000000000000000, 0.000000000000000000, 462.5000000000006821 ) ) ;
#2048 = CARTESIAN_POINT ( 'NONE',  ( 1117.998672030049875, 132.0000000000002274, -600.1196881201949509 ) ) ;
#2049 = CARTESIAN_POINT ( 'NONE',  ( -1000.000000000000000, 0.000000000000000000, -499.9999999999992610 ) ) ;
#2050 = CARTESIAN_POINT ( 'NONE',  ( -624.9590225426848065, 65.39221202039959735, -479.7286456771752796 ) ) ;
#2051 = FILL_AREA_STYLE ('',( #1847 ) ) ;
#2052 = CARTESIAN_POINT ( 'NONE',  ( -1128.743176107171394, 63.33695856770862775, -499.9999999999997726 ) ) ;
#2053 = CARTESIAN_POINT ( 'NONE',  ( -1124.999999999999773, 132.0000000000000568, -499.9999999999992610 ) ) ;
#2054 = DIRECTION ( 'NONE',  ( 0.000000000000000000, 0.000000000000000000, 1.000000000000000000 ) ) ;
#2055 = SURFACE_STYLE_USAGE ( .BOTH. , #1324 ) ;
#2056 = CARTESIAN_POINT ( 'NONE',  ( -1053.414941624394942, 0.000000000000000000, -25.00000000000082423 ) ) ;
#2057 = CARTESIAN_POINT ( 'NONE',  ( -1040.000000000000227, 588.0000000000000000, -540.0000000000000000 ) ) ;
#2058 = PRESENTATION_STYLE_ASSIGNMENT (( #2055 ) ) ;
#2059 = CARTESIAN_POINT ( 'NONE',  ( -436.0194239843538639, 132.0000000000000568, 575.2961171618111393 ) ) ;
#2060 = STYLED_ITEM ( 'NONE', ( #138 ), #1171 ) ;
#2061 = FACE_OUTER_BOUND ( 'NONE', #212, .T. ) ;
#2062 = CARTESIAN_POINT ( 'NONE',  ( 617.9986720300498746, 132.0000000000002274, 512.6196881201949509 ) ) ;
#2063 = CARTESIAN_POINT ( 'NONE',  ( -1117.998672030049875, 132.0000000000002274, -600.1196881201950646 ) ) ;
#2064 = UNCERTAINTY_MEASURE_WITH_UNIT (LENGTH_MEASURE( 1.000000000000000082E-05 ), #1959, 'distance_accuracy_value', 'NONE');
#2065 = CARTESIAN_POINT ( 'NONE',  ( 0.000000000000000000, 132.0000000000000568, 550.0000000000005684 ) ) ;
#2066 = EDGE_CURVE ( 'NONE', #1913, #921, #2133, .T. ) ;
#2067 = CARTESIAN_POINT ( 'NONE',  ( -568.7649956453285540, 0.000000000000000000, -462.5000000000007958 ) ) ;
#2068 = SHAPE_DEFINITION_REPRESENTATION ( #1159, #839 ) ;
#2069 = CARTESIAN_POINT ( 'NONE',  ( 0.000000000000000000, 132.0000000000000568, 675.0000000000002274 ) ) ;
#2070 = CARTESIAN_POINT ( 'NONE',  ( -1127.955991844415848, 77.77669212577781366, -25.00000000000082423 ) ) ;
#2071 = CARTESIAN_POINT ( 'NONE',  ( -431.2350043546714460, 0.000000000000000000, -462.5000000000007958 ) ) ;
#2072 = CARTESIAN_POINT ( 'NONE',  ( 949.8803118798056175, 132.0000000000002274, -667.9986720300489651 ) ) ;
#2073 = B_SPLINE_CURVE_WITH_KNOTS ( 'NONE', 2,
 ( #1488, #933, #2446, #695, #726 ),
 .UNSPECIFIED., .F., .F.,
 ( 3, 2, 3 ),
 ( 0.000000000000000000, 0.5000000000000000000, 1.000000000000000000 ),
 .UNSPECIFIED. ) ;
#2074 = CARTESIAN_POINT ( 'NONE',  ( -1000.000000000000000, 132.0000000000000853, -150.0000000000001705 ) ) ;
#2075 = SURFACE_STYLE_FILL_AREA ( #1280 ) ;
#2076 = CARTESIAN_POINT ( 'NONE',  ( 500.0000000000000000, 114.8342396419271978, 588.4357940267931326 ) ) ;
#2077 = CARTESIAN_POINT ( 'NONE',  ( -1000.000000000000000, 114.8342396419271978, -675.9357940267932463 ) ) ;
#2078 = PLANE ( 'NONE',  #891 ) ;
#2079 = DIRECTION ( 'NONE',  ( 0.000000000000000000, 0.000000000000000000, -1.000000000000000000 ) ) ;
#2080 = CARTESIAN_POINT ( 'NONE',  ( -1124.999999999999773, 132.0000000000000000, -25.00000000000082423 ) ) ;
#2081 = STYLED_ITEM ( 'NONE', ( #1121 ), #2030 ) ;
#2082 = CARTESIAN_POINT ( 'NONE',  ( -1053.414941624394942, 0.000000000000000000, 550.0000000000006821 ) ) ;
#2083 = FACE_OUTER_BOUND ( 'NONE', #259, .T. ) ;
#2084 = CARTESIAN_POINT ( 'NONE',  ( -875.0000000000003411, 132.0000000000000568, -25.00000000000082423 ) ) ;
#2085 = CARTESIAN_POINT ( 'NONE',  ( -568.7649956453285540, 0.000000000000000000, -462.5000000000006821 ) ) ;
#2086 = CARTESIAN_POINT ( 'NONE',  ( -44.76558610692297435, 108.8341101061527638, 668.9412406355381790 ) ) ;
#2087 = EDGE_CURVE ( 'NONE', #1788, #811, #1193, .T. ) ;
#2088 = FACE_OUTER_BOUND ( 'NONE', #1783, .T. ) ;
#2089 = CARTESIAN_POINT ( 'NONE',  ( -1000.000000000001364, 80.99961139267641386, -145.8263778465172607 ) ) ;
#2090 = COLOUR_RGB ( '',0.7921568627450980005, 0.8196078431372548767, 0.9333333333333333481 ) ;
#2091 = B_SPLINE_CURVE_WITH_KNOTS ( 'NONE', 3,
 ( #768, #635, #615, #75, #781 ),
 .UNSPECIFIED., .F., .F.,
 ( 4, 1, 4 ),
 ( 0.000000000000000000, 0.5000000282588340506, 1.000000000000000000 ),
 .UNSPECIFIED. ) ;
#2092 = EDGE_CURVE ( 'NONE', #1590, #917, #483, .T. ) ;
#2093 = CARTESIAN_POINT ( 'NONE',  ( -1112.796114603734395, 132.0000000000000568, -613.9805828120822753 ) ) ;
#2094 = CARTESIAN_POINT ( 'NONE',  ( 371.2568238928286632, 63.33695856770862775, -462.5000000000006821 ) ) ;
#2095 = CARTESIAN_POINT ( 'NONE',  ( -387.2038853962656049, 132.0000000000000568, 526.4805828120820479 ) ) ;
#2096 = CARTESIAN_POINT ( 'NONE',  ( 1050.119688120194496, 132.0000000000002274, 667.9986720300489651 ) ) ;
#2097 = CARTESIAN_POINT ( 'NONE',  ( -88.37101225378312108, 131.9999999999999716, 638.3710199265071878 ) ) ;
#2098 = B_SPLINE_CURVE_WITH_KNOTS ( 'NONE', 3,
 ( #1669, #2094, #1887, #1332 ),
 .UNSPECIFIED., .F., .F.,
 ( 4, 4 ),
 ( 0.000000000000000000, 1.000000000000000000 ),
 .UNSPECIFIED. ) ;
#2099 =( NAMED_UNIT ( * ) SI_UNIT ( $, .STERADIAN. ) SOLID_ANGLE_UNIT ( ) );
#2100 = CARTESIAN_POINT ( 'NONE',  ( -949.8803118798056175, 132.0000000000002274, -142.9986720300491072 ) ) ;
#2101 = CARTESIAN_POINT ( 'NONE',  ( -15.28238293788445290, 124.2228264279514605, 675.3119313422645291 ) ) ;
#2102 = CARTESIAN_POINT ( 'NONE',  ( -1000.000000000000000, 132.0000000000000853, -675.0000000000000000 ) ) ;
#2103 = CARTESIAN_POINT ( 'NONE',  ( 77.05785210516886252, 131.9999999999999716, -649.6841800751213896 ) ) ;
#2104 = CARTESIAN_POINT ( 'NONE',  ( -1043.724809188548761, 46.45177473788543665, 642.4852372426781812 ) ) ;
#2105 = CARTESIAN_POINT ( 'NONE',  ( -999.9999999999985221, 6.943605863098891717, 600.6975847313879058 ) ) ;
#2106 = CARTESIAN_POINT ( 'NONE',  ( 577.0578521051689904, 131.9999999999999716, -562.1841800751213896 ) ) ;
#2107 = AXIS2_PLACEMENT_3D ( 'NONE', #92, #484, #328 ) ;
#2108 = FILL_AREA_STYLE_COLOUR ( '', #17 ) ;
#2109 = B_SPLINE_CURVE_WITH_KNOTS ( 'NONE', 3,
 ( #1131, #153, #1468, #529, #704 ),
 .UNSPECIFIED., .F., .F.,
 ( 4, 1, 4 ),
 ( 0.000000000000000000, 0.5000000282588330514, 1.000000000000000000 ),
 .UNSPECIFIED. ) ;
#2110 = EDGE_CURVE ( 'NONE', #1541, #1950, #1139, .T. ) ;
#2111 = CARTESIAN_POINT ( 'NONE',  ( -1050.119688120194496, 132.0000000000002274, -382.0013279699509781 ) ) ;
#2112 = CARTESIAN_POINT ( 'NONE',  ( -909.4730659023439330, 131.9999999999998579, -640.5269340976576586 ) ) ;
#2113 = CARTESIAN_POINT ( 'NONE',  ( 0.000000000000000000, 114.8342396419271978, 675.9357940267931326 ) ) ;
#2114 = CARTESIAN_POINT ( 'NONE',  ( -1000.000000000000000, 132.0000000000000568, 675.0000000000001137 ) ) ;
#2115 = CARTESIAN_POINT ( 'NONE',  ( 1043.724809188548761, 46.45177473788543665, 642.4852372426781812 ) ) ;
#2116 = CARTESIAN_POINT ( 'NONE',  ( 375.0000000000003411, 132.0000000000000568, 479.7473440600973618 ) ) ;
#2117 = ADVANCED_FACE ( 'NONE', ( #1938 ), #816, .T. ) ;
#2118 = CARTESIAN_POINT ( 'NONE',  ( -1088.371012253783192, 131.9999999999999716, -113.3710199265073015 ) ) ;
#2119 = CARTESIAN_POINT ( 'NONE',  ( -500.0000000000000000, 0.000000000000000000, -462.5000000000006821 ) ) ;
#2120 = CARTESIAN_POINT ( 'NONE',  ( -124.9999999999996732, 132.0000000000000568, 550.0000000000005684 ) ) ;
#2121 = CARTESIAN_POINT ( 'NONE',  ( 500.0000000000000000, 132.0000000000000568, -587.5000000000002274 ) ) ;
#2122 = ADVANCED_FACE ( 'NONE', ( #1231 ), #1562, .T. ) ;
#2123 = CARTESIAN_POINT ( 'NONE',  ( -500.0000000000015348, 36.67766210682825090, -555.9643888151881583 ) ) ;
#2124 = CARTESIAN_POINT ( 'NONE',  ( -1040.000000000000227, 588.0000000000000000, -540.0000000000000000 ) ) ;
#2125 = CARTESIAN_POINT ( 'NONE',  ( 949.8803118798056175, 132.0000000000002274, 667.9986720300489651 ) ) ;
#2126 = MECHANICAL_DESIGN_GEOMETRIC_PRESENTATION_REPRESENTATION (  '', ( #2333 ), #2141 ) ;
#2127 = CARTESIAN_POINT ( 'NONE',  ( -909.4730659023439330, 131.9999999999998579, 640.5269340976575450 ) ) ;
#2128 = CARTESIAN_POINT ( 'NONE',  ( -588.3710122537830784, 131.9999999999999716, 550.8710199265071878 ) ) ;
#2129 = EDGE_CURVE ( 'NONE', #2488, #2377, #404, .T. ) ;
#2130 = CARTESIAN_POINT ( 'NONE',  ( -871.2568238928287201, 63.33695856770862775, 550.0000000000006821 ) ) ;
#2131 = CARTESIAN_POINT ( 'NONE',  ( -1000.000000000000000, 132.0000000000000853, -675.0000000000001137 ) ) ;
#2132 = CARTESIAN_POINT ( 'NONE',  ( 875.0000000000003411, 132.0000000000000568, 567.2473440600973618 ) ) ;
#2133 = B_SPLINE_CURVE_WITH_KNOTS ( 'NONE', 3,
 ( #525, #1815, #2031, #2179, #637, #817, #1060 ),
 .UNSPECIFIED., .F., .F.,
 ( 4, 1, 1, 1, 4 ),
 ( 0.000000000000000000, 0.2500000000000000000, 0.5000000000000000000, 0.7500000000000000000, 1.000000000000000000 ),
 .UNSPECIFIED. ) ;
#2134 = CARTESIAN_POINT ( 'NONE',  ( -446.5850583756052288, 0.000000000000000000, 462.5000000000006821 ) ) ;
#2135 = CARTESIAN_POINT ( 'NONE',  ( 933.4931984362265212, 3.666666666666690499, 567.2099472942542207 ) ) ;
#2136 = CARTESIAN_POINT ( 'NONE',  ( 1000.000000000000000, 0.000000000000000000, 550.0000000000006821 ) ) ;
#2137 = CARTESIAN_POINT ( 'NONE',  ( 1000.000000000000000, 4.065758146820641628E-14, -567.1912489113325364 ) ) ;
#2138 = CARTESIAN_POINT ( 'NONE',  ( -1000.000000000000000, 114.8342396419271978, 675.9357940267931326 ) ) ;
#2139 = CARTESIAN_POINT ( 'NONE',  ( 53.41494162439477833, 0.000000000000000000, -550.0000000000006821 ) ) ;
#2140 = CARTESIAN_POINT ( 'NONE',  ( -982.7526559399032067, 132.0000000000000568, -675.0000000000003411 ) ) ;
#2141 =( GEOMETRIC_REPRESENTATION_CONTEXT ( 3 ) GLOBAL_UNCERTAINTY_ASSIGNED_CONTEXT ( ( #2315 ) ) GLOBAL_UNIT_ASSIGNED_CONTEXT ( ( #871, #2266, #1631 ) ) REPRESENTATION_CONTEXT ( 'NONE', 'WORKASPACE' ) );
#2142 = CARTESIAN_POINT ( 'NONE',  ( 0.000000000000000000, 0.000000000000000000, 550.0000000000006821 ) ) ;
#2143 = CARTESIAN_POINT ( 'NONE',  ( 117.9986720300499030, 132.0000000000002274, -600.1196881201949509 ) ) ;
#2144 = CARTESIAN_POINT ( 'NONE',  ( -1000.000000000000000, 132.0000000000000568, -675.0000000000002274 ) ) ;
#2145 = CARTESIAN_POINT ( 'NONE',  ( 500.0000000000000000, 4.065758146820641628E-14, -479.6912489113324796 ) ) ;
#2146 = CARTESIAN_POINT ( 'NONE',  ( -124.9999999999996732, 132.0000000000000568, -550.0000000000005684 ) ) ;
#2147 = CARTESIAN_POINT ( 'NONE',  ( 931.2350043546714460, 0.000000000000000000, -550.0000000000006821 ) ) ;
#2148 = CARTESIAN_POINT ( 'NONE',  ( 1000.000000000000000, 132.0000000000000568, 675.0000000000002274 ) ) ;
#2149 = CARTESIAN_POINT ( 'NONE',  ( -568.7649956453285540, 0.000000000000000000, 462.5000000000007958 ) ) ;
#2150 = ADVANCED_FACE ( 'NONE', ( #1228 ), #1096, .F. ) ;
#2151 = EDGE_CURVE ( 'NONE', #993, #1580, #970, .T. ) ;
#2152 = CARTESIAN_POINT ( 'NONE',  ( 1124.999999999999773, 132.0000000000000568, -550.0000000000006821 ) ) ;
#2153 = B_SPLINE_CURVE_WITH_KNOTS ( 'NONE', 2,
 ( #85, #2021, #861, #40, #2049 ),
 .UNSPECIFIED., .F., .F.,
 ( 3, 2, 3 ),
 ( 0.000000000000000000, 0.5000000000000000000, 1.000000000000000000 ),
 .UNSPECIFIED. ) ;
#2154 = CARTESIAN_POINT ( 'NONE',  ( 1.517883041479706208E-12, 6.943605863098891717, 600.6975847313879058 ) ) ;
#2155 = CARTESIAN_POINT ( 'NONE',  ( -411.6289877462168647, 131.9999999999999716, 550.8710199265071878 ) ) ;
#2156 = CARTESIAN_POINT ( 'NONE',  ( -500.0000000000000000, 132.0000000000000568, 587.5000000000002274 ) ) ;
#2157 = CARTESIAN_POINT ( 'NONE',  ( 500.0000000000000000, 0.000000000000000000, 462.5000000000006821 ) ) ;
#2158 = CARTESIAN_POINT ( 'NONE',  ( 882.0013279699501254, 132.0000000000002274, 600.1196881201949509 ) ) ;
#2159 = DIRECTION ( 'NONE',  ( 0.000000000000000000, -0.000000000000000000, -1.000000000000000000 ) ) ;
#2160 = CARTESIAN_POINT ( 'NONE',  ( -1000.000000000000000, 4.065758146820641628E-14, -567.1912489113326501 ) ) ;
#2161 = CARTESIAN_POINT ( 'NONE',  ( 875.0000000000003411, 132.0000000000000568, 567.2473440600973618 ) ) ;
#2162 = CARTESIAN_POINT ( 'NONE',  ( -68.76499564532856823, 0.000000000000000000, 550.0000000000007958 ) ) ;
#2163 = CARTESIAN_POINT ( 'NONE',  ( 1000.000000000000000, 132.0000000000000568, 675.0000000000001137 ) ) ;
#2164 = CARTESIAN_POINT ( 'NONE',  ( -599.6841800751207074, 131.9999999999999432, 539.5578521051698999 ) ) ;
#2165 = ADVANCED_FACE ( 'NONE', ( #415 ), #1841, .F. ) ;
#2166 = CARTESIAN_POINT ( 'NONE',  ( 128.7431761071713368, 63.33695856770862775, 550.0000000000001137 ) ) ;
#2167 = AXIS2_PLACEMENT_3D ( 'NONE', #2187, #1828, #2388 ) ;
#2168 = CARTESIAN_POINT ( 'NONE',  ( -431.2350043546714460, 0.000000000000000000, 462.5000000000007958 ) ) ;
#2169 = CARTESIAN_POINT ( 'NONE',  ( 1124.999999999999773, 132.0000000000000568, 550.0000000000006821 ) ) ;
#2170 = EDGE_CURVE ( 'NONE', #1530, #180, #373, .T. ) ;
#2171 = CARTESIAN_POINT ( 'NONE',  ( -433.4931984362265212, 3.666666666666690499, -479.7099472942542775 ) ) ;
#2172 = CARTESIAN_POINT ( 'NONE',  ( -1000.000000000001364, 80.99961139267641386, -145.8263778465172607 ) ) ;
#2173 = CARTESIAN_POINT ( 'NONE',  ( 931.2350043546714460, 0.000000000000000000, 550.0000000000006821 ) ) ;
#2174 = CARTESIAN_POINT ( 'NONE',  ( -543.7248091885488748, 46.45177473788543665, 554.9852372426780676 ) ) ;
#2175 = EDGE_CURVE ( 'NONE', #811, #1755, #2153, .T. ) ;
#2176 = CARTESIAN_POINT ( 'NONE',  ( -628.7431761071713936, 63.33695856770862775, 462.5000000000006821 ) ) ;
#2177 = B_SPLINE_CURVE_WITH_KNOTS ( 'NONE', 3,
 ( #1991, #591, #2437, #400 ),
 .UNSPECIFIED., .F., .F.,
 ( 4, 4 ),
 ( 0.000000000000000000, 1.000000000000000000 ),
 .UNSPECIFIED. ) ;
#2178 = UNCERTAINTY_MEASURE_WITH_UNIT (LENGTH_MEASURE( 1.000000000000000082E-05 ), #2369, 'distance_accuracy_value', 'NONE');
#2179 = CARTESIAN_POINT ( 'NONE',  ( 500.0000000000015348, 36.67766210682825090, -555.9643888151881583 ) ) ;
#2180 = CARTESIAN_POINT ( 'NONE',  ( -1040.000000000000227, 638.0000000000000000, -465.0000000000000000 ) ) ;
#2181 = CARTESIAN_POINT ( 'NONE',  ( -500.0000000000000000, 132.0000000000000853, 587.4999999999998863 ) ) ;
#2182 = CARTESIAN_POINT ( 'NONE',  ( -1.301042606982605321E-12, 80.99961139267641386, -670.8263778465170617 ) ) ;
#2183 = CARTESIAN_POINT ( 'NONE',  ( -1050.119688120194496, 132.0000000000002274, -382.0013279699509781 ) ) ;
#2184 = SURFACE_SIDE_STYLE ('',( #1823 ) ) ;
#2185 = CARTESIAN_POINT ( 'NONE',  ( 0.000000000000000000, 132.0000000000000853, -675.0000000000000000 ) ) ;
#2186 = SURFACE_STYLE_USAGE ( .BOTH. , #2039 ) ;
#2187 = CARTESIAN_POINT ( 'NONE',  ( -1040.000000000000227, 638.0000000000000000, -540.0000000000000000 ) ) ;
#2188 = CARTESIAN_POINT ( 'NONE',  ( -1000.000000000000000, 4.065758146820641628E-14, -42.19124891133264299 ) ) ;
#2189 = CARTESIAN_POINT ( 'NONE',  ( -999.9999999999985221, 6.943605863098891717, -449.3024152686119805 ) ) ;
#2190 = CARTESIAN_POINT ( 'NONE',  ( -871.2568238928287201, 63.33695856770862775, -25.00000000000028066 ) ) ;
#2191 =( GEOMETRIC_REPRESENTATION_CONTEXT ( 3 ) GLOBAL_UNCERTAINTY_ASSIGNED_CONTEXT ( ( #945 ) ) GLOBAL_UNIT_ASSIGNED_CONTEXT ( ( #1524, #916, #1149 ) ) REPRESENTATION_CONTEXT ( 'NONE', 'WORKASPACE' ) );
#2192 = CARTESIAN_POINT ( 'NONE',  ( -382.0013279699501254, 132.0000000000002274, -512.6196881201949509 ) ) ;
#2193 = CARTESIAN_POINT ( 'NONE',  ( -1023.481144951397823, 86.99974092845100415, -144.8838092410277625 ) ) ;
#2194 = CARTESIAN_POINT ( 'NONE',  ( -911.6289877462169216, 131.9999999999999716, -113.3710199265073015 ) ) ;
#2195 = FACE_OUTER_BOUND ( 'NONE', #1118, .T. ) ;
#2196 = CARTESIAN_POINT ( 'NONE',  ( 999.9999999999985221, 36.67766210682825090, -643.4643888151882720 ) ) ;
#2197 = CARTESIAN_POINT ( 'NONE',  ( 431.2350043546714460, 0.000000000000000000, 462.5000000000006821 ) ) ;
#2198 = CARTESIAN_POINT ( 'NONE',  ( 127.9559918444157489, 77.77669212577781366, 550.0000000000006821 ) ) ;
#2199 = B_SPLINE_CURVE_WITH_KNOTS ( 'NONE', 3,
 ( #2418, #515, #353, #1909 ),
 .UNSPECIFIED., .F., .F.,
 ( 4, 4 ),
 ( 0.000000000000000000, 1.000000000000000000 ),
 .UNSPECIFIED. ) ;
#2200 = CARTESIAN_POINT ( 'NONE',  ( -1128.743176107171394, 63.33695856770862775, -550.0000000000007958 ) ) ;
#2201 = EDGE_CURVE ( 'NONE', #818, #1077, #1422, .T. ) ;
#2202 = CARTESIAN_POINT ( 'NONE',  ( -1068.764995645328554, 0.000000000000000000, -499.9999999999991473 ) ) ;
#2203 = CARTESIAN_POINT ( 'NONE',  ( 1000.000000000000000, 132.0000000000000568, -675.0000000000001137 ) ) ;
#2204 = FACE_OUTER_BOUND ( 'NONE', #1566, .T. ) ;
#2205 =( NAMED_UNIT ( * ) SI_UNIT ( $, .STERADIAN. ) SOLID_ANGLE_UNIT ( ) );
#2206 = DIRECTION ( 'NONE',  ( 0.000000000000000000, 1.000000000000000000, 0.000000000000000000 ) ) ;
#2207 = LINE ( 'NONE', #140, #1406 ) ;
#2208 = CARTESIAN_POINT ( 'NONE',  ( -411.6289877462168647, 131.9999999999999716, 550.8710199265071878 ) ) ;
#2209 = CARTESIAN_POINT ( 'NONE',  ( 500.0000000000000000, 132.0000000000000853, 587.4999999999998863 ) ) ;
#2210 = LINE ( 'NONE', #1637, #2258 ) ;
#2211 = CARTESIAN_POINT ( 'NONE',  ( -999.9999999999985221, 36.67766210682825090, -643.4643888151883857 ) ) ;
#2212 = CARTESIAN_POINT ( 'NONE',  ( 375.0000000000003411, 132.0000000000000568, -748.1746605856177439 ) ) ;
#2213 = B_SPLINE_CURVE_WITH_KNOTS ( 'NONE', 3,
 ( #13, #621, #1354, #607, #444 ),
 .UNSPECIFIED., .F., .F.,
 ( 4, 1, 4 ),
 ( 0.000000000000000000, 0.5000000282588328293, 1.000000000000000000 ),
 .UNSPECIFIED. ) ;
#2214 = CARTESIAN_POINT ( 'NONE',  ( -500.0000000000000000, 0.000000000000000000, 462.5000000000006821 ) ) ;
#2215 = CARTESIAN_POINT ( 'NONE',  ( 17.24734406009678622, 132.0000000000000568, 675.0000000000002274 ) ) ;
#2216 = APPLICATION_CONTEXT ( 'automotive_design' ) ;
#2217 = B_SPLINE_CURVE_WITH_KNOTS ( 'NONE', 3,
 ( #2497, #908, #1156, #2433, #338 ),
 .UNSPECIFIED., .F., .F.,
 ( 4, 1, 4 ),
 ( 0.000000000000000000, 0.5000000282588296097, 1.000000000000000000 ),
 .UNSPECIFIED. ) ;
#2218 = CARTESIAN_POINT ( 'NONE',  ( 624.9999999999996589, 132.0000000000000568, -462.5000000000006821 ) ) ;
#2219 = VECTOR ( 'NONE', #2079, 1000000.000000000000 ) ;
#2220 = AXIS2_PLACEMENT_3D ( 'NONE', #1277, #2022, #1429 ) ;
#2221 = CARTESIAN_POINT ( 'NONE',  ( 1000.000000000000000, 132.0000000000000568, -675.0000000000001137 ) ) ;
#2222 = CARTESIAN_POINT ( 'NONE',  ( 500.0000000000000000, 0.000000000000000000, -462.5000000000006821 ) ) ;
#2223 = FACE_OUTER_BOUND ( 'NONE', #71, .T. ) ;
#2224 = CARTESIAN_POINT ( 'NONE',  ( -1015.282382937884449, 124.2228264279514605, -150.3119313422646712 ) ) ;
#2225 = CARTESIAN_POINT ( 'NONE',  ( 500.0000000000000000, 132.0000000000000568, 587.5000000000001137 ) ) ;
#2226 = VERTEX_POINT ( 'NONE', #1865 ) ;
#2227 = CARTESIAN_POINT ( 'NONE',  ( 1.517883041479706208E-12, 6.943605863098891717, 600.6975847313879058 ) ) ;
#2228 = CARTESIAN_POINT ( 'NONE',  ( 1124.999999999999773, 132.0000000000000000, 550.0000000000006821 ) ) ;
#2229 = EDGE_CURVE ( 'NONE', #1821, #811, #366, .T. ) ;
#2230 = CARTESIAN_POINT ( 'NONE',  ( 1249.999999999999773, 132.0000000000000568, 750.0000000000000000 ) ) ;
#2231 = FACE_OUTER_BOUND ( 'NONE', #2404, .T. ) ;
#2232 = CARTESIAN_POINT ( 'NONE',  ( 875.0000000000003411, 132.0000000000000568, -835.6746605856177439 ) ) ;
#2233 = DIRECTION ( 'NONE',  ( 1.000000000000000000, 0.000000000000000000, 0.000000000000000000 ) ) ;
#2234 = CARTESIAN_POINT ( 'NONE',  ( -909.1030803602235437, 39.10897761384791238, -550.0000000000007958 ) ) ;
#2235 = ORIENTED_EDGE ( 'NONE', *, *, #2302, .T. ) ;
#2236 =( NAMED_UNIT ( * ) PLANE_ANGLE_UNIT ( ) SI_UNIT ( $, .RADIAN. ) );
#2237 = CARTESIAN_POINT ( 'NONE',  ( 940.3433625893192129, 15.62907057539932687, -600.5049525276571103 ) ) ;
#2238 = CARTESIAN_POINT ( 'NONE',  ( -1077.057852105168877, 131.9999999999999716, -400.3158199248786673 ) ) ;
#2239 = LINE ( 'NONE', #1700, #1389 ) ;
#2240 =( LENGTH_UNIT ( ) NAMED_UNIT ( * ) SI_UNIT ( .MICRO., .METRE. ) );
#2241 = VECTOR ( 'NONE', #1360, 1000000.000000000000 ) ;
#2242 = CARTESIAN_POINT ( 'NONE',  ( -1124.999999999999773, 132.0000000000000568, -550.0000000000006821 ) ) ;
#2243 = DIRECTION ( 'NONE',  ( 0.000000000000000000, 0.000000000000000000, 1.000000000000000000 ) ) ;
#2244 = MECHANICAL_DESIGN_GEOMETRIC_PRESENTATION_REPRESENTATION (  '', ( #1866 ), #271 ) ;
#2245 = DIRECTION ( 'NONE',  ( 0.000000000000000000, 0.000000000000000000, -1.000000000000000000 ) ) ;
#2246 = CARTESIAN_POINT ( 'NONE',  ( -1000.000000000000000, 132.0000000000000568, -374.9999999999997726 ) ) ;
#2247 = CARTESIAN_POINT ( 'NONE',  ( -955.2344138930770896, 108.8341101061527638, 668.9412406355381790 ) ) ;
#2248 = VECTOR ( 'NONE', #924, 1000000.000000000000 ) ;
#2249 = CARTESIAN_POINT ( 'NONE',  ( 431.2350043546714460, 0.000000000000000000, 462.5000000000007958 ) ) ;
#2250 = MECHANICAL_DESIGN_GEOMETRIC_PRESENTATION_REPRESENTATION (  '', ( #194 ), #2445 ) ;
#2251 = ORIENTED_EDGE ( 'NONE', *, *, #1287, .F. ) ;
#2252 = CARTESIAN_POINT ( 'NONE',  ( -500.0000000000000000, 0.000000000000000000, -462.5000000000006821 ) ) ;
#2253 = B_SPLINE_CURVE_WITH_KNOTS ( 'NONE', 3,
 ( #2218, #1290, #1640, #2405 ),
 .UNSPECIFIED., .F., .F.,
 ( 4, 4 ),
 ( 0.000000000000000000, 1.000000000000000000 ),
 .UNSPECIFIED. ) ;
#2254 = CARTESIAN_POINT ( 'NONE',  ( 88.37101225378312108, 131.9999999999999716, -638.3710199265071878 ) ) ;
#2255 = CARTESIAN_POINT ( 'NONE',  ( 0.000000000000000000, 132.0000000000000568, 675.0000000000001137 ) ) ;
#2256 = EDGE_CURVE ( 'NONE', #67, #2425, #419, .T. ) ;
#2257 = LINE ( 'NONE', #1232, #1462 ) ;
#2258 = VECTOR ( 'NONE', #2442, 1000000.000000000000 ) ;
#2259 = EDGE_CURVE ( 'NONE', #1955, #1020, #754, .T. ) ;
#2260 = CARTESIAN_POINT ( 'NONE',  ( -1128.743176107171394, 63.33695856770862775, -550.0000000000002274 ) ) ;
#2261 = CARTESIAN_POINT ( 'NONE',  ( 1090.896919639776570, 39.10897761384791238, -550.0000000000006821 ) ) ;
#2262 = PLANE ( 'NONE',  #1413 ) ;
#2263 = B_SPLINE_CURVE_WITH_KNOTS ( 'NONE', 3,
 ( #2267, #1699, #1450, #2448 ),
 .UNSPECIFIED., .F., .F.,
 ( 4, 4 ),
 ( 0.000000000000000000, 1.000000000000000000 ),
 .UNSPECIFIED. ) ;
#2264 = CARTESIAN_POINT ( 'NONE',  ( 1124.959022542684806, 65.39221202039959735, 567.2286456771752228 ) ) ;
#2265 = CARTESIAN_POINT ( 'NONE',  ( 1000.000000000000000, 114.8342396419271978, 675.9357940267931326 ) ) ;
#2266 =( NAMED_UNIT ( * ) PLANE_ANGLE_UNIT ( ) SI_UNIT ( $, .RADIAN. ) );
#2267 = CARTESIAN_POINT ( 'NONE',  ( 911.6289877462169216, 131.9999999999999716, -638.3710199265071878 ) ) ;
#2268 = CARTESIAN_POINT ( 'NONE',  ( -1000.000000000000000, 0.000000000000000000, -550.0000000000007958 ) ) ;
#2269 = AXIS2_PLACEMENT_3D ( 'NONE', #494, #139, #2233 ) ;
#2270 = CARTESIAN_POINT ( 'NONE',  ( 999.9999999999985221, 36.67766210682825090, 643.4643888151882720 ) ) ;
#2271 = CARTESIAN_POINT ( 'NONE',  ( 416.9437892146440845, 87.89436665279694694, 554.0060856701675220 ) ) ;
#2272 = B_SPLINE_CURVE_WITH_KNOTS ( 'NONE', 3,
 ( #2128, #2164, #282, #1401, #1957 ),
 .UNSPECIFIED., .F., .F.,
 ( 4, 1, 4 ),
 ( 0.000000000000000000, 0.5000000282588296097, 1.000000000000000000 ),
 .UNSPECIFIED. ) ;
#2273 =( GEOMETRIC_REPRESENTATION_CONTEXT ( 3 ) GLOBAL_UNCERTAINTY_ASSIGNED_CONTEXT ( ( #2349 ) ) GLOBAL_UNIT_ASSIGNED_CONTEXT ( ( #1185, #1982, #2463 ) ) REPRESENTATION_CONTEXT ( 'NONE', 'WORKASPACE' ) );
#2274 = CARTESIAN_POINT ( 'NONE',  ( 1112.796114603734395, 132.0000000000000568, 613.9805828120821616 ) ) ;
#2275 = EDGE_CURVE ( 'NONE', #2425, #1923, #1520, .T. ) ;
#2276 = CARTESIAN_POINT ( 'NONE',  ( -872.0440081555842653, 77.77669212577781366, -499.9999999999992610 ) ) ;
#2277 = CARTESIAN_POINT ( 'NONE',  ( -112.7231634337458246, 71.81725421348123461, 600.3123203239255190 ) ) ;
#2278 = CARTESIAN_POINT ( 'NONE',  ( 624.9999999999996589, 132.0000000000000568, -462.5000000000005684 ) ) ;
#2279 = CARTESIAN_POINT ( 'NONE',  ( -499.9999999999984652, 6.943605863098891717, -513.1975847313879058 ) ) ;
#2280 = CARTESIAN_POINT ( 'NONE',  ( -409.1030803602235437, 39.10897761384791238, 462.5000000000006821 ) ) ;
#2281 = DIRECTION ( 'NONE',  ( 0.000000000000000000, 0.000000000000000000, 1.000000000000000000 ) ) ;
#2282 = CARTESIAN_POINT ( 'NONE',  ( -976.5188550486022905, 86.99974092845100415, 669.8838092410276204 ) ) ;
#2283 = CARTESIAN_POINT ( 'NONE',  ( 1000.000000000000000, 4.065758146820641628E-14, 567.1912489113325364 ) ) ;
#2284 = FACE_OUTER_BOUND ( 'NONE', #2293, .T. ) ;
#2285 = ADVANCED_FACE ( 'NONE', ( #381 ), #1346, .T. ) ;
#2286 = CARTESIAN_POINT ( 'NONE',  ( 500.0000000000000000, 132.0000000000000853, -587.5000000000000000 ) ) ;
#2287 = CARTESIAN_POINT ( 'NONE',  ( -1124.999999999999773, 132.0000000000000568, -499.9999999999992610 ) ) ;
#2288 = CARTESIAN_POINT ( 'NONE',  ( -77.05785210516886252, 131.9999999999999716, 649.6841800751213896 ) ) ;
#2289 = CARTESIAN_POINT ( 'NONE',  ( 500.0000000000000000, 0.000000000000000000, -462.5000000000006821 ) ) ;
#2290 = ORIENTED_EDGE ( 'NONE', *, *, #1238, .F. ) ;
#2291 = AXIS2_PLACEMENT_3D ( 'NONE', #2057, #2206, #332 ) ;
#2292 = CARTESIAN_POINT ( 'NONE',  ( -375.0000000000003411, 132.0000000000000568, -479.7473440600973618 ) ) ;
#2293 = EDGE_LOOP ( 'NONE', ( #268, #1100, #290, #232 ) ) ;
#2294 = CARTESIAN_POINT ( 'NONE',  ( 456.2751908114511821, 46.45177473788543665, -554.9852372426780676 ) ) ;
#2295 = CARTESIAN_POINT ( 'NONE',  ( 0.000000000000000000, 0.000000000000000000, -550.0000000000006821 ) ) ;
#2296 = ADVANCED_FACE ( 'NONE', ( #2083 ), #2078, .T. ) ;
#2297 = MECHANICAL_DESIGN_GEOMETRIC_PRESENTATION_REPRESENTATION (  '', ( #1283 ), #709 ) ;
#2298 = CARTESIAN_POINT ( 'NONE',  ( 1068.764995645328554, 0.000000000000000000, 550.0000000000007958 ) ) ;
#2299 = CARTESIAN_POINT ( 'NONE',  ( -590.5269340976560670, 131.9999999999998579, 553.0269340976574313 ) ) ;
#2300 = ORIENTED_EDGE ( 'NONE', *, *, #1873, .T. ) ;
#2301 = DIRECTION ( 'NONE',  ( 0.000000000000000000, -1.000000000000000000, 0.000000000000000000 ) ) ;
#2302 = EDGE_CURVE ( 'NONE', #2416, #2226, #1221, .T. ) ;
#2303 = ORIENTED_EDGE ( 'NONE', *, *, #928, .F. ) ;
#2304 = ADVANCED_FACE ( 'NONE', ( #2026 ), #538, .F. ) ;
#2305 = CARTESIAN_POINT ( 'NONE',  ( -1000.000000000000000, 4.065758146820641628E-14, 567.1912489113325364 ) ) ;
#2306 = CARTESIAN_POINT ( 'NONE',  ( 500.0000000000000000, 0.000000000000000000, 462.5000000000006821 ) ) ;
#2307 = CARTESIAN_POINT ( 'NONE',  ( -499.9999999999986926, 80.99961139267641386, 583.3263778465170617 ) ) ;
#2308 = CARTESIAN_POINT ( 'NONE',  ( -871.2568238928287201, 63.33695856770862775, -550.0000000000002274 ) ) ;
#2309 = VERTEX_POINT ( 'NONE', #720 ) ;
#2310 = DIRECTION ( 'NONE',  ( -1.000000000000000000, -0.000000000000000000, -0.000000000000000000 ) ) ;
#2311 = DIRECTION ( 'NONE',  ( 0.000000000000000000, -1.000000000000000000, 0.000000000000000000 ) ) ;
#2312 = CARTESIAN_POINT ( 'NONE',  ( -1000.000000000001592, 6.943605863098891717, -600.6975847313880195 ) ) ;
#2313 = EDGE_LOOP ( 'NONE', ( #261, #1656, #1495, #26, #1723, #49, #1101, #1742, #1091, #1094 ) ) ;
#2314 = CARTESIAN_POINT ( 'NONE',  ( 500.0000000000000000, 0.000000000000000000, -462.5000000000006821 ) ) ;
#2315 = UNCERTAINTY_MEASURE_WITH_UNIT (LENGTH_MEASURE( 1.000000000000000082E-05 ), #871, 'distance_accuracy_value', 'NONE');
#2316 = CARTESIAN_POINT ( 'NONE',  ( -500.0000000000000000, 132.0000000000000853, -587.5000000000000000 ) ) ;
#2317 = CARTESIAN_POINT ( 'NONE',  ( 955.2344138930770896, 108.8341101061527638, 668.9412406355381790 ) ) ;
#2318 = CARTESIAN_POINT ( 'NONE',  ( -517.2473440600967933, 132.0000000000000568, 587.5000000000002274 ) ) ;
#2319 = B_SPLINE_SURFACE_WITH_KNOTS ( 'NONE', 3, 3, ( 
 ( #287, #624, #1213, #2362 ),
 ( #1606, #304, #477, #1772 ),
 ( #1260, #1625, #1842, #2048 ),
 ( #2196, #659, #843, #1095 ),
 ( #1275, #1440, #1864, #243 ),
 ( #593, #772, #16, #733 ),
 ( #1902, #171, #349, #922 ) ),
 .UNSPECIFIED., .F., .F., .F.,
 ( 4, 1, 1, 1, 4 ),
 ( 4, 4 ),
 ( 0.000000000000000000, 0.2500000000000000000, 0.5000000000000000000, 0.7500000000000000000, 1.000000000000000000 ),
 ( 0.000000000000000000, 1.000000000000000000 ),
 .UNSPECIFIED. ) ;
#2320 = EDGE_LOOP ( 'NONE', ( #1899, #973, #136, #1000 ) ) ;
#2321 = CARTESIAN_POINT ( 'NONE',  ( 500.0000000000000000, 132.0000000000000568, -587.5000000000002274 ) ) ;
#2322 = ORIENTED_EDGE ( 'NONE', *, *, #1177, .F. ) ;
#2323 = CARTESIAN_POINT ( 'NONE',  ( 59.65663741068082260, 15.62907057539932687, 600.5049525276571103 ) ) ;
#2324 = CARTESIAN_POINT ( 'NONE',  ( -875.0000000000003411, 132.0000000000000568, -25.00000000000082423 ) ) ;
#2325 = CARTESIAN_POINT ( 'NONE',  ( 449.8803118798055607, 132.0000000000002274, 580.4986720300489651 ) ) ;
#2326 = CARTESIAN_POINT ( 'NONE',  ( -1088.371012253783192, 131.9999999999999716, -638.3710199265073015 ) ) ;
#2327 = ORIENTED_EDGE ( 'NONE', *, *, #1098, .T. ) ;
#2328 = CARTESIAN_POINT ( 'NONE',  ( -1124.999999999999773, 132.0000000000000568, -482.7526559399025814 ) ) ;
#2329 = ADVANCED_FACE ( 'NONE', ( #1240 ), #2469, .F. ) ;
#2330 = CARTESIAN_POINT ( 'NONE',  ( -568.7649956453285540, 0.000000000000000000, 462.5000000000006821 ) ) ;
#2331 = CARTESIAN_POINT ( 'NONE',  ( -563.9805760156461929, 132.0000000000000568, -575.2961171618111393 ) ) ;
#2332 = ORIENTED_EDGE ( 'NONE', *, *, #980, .T. ) ;
#2333 = STYLED_ITEM ( 'NONE', ( #858 ), #1487 ) ;
#2334 = CARTESIAN_POINT ( 'NONE',  ( 1000.000000000000000, 132.0000000000000853, 675.0000000000000000 ) ) ;
#2335 = CARTESIAN_POINT ( 'NONE',  ( 0.000000000000000000, 0.000000000000000000, 550.0000000000006821 ) ) ;
#2336 = CARTESIAN_POINT ( 'NONE',  ( -617.9986720300498746, 132.0000000000002274, 512.6196881201949509 ) ) ;
#2337 = ORIENTED_EDGE ( 'NONE', *, *, #173, .T. ) ;
#2338 = EDGE_CURVE ( 'NONE', #279, #921, #2098, .T. ) ;
#2339 = CARTESIAN_POINT ( 'NONE',  ( 500.0000000000000000, 0.000000000000000000, 462.5000000000006821 ) ) ;
#2340 = ORIENTED_EDGE ( 'NONE', *, *, #201, .T. ) ;
#2341 = CARTESIAN_POINT ( 'NONE',  ( 500.0000000000000000, 132.0000000000000568, 587.5000000000001137 ) ) ;
#2342 = CARTESIAN_POINT ( 'NONE',  ( 1000.000000000000000, 132.0000000000000568, 675.0000000000001137 ) ) ;
#2343 = CARTESIAN_POINT ( 'NONE',  ( 500.0000000000000000, 132.0000000000000568, 587.5000000000001137 ) ) ;
#2344 = CARTESIAN_POINT ( 'NONE',  ( -1068.764995645328554, 0.000000000000000000, 550.0000000000007958 ) ) ;
#2345 = ORIENTED_EDGE ( 'NONE', *, *, #1720, .F. ) ;
#2346 = PLANE ( 'NONE',  #1378 ) ;
#2347 = CARTESIAN_POINT ( 'NONE',  ( -500.0000000000000000, 0.000000000000000000, -748.1746605856177439 ) ) ;
#2348 = DIRECTION ( 'NONE',  ( -0.000000000000000000, -0.000000000000000000, 1.000000000000000000 ) ) ;
#2349 = UNCERTAINTY_MEASURE_WITH_UNIT (LENGTH_MEASURE( 1.000000000000000082E-05 ), #1185, 'distance_accuracy_value', 'NONE');
#2350 = CARTESIAN_POINT ( 'NONE',  ( -499.9999999999986926, 80.99961139267641386, -583.3263778465170617 ) ) ;
#2351 = EDGE_LOOP ( 'NONE', ( #2303, #1575, #956, #640 ) ) ;
#2352 = ADVANCED_FACE ( 'NONE', ( #2088 ), #421, .F. ) ;
#2353 = CARTESIAN_POINT ( 'NONE',  ( -999.9999999999985221, 36.67766210682825090, -118.4643888151883573 ) ) ;
#2354 = CARTESIAN_POINT ( 'NONE',  ( 124.9999999999996732, 132.0000000000000568, 584.5177989836047345 ) ) ;
#2355 = CARTESIAN_POINT ( 'NONE',  ( -566.5068015637734788, 3.666666666666690499, 479.7099472942542775 ) ) ;
#2356 = ORIENTED_EDGE ( 'NONE', *, *, #934, .F. ) ;
#2357 = PLANE ( 'NONE',  #161 ) ;
#2358 = ADVANCED_FACE ( 'NONE', ( #1174 ), #959, .F. ) ;
#2359 = ORIENTED_EDGE ( 'NONE', *, *, #1420, .T. ) ;
#2360 = CARTESIAN_POINT ( 'NONE',  ( 500.0000000000000000, 0.000000000000000000, -462.5000000000006821 ) ) ;
#2361 = PRESENTATION_LAYER_ASSIGNMENT (  '', '', ( #194 ) ) ;
#2362 = CARTESIAN_POINT ( 'NONE',  ( 1124.999999999999773, 132.0000000000000568, -550.0000000000005684 ) ) ;
#2363 = CARTESIAN_POINT ( 'NONE',  ( 1.517883041479706208E-12, 36.67766210682825090, -643.4643888151882720 ) ) ;
#2364 = ORIENTED_EDGE ( 'NONE', *, *, #1183, .T. ) ;
#2365 = CARTESIAN_POINT ( 'NONE',  ( -1000.000000000000000, 114.8342396419271978, -374.0642059732068105 ) ) ;
#2366 = SURFACE_STYLE_USAGE ( .BOTH. , #2184 ) ;
#2367 = CARTESIAN_POINT ( 'NONE',  ( 0.000000000000000000, 132.0000000000000568, -675.0000000000002274 ) ) ;
#2368 = EDGE_CURVE ( 'NONE', #1122, #1774, #410, .T. ) ;
#2369 =( LENGTH_UNIT ( ) NAMED_UNIT ( * ) SI_UNIT ( .MICRO., .METRE. ) );
#2370 = B_SPLINE_CURVE_WITH_KNOTS ( 'NONE', 3,
 ( #683, #1587, #698, #148 ),
 .UNSPECIFIED., .F., .F.,
 ( 4, 4 ),
 ( 0.000000000000000000, 1.000000000000000000 ),
 .UNSPECIFIED. ) ;
#2371 = FILL_AREA_STYLE ('',( #2040 ) ) ;
#2372 = ORIENTED_EDGE ( 'NONE', *, *, #1678, .F. ) ;
#2373 = CARTESIAN_POINT ( 'NONE',  ( -1000.000000000000000, 0.000000000000000000, -25.00000000000082423 ) ) ;
#2374 = CARTESIAN_POINT ( 'NONE',  ( -940.3433625893192129, 15.62907057539932687, -449.4950474723428329 ) ) ;
#2375 = CARTESIAN_POINT ( 'NONE',  ( -875.0409774573153072, 65.39221202039959735, -42.22864567717541462 ) ) ;
#2376 = EDGE_CURVE ( 'NONE', #1924, #993, #1493, .T. ) ;
#2377 = VERTEX_POINT ( 'NONE', #2118 ) ;
#2378 = CARTESIAN_POINT ( 'NONE',  ( 999.9999999999985221, 6.943605863098891717, -600.6975847313879058 ) ) ;
#2379 = CARTESIAN_POINT ( 'NONE',  ( -875.0000000000003411, 132.0000000000000568, -465.4822010163951518 ) ) ;
#2380 = ORIENTED_EDGE ( 'NONE', *, *, #766, .T. ) ;
#2381 = CARTESIAN_POINT ( 'NONE',  ( -1040.000000000000227, 588.0000000000000000, -540.0000000000000000 ) ) ;
#2382 = CARTESIAN_POINT ( 'NONE',  ( -500.0000000000000000, 0.000000000000000000, 462.5000000000006821 ) ) ;
#2383 = CARTESIAN_POINT ( 'NONE',  ( 375.0000000000003411, 132.0000000000000568, 462.5000000000006821 ) ) ;
#2384 = ORIENTED_EDGE ( 'NONE', *, *, #1746, .T. ) ;
#2385 = CARTESIAN_POINT ( 'NONE',  ( 500.0000000000000000, 132.0000000000000568, 587.5000000000001137 ) ) ;
#2386 = CARTESIAN_POINT ( 'NONE',  ( -588.3710122537830784, 131.9999999999999716, 550.8710199265071878 ) ) ;
#2387 = CARTESIAN_POINT ( 'NONE',  ( 0.000000000000000000, 0.000000000000000000, -550.0000000000006821 ) ) ;
#2388 = DIRECTION ( 'NONE',  ( 0.000000000000000000, 0.000000000000000000, 1.000000000000000000 ) ) ;
#2389 = ORIENTED_EDGE ( 'NONE', *, *, #766, .F. ) ;
#2390 = CARTESIAN_POINT ( 'NONE',  ( -882.0013279699501254, 132.0000000000002274, -600.1196881201950646 ) ) ;
#2391 = CARTESIAN_POINT ( 'NONE',  ( -371.2568238928286632, 63.33695856770862775, -462.5000000000001137 ) ) ;
#2392 = ORIENTED_EDGE ( 'NONE', *, *, #1984, .F. ) ;
#2393 = CARTESIAN_POINT ( 'NONE',  ( 1000.000000000001592, 36.67766210682825090, -643.4643888151882720 ) ) ;
#2394 = FILL_AREA_STYLE_COLOUR ( '', #1164 ) ;
#2395 = CLOSED_SHELL ( 'NONE', ( #2458, #1677, #1548, #1589, #2352, #1187, #452 ) ) ;
#2396 = AXIS2_PLACEMENT_3D ( 'NONE', #1042, #784, #1403 ) ;
#2397 = CARTESIAN_POINT ( 'NONE',  ( 566.5068015637734788, 3.666666666666690499, 479.7099472942542775 ) ) ;
#2398 = CARTESIAN_POINT ( 'NONE',  ( 1090.896919639776570, 39.10897761384791238, 550.0000000000006821 ) ) ;
#2399 = ORIENTED_EDGE ( 'NONE', *, *, #1103, .T. ) ;
#2400 = CARTESIAN_POINT ( 'NONE',  ( 0.000000000000000000, 0.000000000000000000, 550.0000000000006821 ) ) ;
#2401 = CARTESIAN_POINT ( 'NONE',  ( -1000.000000000000000, 132.0000000000000568, -374.9999999999996589 ) ) ;
#2402 = B_SPLINE_CURVE_WITH_KNOTS ( 'NONE', 3,
 ( #1689, #1348, #1537, #2434 ),
 .UNSPECIFIED., .F., .F.,
 ( 4, 4 ),
 ( 0.000000000000000000, 1.000000000000000000 ),
 .UNSPECIFIED. ) ;
#2403 = EDGE_CURVE ( 'NONE', #1535, #718, #356, .T. ) ;
#2404 = EDGE_LOOP ( 'NONE', ( #238, #1946, #1111, #1935 ) ) ;
#2405 = CARTESIAN_POINT ( 'NONE',  ( 500.0000000000000000, 0.000000000000000000, -462.5000000000006821 ) ) ;
#2406 = EDGE_CURVE ( 'NONE', #2377, #1084, #1349, .T. ) ;
#2407 = CARTESIAN_POINT ( 'NONE',  ( -1124.999999999999773, 132.0000000000000000, 550.0000000000006821 ) ) ;
#2408 = ORIENTED_EDGE ( 'NONE', *, *, #685, .T. ) ;
#2409 = FILL_AREA_STYLE ('',( #602 ) ) ;
#2410 = CARTESIAN_POINT ( 'NONE',  ( 500.0000000000000000, 0.000000000000000000, 462.5000000000006821 ) ) ;
#2411 = CARTESIAN_POINT ( 'NONE',  ( -1000.000000000000000, 132.0000000000000568, -150.0000000000003979 ) ) ;
#2412 = EDGE_LOOP ( 'NONE', ( #837, #1683, #1918, #893 ) ) ;
#2413 = CARTESIAN_POINT ( 'NONE',  ( 500.0000000000000000, 4.065758146820641628E-14, 479.6912489113324796 ) ) ;
#2414 = CARTESIAN_POINT ( 'NONE',  ( -1008.007308768254006, 116.8894930946181603, -675.6238626845288309 ) ) ;
#2415 = CARTESIAN_POINT ( 'NONE',  ( -1050.119688120194496, 132.0000000000002274, 667.9986720300489651 ) ) ;
#2416 = VERTEX_POINT ( 'NONE', #1523 ) ;
#2417 = DIRECTION ( 'NONE',  ( 1.000000000000000000, -0.000000000000000000, 0.000000000000000000 ) ) ;
#2418 = CARTESIAN_POINT ( 'NONE',  ( 411.6289877462168647, 131.9999999999999716, -550.8710199265071878 ) ) ;
#2419 = CARTESIAN_POINT ( 'NONE',  ( 90.52693409765605281, 131.9999999999998579, -640.5269340976575450 ) ) ;
#2420 = B_SPLINE_SURFACE_WITH_KNOTS ( 'NONE', 3, 1, ( 
 ( #1979, #1079 ),
 ( #1599, #1410 ),
 ( #1850, #828 ),
 ( #482, #2053 ) ),
 .UNSPECIFIED., .F., .F., .F.,
 ( 4, 4 ),
 ( 2, 2 ),
 ( 0.000000000000000000, 1.000000000000000000 ),
 ( 0.000000000000000000, 1.000000000000000000 ),
 .UNSPECIFIED. ) ;
#2421 = VERTEX_POINT ( 'NONE', #2457 ) ;
#2422 = CARTESIAN_POINT ( 'NONE',  ( -872.0440081555842653, 77.77669212577781366, -550.0000000000007958 ) ) ;
#2423 = CARTESIAN_POINT ( 'NONE',  ( -900.3158199248794062, 131.9999999999999432, -102.0578521051701131 ) ) ;
#2424 = B_SPLINE_CURVE_WITH_KNOTS ( 'NONE', 3,
 ( #1455, #1888, #1276, #133 ),
 .UNSPECIFIED., .F., .F.,
 ( 4, 4 ),
 ( 0.000000000000000000, 1.000000000000000000 ),
 .UNSPECIFIED. ) ;
#2425 = VERTEX_POINT ( 'NONE', #2339 ) ;
#2426 = SURFACE_SIDE_STYLE ('',( #91 ) ) ;
#2427 = CARTESIAN_POINT ( 'NONE',  ( -90.52693409765605281, 131.9999999999998579, 640.5269340976575450 ) ) ;
#2428 = DIRECTION ( 'NONE',  ( -0.000000000000000000, -0.000000000000000000, -1.000000000000000000 ) ) ;
#2429 = EDGE_CURVE ( 'NONE', #1920, #1923, #159, .T. ) ;
#2430 = CARTESIAN_POINT ( 'NONE',  ( 1.301042606982605321E-12, 80.99961139267641386, 670.8263778465170617 ) ) ;
#2431 = CARTESIAN_POINT ( 'NONE',  ( -1023.481144951397823, 86.99974092845100415, 669.8838092410276204 ) ) ;
#2432 = EDGE_CURVE ( 'NONE', #655, #1535, #730, .T. ) ;
#2433 = CARTESIAN_POINT ( 'NONE',  ( 624.9999999999996589, 132.0000000000000568, -479.7473440600973618 ) ) ;
#2434 = CARTESIAN_POINT ( 'NONE',  ( 88.37101225378312108, 131.9999999999999716, 638.3710199265071878 ) ) ;
#2435 = CARTESIAN_POINT ( 'NONE',  ( -68.76499564532856823, 0.000000000000000000, -550.0000000000006821 ) ) ;
#2436 = FILL_AREA_STYLE ('',( #1459 ) ) ;
#2437 = CARTESIAN_POINT ( 'NONE',  ( -931.2350043546714460, 0.000000000000000000, 550.0000000000006821 ) ) ;
#2438 = CARTESIAN_POINT ( 'NONE',  ( 431.2350043546714460, 0.000000000000000000, -462.5000000000006821 ) ) ;
#2439 = CARTESIAN_POINT ( 'NONE',  ( -1000.000000000000000, 114.8342396419271978, -675.9357940267932463 ) ) ;
#2440 = DIRECTION ( 'NONE',  ( 0.000000000000000000, 0.000000000000000000, 1.000000000000000000 ) ) ;
#2441 = CARTESIAN_POINT ( 'NONE',  ( -1000.000000000000000, 132.0000000000000853, 675.0000000000000000 ) ) ;
#2442 = DIRECTION ( 'NONE',  ( -0.000000000000000000, -0.000000000000000000, 1.000000000000000000 ) ) ;
#2443 = CARTESIAN_POINT ( 'NONE',  ( -933.4931984362265212, 3.666666666666690499, 567.2099472942542207 ) ) ;
#2444 = CARTESIAN_POINT ( 'NONE',  ( 1124.999999999999773, 132.0000000000000568, -835.6746605856177439 ) ) ;
#2445 =( GEOMETRIC_REPRESENTATION_CONTEXT ( 3 ) GLOBAL_UNCERTAINTY_ASSIGNED_CONTEXT ( ( #1665 ) ) GLOBAL_UNIT_ASSIGNED_CONTEXT ( ( #326, #1247, #1824 ) ) REPRESENTATION_CONTEXT ( 'NONE', 'WORKASPACE' ) );
#2446 = CARTESIAN_POINT ( 'NONE',  ( -1090.896919639776570, 39.10897761384791238, -25.00000000000082423 ) ) ;
#2447 = CARTESIAN_POINT ( 'NONE',  ( 871.2568238928287201, 63.33695856770862775, -550.0000000000006821 ) ) ;
#2448 = CARTESIAN_POINT ( 'NONE',  ( 875.0000000000003411, 132.0000000000000568, -550.0000000000005684 ) ) ;
#2449 = CARTESIAN_POINT ( 'NONE',  ( -875.0000000000003411, 132.0000000000000568, -567.2473440600974754 ) ) ;
#2450 = B_SPLINE_CURVE_WITH_KNOTS ( 'NONE', 3,
 ( #2287, #2052, #2202, #516 ),
 .UNSPECIFIED., .F., .F.,
 ( 4, 4 ),
 ( 0.000000000000000000, 1.000000000000000000 ),
 .UNSPECIFIED. ) ;
#2451 = CARTESIAN_POINT ( 'NONE',  ( 612.7961146037345088, 132.0000000000000568, 526.4805828120820479 ) ) ;
#2452 = EDGE_CURVE ( 'NONE', #2493, #847, #377, .T. ) ;
#2453 = CARTESIAN_POINT ( 'NONE',  ( -1000.000000000000000, 0.000000000000000000, -550.0000000000007958 ) ) ;
#2454 = CARTESIAN_POINT ( 'NONE',  ( 0.000000000000000000, 4.065758146820641628E-14, -567.1912489113325364 ) ) ;
#2455 = CARTESIAN_POINT ( 'NONE',  ( 1090.526934097656067, 131.9999999999998579, 640.5269340976575450 ) ) ;
#2456 = CARTESIAN_POINT ( 'NONE',  ( 499.9999999999986926, 80.99961139267641386, 583.3263778465170617 ) ) ;
#2457 = CARTESIAN_POINT ( 'NONE',  ( -88.37101225378312108, 131.9999999999999716, -638.3710199265071878 ) ) ;
#2458 = ADVANCED_FACE ( 'NONE', ( #2044 ), #1539, .F. ) ;
#2459 = CARTESIAN_POINT ( 'NONE',  ( -1000.000000000001592, 36.67766210682825090, 643.4643888151882720 ) ) ;
#2460 = DIRECTION ( 'NONE',  ( 1.000000000000000000, 0.000000000000000000, 0.000000000000000000 ) ) ;
#2461 = CARTESIAN_POINT ( 'NONE',  ( -1124.999999999999773, 132.0000000000000568, -42.24734406009750387 ) ) ;
#2462 = CARTESIAN_POINT ( 'NONE',  ( 515.2823829378844493, 124.2228264279514605, -587.8119313422645291 ) ) ;
#2463 =( NAMED_UNIT ( * ) SI_UNIT ( $, .STERADIAN. ) SOLID_ANGLE_UNIT ( ) );
#2464 = CARTESIAN_POINT ( 'NONE',  ( 1127.955991844415848, 77.77669212577781366, 550.0000000000006821 ) ) ;
#2465 = ORIENTED_EDGE ( 'NONE', *, *, #2037, .F. ) ;
#2466 = CARTESIAN_POINT ( 'NONE',  ( 982.7526559399032067, 132.0000000000000568, 675.0000000000002274 ) ) ;
#2467 = CARTESIAN_POINT ( 'NONE',  ( -1000.000000000000000, 114.8342396419271978, 675.9357940267931326 ) ) ;
#2468 = CARTESIAN_POINT ( 'NONE',  ( -1000.000000000000000, 0.000000000000000000, -499.9999999999992610 ) ) ;
#2469 = B_SPLINE_SURFACE_WITH_KNOTS ( 'NONE', 2, 1, ( 
 ( #1129, #734 ),
 ( #1308, #1299 ),
 ( #1903, #1636 ),
 ( #948, #1466 ),
 ( #1481, #350 ) ),
 .UNSPECIFIED., .F., .F., .F.,
 ( 3, 2, 3 ),
 ( 2, 2 ),
 ( 0.000000000000000000, 0.5000000000000000000, 1.000000000000000000 ),
 ( 0.000000000000000000, 1.000000000000000000 ),
 .UNSPECIFIED. ) ;
#2470 = B_SPLINE_CURVE_WITH_KNOTS ( 'NONE', 3,
 ( #1001, #757, #771, #639, #1212, #580, #2306 ),
 .UNSPECIFIED., .F., .F.,
 ( 4, 1, 1, 1, 4 ),
 ( 0.000000000000000000, 0.2500000000000000000, 0.5000000000000000000, 0.7500000000000000000, 1.000000000000000000 ),
 .UNSPECIFIED. ) ;
#2471 = CARTESIAN_POINT ( 'NONE',  ( 1000.000000000000000, 114.8342396419271978, -675.9357940267931326 ) ) ;
#2472 = B_SPLINE_CURVE_WITH_KNOTS ( 'NONE', 3,
 ( #1421, #856, #667, #124 ),
 .UNSPECIFIED., .F., .F.,
 ( 4, 4 ),
 ( 0.000000000000000000, 1.000000000000000000 ),
 .UNSPECIFIED. ) ;
#2473 = EDGE_CURVE ( 'NONE', #96, #1774, #2272, .T. ) ;
#2474 = CARTESIAN_POINT ( 'NONE',  ( -88.37101225378312108, 131.9999999999999716, 638.3710199265071878 ) ) ;
#2475 = ORIENTED_EDGE ( 'NONE', *, *, #2406, .T. ) ;
#2476 = VERTEX_POINT ( 'NONE', #957 ) ;
#2477 = CARTESIAN_POINT ( 'NONE',  ( 499.9999999999984652, 36.67766210682825090, -555.9643888151881583 ) ) ;
#2478 = CARTESIAN_POINT ( 'NONE',  ( -1124.999999999999773, 132.0000000000000568, -499.9999999999993747 ) ) ;
#2479 = CARTESIAN_POINT ( 'NONE',  ( -68.76499564532856823, 0.000000000000000000, 550.0000000000006821 ) ) ;
#2480 = EDGE_LOOP ( 'NONE', ( #147, #1845, #2408, #1086 ) ) ;
#2481 = CARTESIAN_POINT ( 'NONE',  ( -416.9437892146440845, 87.89436665279694694, -554.0060856701675220 ) ) ;
#2482 = CARTESIAN_POINT ( 'NONE',  ( 416.9437892146440845, 87.89436665279694694, -554.0060856701675220 ) ) ;
#2483 = CARTESIAN_POINT ( 'NONE',  ( -499.9999999999984652, 36.67766210682825090, -555.9643888151881583 ) ) ;
#2484 = EDGE_LOOP ( 'NONE', ( #2251, #1717, #1964, #1775 ) ) ;
#2485 = CARTESIAN_POINT ( 'NONE',  ( 1000.000000000000000, 4.065758146820641628E-14, 567.1912489113325364 ) ) ;
#2486 = CARTESIAN_POINT ( 'NONE',  ( 1124.999999999999773, 132.0000000000000568, 550.0000000000005684 ) ) ;
#2487 = CARTESIAN_POINT ( 'NONE',  ( -500.0000000000000000, 132.0000000000000853, 587.5000000000000000 ) ) ;
#2488 = VERTEX_POINT ( 'NONE', #211 ) ;
#2489 = ORIENTED_EDGE ( 'NONE', *, *, #789, .T. ) ;
#2490 = CARTESIAN_POINT ( 'NONE',  ( -875.0000000000003411, 132.0000000000000000, -550.0000000000007958 ) ) ;
#2491 = ADVANCED_FACE ( 'NONE', ( #2061 ), #2023, .F. ) ;
#2492 = CARTESIAN_POINT ( 'NONE',  ( -88.37101225378312108, 131.9999999999999716, -638.3710199265071878 ) ) ;
#2493 = VERTEX_POINT ( 'NONE', #252 ) ;
#2494 = ORIENTED_EDGE ( 'NONE', *, *, #1384, .F. ) ;
#2495 = CARTESIAN_POINT ( 'NONE',  ( -500.0000000000000000, 132.0000000000000853, 587.5000000000000000 ) ) ;
#2496 = CARTESIAN_POINT ( 'NONE',  ( -1000.000000000000000, 132.0000000000000568, -675.0000000000003411 ) ) ;
#2497 = CARTESIAN_POINT ( 'NONE',  ( 588.3710122537830784, 131.9999999999999716, -550.8710199265071878 ) ) ;
#2498 = ORIENTED_EDGE ( 'NONE', *, *, #1594, .F. ) ;
#2499 = PRESENTATION_LAYER_ASSIGNMENT (  '', '', ( #1866 ) ) ;
#2500 = ORIENTED_EDGE ( 'NONE', *, *, #476, .F. ) ;
#2501 = CARTESIAN_POINT ( 'NONE',  ( -382.0013279699501254, 132.0000000000002274, -512.6196881201949509 ) ) ;
ENDSEC;
END-ISO-10303-21;
