ISO-10303-21;
HEADER;
FILE_DESCRIPTION (( 'STEP AP214' ),
    '1' );
FILE_NAME ('EPC2218A.STEP',
    '2024-05-27T00:19:03',
    ( '' ),
    ( '' ),
    'SwSTEP 2.0',
    'SolidWorks 2021',
    '' );
FILE_SCHEMA (( 'AUTOMOTIVE_DESIGN' ));
ENDSEC;

DATA;
#1 = CARTESIAN_POINT ( 'NONE',  ( -1.124360570734643128, 0.1040270620709143057, 0.7272957309025823713 ) ) ;
#2 = ORIENTED_EDGE ( 'NONE', *, *, #1961, .T. ) ;
#3 = CARTESIAN_POINT ( 'NONE',  ( 0.3841607131931655816, 0.1200000000000001066, -0.8593688659948789388 ) ) ;
#4 = CARTESIAN_POINT ( 'NONE',  ( 1.566194938881852350, 0.02117201403232633547, 0.8225999711843833273 ) ) ;
#5 = CARTESIAN_POINT ( 'NONE',  ( -0.1059832623201209523, 0.05666991344398145808, 0.7400382042656228343 ) ) ;
#6 = CARTESIAN_POINT ( 'NONE',  ( -1.000100040032032345, -1.355252715606880543E-17, 0.6876000400320320116 ) ) ;
#7 =( LENGTH_UNIT ( ) NAMED_UNIT ( * ) SI_UNIT ( .MILLI., .METRE. ) );
#8 = CARTESIAN_POINT ( 'NONE',  ( -0.8850057784973820452, 0.1027437099221049366, -0.7709783298968311271 ) ) ;
#9 = EDGE_LOOP ( 'NONE', ( #1136, #2116, #1613 ) ) ;
#10 = VECTOR ( 'NONE', #2894, 1000.000000000000000 ) ;
#11 = B_SPLINE_CURVE_WITH_KNOTS ( 'NONE', 3,
 ( #761, #1924, #1829, #1505, #3367, #3684, #808, #829, #3728, #4387 ),
 .UNSPECIFIED., .F., .F.,
 ( 4, 2, 2, 2, 4 ),
 ( 0.000000000000000000, 0.2500000000000000000, 0.5000000000000000000, 0.7500000000000000000, 1.000000000000000000 ),
 .UNSPECIFIED. ) ;
#12 =( NAMED_UNIT ( * ) SI_UNIT ( $, .STERADIAN. ) SOLID_ANGLE_UNIT ( ) );
#13 = CARTESIAN_POINT ( 'NONE',  ( -0.5962088159003952059, 0.04345662036820579360, 0.8224829966536447712 ) ) ;
#14 = AXIS2_PLACEMENT_3D ( 'NONE', #2645, #4192, #124 ) ;
#15 = DIRECTION ( 'NONE',  ( 0.000000000000000000, 0.000000000000000000, 1.000000000000000000 ) ) ;
#16 = VECTOR ( 'NONE', #1624, 1000.000000000000000 ) ;
#17 = CLOSED_SHELL ( 'NONE', ( #3737, #3274, #1938, #4015, #514, #4158, #3526, #4569, #535, #2999 ) ) ;
#18 = CARTESIAN_POINT ( 'NONE',  ( 0.5001000400320320116, 1.355252715606880543E-17, 0.7751000400320319228 ) ) ;
#19 = CARTESIAN_POINT ( 'NONE',  ( -0.1205355139222833716, 0.08826611352744170857, -0.7260737960538642399 ) ) ;
#20 = STYLED_ITEM ( 'NONE', ( #4671 ), #4410 ) ;
#21 = CARTESIAN_POINT ( 'NONE',  ( 0.3885295856879741327, 0.06768328392753938938, -0.8106339966864266611 ) ) ;
#22 = CARTESIAN_POINT ( 'NONE',  ( 1.500100040032032123, 1.355252715606880543E-17, 0.7751000400320319228 ) ) ;
#23 = CARTESIAN_POINT ( 'NONE',  ( -1.750000000000000222, 0.6380000000000000115, 0.9749999999999999778 ) ) ;
#24 = CARTESIAN_POINT ( 'NONE',  ( -1.538573796053864795, 0.08826611352744172245, -0.8955355139222833660 ) ) ;
#25 = EDGE_LOOP ( 'NONE', ( #4649, #2842, #4119, #2821 ) ) ;
#26 = CARTESIAN_POINT ( 'NONE',  ( 0.4656045831057582518, 0.05920693847686211292, -0.8824558168452210083 ) ) ;
#27 = EDGE_CURVE ( 'NONE', #4467, #2262, #4041, .T. ) ;
#28 = CARTESIAN_POINT ( 'NONE',  ( -0.3750000000000000000, 0.1200000000000000927, 0.8149999999999993916 ) ) ;
#29 = CARTESIAN_POINT ( 'NONE',  ( 0.05987346530538634193, 0.08648253317408537144, -0.8075645588775878236 ) ) ;
#30 = CARTESIAN_POINT ( 'NONE',  ( -1.000100040032032345, -2.710505431213761085E-17, -0.6876000400320320116 ) ) ;
#31 = CARTESIAN_POINT ( 'NONE',  ( 0.5197383858499485809, 0.002734742325116063053, -0.8025300482400372637 ) ) ;
#32 = CARTESIAN_POINT ( 'NONE',  ( -0.03136324502396956038, 0.04717666425168058619, 0.7855073099083195176 ) ) ;
#33 = CARTESIAN_POINT ( 'NONE',  ( -1.500100040032032345, 0.000000000000000000, 0.2099999999999999090 ) ) ;
#34 = CARTESIAN_POINT ( 'NONE',  ( -1.480261614150051086, 0.002734742325115818024, 0.8025300482400360425 ) ) ;
#35 = CARTESIAN_POINT ( 'NONE',  ( 1.392544183154779125, 0.05920693847686203659, 0.8093954168942409932 ) ) ;
#36 = ORIENTED_EDGE ( 'NONE', *, *, #826, .F. ) ;
#37 = CARTESIAN_POINT ( 'NONE',  ( -1.499899959967968099, 0.000000000000000000, 0.2498999599679679051 ) ) ;
#38 = CARTESIAN_POINT ( 'NONE',  ( -1.461426203946135205, 0.08826611352744170857, 0.8955355139222831440 ) ) ;
#39 = CARTESIAN_POINT ( 'NONE',  ( -0.9602042690974178507, 0.1040270620709143057, -0.8118605707346431277 ) ) ;
#40 = DIRECTION ( 'NONE',  ( 1.000000000000000000, 0.000000000000000000, 0.000000000000000000 ) ) ;
#41 = CARTESIAN_POINT ( 'NONE',  ( -1.499899959967968099, 0.000000000000000000, -0.2498999599679679051 ) ) ;
#42 = CARTESIAN_POINT ( 'NONE',  ( 0.6250000000000001110, 0.1200000000000000927, 0.8149999999999993916 ) ) ;
#43 = CARTESIAN_POINT ( 'NONE',  ( -0.5000000000000001110, 0.000000000000000000, -0.7751000400320320338 ) ) ;
#44 = CARTESIAN_POINT ( 'NONE',  ( 1.611097302887933846, 0.08559074299740711267, 0.8558816190609105368 ) ) ;
#45 = CARTESIAN_POINT ( 'NONE',  ( 0.1249999999999998890, 0.1200000000000000927, 0.7274999999999993694 ) ) ;
#46 = B_SPLINE_CURVE_WITH_KNOTS ( 'NONE', 3,
 ( #4520, #3170, #1690, #4262 ),
 .UNSPECIFIED., .F., .F.,
 ( 4, 4 ),
 ( 0.000000000000000000, 1.000000000000000000 ),
 .UNSPECIFIED. ) ;
#47 = EDGE_CURVE ( 'NONE', #2596, #1374, #578, .T. ) ;
#48 = CARTESIAN_POINT ( 'NONE',  ( -1.375000000000000444, 0.1200000000000000927, 0.8149999999999999467 ) ) ;
#49 = EDGE_LOOP ( 'NONE', ( #2930, #2742, #1964 ) ) ;
#50 = CARTESIAN_POINT ( 'NONE',  ( 0.4363204981466101140, 0.04223057456743006810, -0.8631225028373826769 ) ) ;
#51 = CARTESIAN_POINT ( 'NONE',  ( 1.524092396539754146, 0.02381372425704562923, 0.8502039842404338632 ) ) ;
#52 = CARTESIAN_POINT ( 'NONE',  ( 1.749999999999999778, 0.6380000000000000115, 0.9749999999999999778 ) ) ;
#53 = CARTESIAN_POINT ( 'NONE',  ( 0.9338050611181463179, 0.02117201403232502055, -0.7350999711843843043 ) ) ;
#54 = ADVANCED_FACE ( 'NONE', ( #1659 ), #1290, .T. ) ;
#55 = CARTESIAN_POINT ( 'NONE',  ( 0.07066958843943192681, 0.05540140092754009676, -0.7849882270994172906 ) ) ;
#56 = CARTESIAN_POINT ( 'NONE',  ( -1.005206901743354253, -2.416844583758586929E-17, -0.7035861919935407771 ) ) ;
#57 = CARTESIAN_POINT ( 'NONE',  ( 0.5343954168942409710, 0.05920693847686203659, -0.8824558168452210083 ) ) ;
#58 = CARTESIAN_POINT ( 'NONE',  ( 0.000000000000000000, 0.000000000000000000, 0.6876000400320320116 ) ) ;
#59 = CARTESIAN_POINT ( 'NONE',  ( 1.477228342437264752, 0.01984042254898416707, 0.8460684407047874833 ) ) ;
#60 = CARTESIAN_POINT ( 'NONE',  ( -1.468012470996869601, 0.003191557600172720797, 0.7852866688648365567 ) ) ;
#61 = CARTESIAN_POINT ( 'NONE',  ( -1.098007309908840767, 0.04717666425232599353, -0.7188632450239802463 ) ) ;
#62 = CARTESIAN_POINT ( 'NONE',  ( -1.509916827216179147, -1.110046455730806077E-17, 0.7888164107658032220 ) ) ;
#63 = CARTESIAN_POINT ( 'NONE',  ( 1.401798823419482032, 0.04590871196975504498, 0.8064389725833360778 ) ) ;
#64 = EDGE_LOOP ( 'NONE', ( #4029, #2852, #1828 ) ) ;
#65 = LINE ( 'NONE', #4136, #3750 ) ;
#66 = CARTESIAN_POINT ( 'NONE',  ( 0.4998999599679678774, 0.000000000000000000, -0.8149999999999996136 ) ) ;
#67 = CARTESIAN_POINT ( 'NONE',  ( -1.484640488166899974, -8.286684622173352846E-19, -0.2424396552661473858 ) ) ;
#68 = FACE_OUTER_BOUND ( 'NONE', #1000, .T. ) ;
#69 = CARTESIAN_POINT ( 'NONE',  ( 0.4614262039461349829, 0.08826611352744176409, -0.8955355139222833660 ) ) ;
#70 = CARTESIAN_POINT ( 'NONE',  ( -1.550000000000000266, 0.5879999999999999671, -0.7750000000000000222 ) ) ;
#71 = CARTESIAN_POINT ( 'NONE',  ( 1.563679501853391773, 0.04223057456742995014, 0.8631225028373838981 ) ) ;
#72 = CARTESIAN_POINT ( 'NONE',  ( -0.5982011765805180792, 0.04590871196975504498, 0.8064389725833360778 ) ) ;
#73 = DIRECTION ( 'NONE',  ( 3.584139413175220764E-16, 0.000000000000000000, -1.000000000000000000 ) ) ;
#74 = ORIENTED_EDGE ( 'NONE', *, *, #748, .F. ) ;
#75 = CARTESIAN_POINT ( 'NONE',  ( 0.4271889257217856839, 0.02205258410723267420, -0.8107172485160175635 ) ) ;
#76 = CARTESIAN_POINT ( 'NONE',  ( -0.5283899379363962145, 0.03673881755895246765, 0.8636568478736870169 ) ) ;
#77 = PRODUCT_DEFINITION_CONTEXT ( 'detailed design', #3386, 'design' ) ;
#78 = CARTESIAN_POINT ( 'NONE',  ( 0.9709979949822653555, 0.01391275739033985895, -0.7467826195731542827 ) ) ;
#79 = CARTESIAN_POINT ( 'NONE',  ( -1.500000000000000222, 0.000000000000000000, 0.7751000400320319228 ) ) ;
#80 = CARTESIAN_POINT ( 'NONE',  ( -1.000100040032032345, -2.710505431213761085E-17, -0.6876000400320320116 ) ) ;
#81 = CARTESIAN_POINT ( 'NONE',  ( 0.5475999711843844153, 0.02117201403232650894, -0.8411949388818511508 ) ) ;
#82 = VERTEX_POINT ( 'NONE', #3116 ) ;
#83 = EDGE_CURVE ( 'NONE', #1590, #692, #1433, .T. ) ;
#84 = LINE ( 'NONE', #4443, #2993 ) ;
#85 = CARTESIAN_POINT ( 'NONE',  ( -1.376201620907782752, 0.08998351934425777299, 0.2103838642232512268 ) ) ;
#86 = VECTOR ( 'NONE', #216, 1000.000000000000000 ) ;
#87 = EDGE_LOOP ( 'NONE', ( #4221, #3147, #3500 ) ) ;
#88 = CARTESIAN_POINT ( 'NONE',  ( -1.539999999999999813, 0.1250000000000000000, -0.2498999599679679051 ) ) ;
#89 = CARTESIAN_POINT ( 'NONE',  ( -1.499899959967968099, 0.000000000000000000, 0.2498999599679679051 ) ) ;
#90 = CARTESIAN_POINT ( 'NONE',  ( -1.452400028815615141, 0.02117201403232536056, 0.8411949388818514839 ) ) ;
#91 = CARTESIAN_POINT ( 'NONE',  ( 1.070669588439431941, 0.05540140092754009676, -0.7849882270994172906 ) ) ;
#92 = CARTESIAN_POINT ( 'NONE',  ( -0.03198752900313082959, 0.003191557600172705185, -0.6977866688648366456 ) ) ;
#93 = CARTESIAN_POINT ( 'NONE',  ( -1.499899959967968099, 0.000000000000000000, -0.2498999599679679051 ) ) ;
#94 = CARTESIAN_POINT ( 'NONE',  ( -0.4750627874657010752, 0.02716957574896794805, 0.8529678049764181091 ) ) ;
#95 = CARTESIAN_POINT ( 'NONE',  ( 1.562315450730060951, 0.1200000000000001343, 0.9000000000000000222 ) ) ;
#96 = EDGE_LOOP ( 'NONE', ( #3648, #2728, #3032 ) ) ;
#97 = CARTESIAN_POINT ( 'NONE',  ( 0.3940167376798811016, 0.05666991344398070868, -0.8275382042656208581 ) ) ;
#98 = CARTESIAN_POINT ( 'NONE',  ( -0.02753004824003718598, 0.002734742325115335770, 0.7072383858499481368 ) ) ;
#99 = AXIS2_PLACEMENT_3D ( 'NONE', #1164, #3417, #810 ) ;
#100 = CARTESIAN_POINT ( 'NONE',  ( 0.9376845492699379392, 0.1200000000000001205, -0.8125000000000000000 ) ) ;
#101 = CARTESIAN_POINT ( 'NONE',  ( -1.531438972583335945, 0.04590871196975503804, -0.8732011765805183234 ) ) ;
#102 = CARTESIAN_POINT ( 'NONE',  ( 0.5385737960538642399, 0.08826611352744172245, 0.8955355139222832550 ) ) ;
#103 = B_SPLINE_CURVE_WITH_KNOTS ( 'NONE', 3,
 ( #227, #1682, #939, #1978, #1320, #3401, #131, #4113, #3778, #4591 ),
 .UNSPECIFIED., .F., .F.,
 ( 4, 2, 2, 2, 4 ),
 ( 0.000000000000000000, 0.2500000000000000000, 0.5000000000000000000, 0.7500000000000000000, 1.000000000000000000 ),
 .UNSPECIFIED. ) ;
#104 = CARTESIAN_POINT ( 'NONE',  ( -1.000100040032032345, -2.710505431213761085E-17, -0.6876000400320320116 ) ) ;
#105 = CARTESIAN_POINT ( 'NONE',  ( 0.5138164107658029778, -1.133959597996856881E-17, -0.7849168272161790583 ) ) ;
#106 = CARTESIAN_POINT ( 'NONE',  ( -1.000000000000000000, 0.000000000000000000, 0.6876000400320320116 ) ) ;
#107 = CYLINDRICAL_SURFACE ( 'NONE', #1910, 0.1250000000000000000 ) ;
#108 = CARTESIAN_POINT ( 'NONE',  ( 1.624360570734642906, 0.1040270620709142918, -0.8147957309025826156 ) ) ;
#109 = B_SPLINE_CURVE_WITH_KNOTS ( 'NONE', 3,
 ( #356, #3220, #3999, #333, #377, #1048 ),
 .UNSPECIFIED., .F., .F.,
 ( 4, 2, 4 ),
 ( 0.000000000000000000, 0.5000000000000000000, 1.000000000000000000 ),
 .UNSPECIFIED. ) ;
#110 = EDGE_LOOP ( 'NONE', ( #2603, #989, #1324 ) ) ;
#111 = CARTESIAN_POINT ( 'NONE',  ( -1.427188925721785795, 0.02205258410723149112, 0.8107172485160168973 ) ) ;
#112 = CARTESIAN_POINT ( 'NONE',  ( 1.096208815900396205, 0.04345662036820517604, -0.7349829966536457482 ) ) ;
#113 = EDGE_CURVE ( 'NONE', #2422, #3890, #118, .T. ) ;
#114 =( LENGTH_UNIT ( ) NAMED_UNIT ( * ) SI_UNIT ( .MILLI., .METRE. ) );
#115 = CARTESIAN_POINT ( 'NONE',  ( 0.6243605707346430167, 0.1040270620709143057, 0.8147957309025822825 ) ) ;
#116 = CARTESIAN_POINT ( 'NONE',  ( -1.427188925721785795, 0.02205258410723149112, -0.8107172485160168973 ) ) ;
#117 = CARTESIAN_POINT ( 'NONE',  ( -1.499899959967968321, -1.355252715606880543E-17, 0.7751000400320319228 ) ) ;
#118 = B_SPLINE_CURVE_WITH_KNOTS ( 'NONE', 3,
 ( #2749, #1634, #249, #3092, #1609, #4537, #1952, #2415, #1318, #3163 ),
 .UNSPECIFIED., .F., .F.,
 ( 4, 2, 2, 2, 4 ),
 ( 0.000000000000000000, 0.2500000000000000000, 0.5000000000000000000, 0.7500000000000000000, 1.000000000000000000 ),
 .UNSPECIFIED. ) ;
#119 = CARTESIAN_POINT ( 'NONE',  ( 0.4643660033135798559, 0.06768328392709037356, 0.8864704143117947410 ) ) ;
#120 = EDGE_LOOP ( 'NONE', ( #1982, #4632, #483 ) ) ;
#121 = CARTESIAN_POINT ( 'NONE',  ( -0.0001000400320322163139, -1.355252715606880543E-17, 0.6876000400320320116 ) ) ;
#122 = CARTESIAN_POINT ( 'NONE',  ( 1.524092396539753924, 0.02381372425704560147, -0.8502039842404334191 ) ) ;
#123 = FACE_OUTER_BOUND ( 'NONE', #2721, .T. ) ;
#124 = DIRECTION ( 'NONE',  ( 0.000000000000000000, 0.000000000000000000, 1.000000000000000000 ) ) ;
#125 = CARTESIAN_POINT ( 'NONE',  ( -1.750000000000000222, 0.6380000000000000115, 0.9749999999999999778 ) ) ;
#126 = CARTESIAN_POINT ( 'NONE',  ( -0.5881225028373816555, 0.04223057456742990157, -0.8386795018533912405 ) ) ;
#127 = VERTEX_POINT ( 'NONE', #3423 ) ;
#128 = CARTESIAN_POINT ( 'NONE',  ( -0.9998999599679679884, -1.355252715606880543E-17, -0.6876000400320320116 ) ) ;
#129 = ORIENTED_EDGE ( 'NONE', *, *, #83, .T. ) ;
#130 = CARTESIAN_POINT ( 'NONE',  ( -1.416338901551621010, 0.03193905676486842593, 0.2232058586970862013 ) ) ;
#131 = CARTESIAN_POINT ( 'NONE',  ( 0.4384535748734230687, 0.01509841972869555189, 0.7947294162630365033 ) ) ;
#132 = CARTESIAN_POINT ( 'NONE',  ( 1.419118380939091040, 0.08559074299740683511, 0.8860973028879348679 ) ) ;
#133 = ORIENTED_EDGE ( 'NONE', *, *, #4455, .T. ) ;
#134 = CARTESIAN_POINT ( 'NONE',  ( -1.499899959967968099, 0.000000000000000000, 0.2498999599679679051 ) ) ;
#135 = CARTESIAN_POINT ( 'NONE',  ( -1.500100040032032345, -1.355252715606880543E-17, 0.2498999599679679051 ) ) ;
#136 = CARTESIAN_POINT ( 'NONE',  ( -1.384160713193165915, 0.1200000000000001066, 0.8593688659948791608 ) ) ;
#137 = CARTESIAN_POINT ( 'NONE',  ( -0.1243991895461482311, 0.1049917596731103075, -0.7273080678883862005 ) ) ;
#138 = CARTESIAN_POINT ( 'NONE',  ( -0.02409239653975402129, 0.02381372425704562229, -0.7627039842404336190 ) ) ;
#139 = CARTESIAN_POINT ( 'NONE',  ( -0.9614262039461360931, 0.08826611352744170857, 0.8080355139222831218 ) ) ;
#140 = CARTESIAN_POINT ( 'NONE',  ( -1.375639429265356872, 0.1040270620709142918, -0.2102042690974171013 ) ) ;
#141 = EDGE_CURVE ( 'NONE', #2422, #1525, #3493, .T. ) ;
#142 = CARTESIAN_POINT ( 'NONE',  ( -1.750000000000000222, 0.6380000000000000115, -0.9749999999999999778 ) ) ;
#143 = DIRECTION ( 'NONE',  ( 1.000000000000000000, 0.000000000000000000, 0.000000000000000000 ) ) ;
#144 = CARTESIAN_POINT ( 'NONE',  ( 0.006823536315824309251, -1.429368098491631822E-18, 0.7086467883837757054 ) ) ;
#145 = ORIENTED_EDGE ( 'NONE', *, *, #1080, .F. ) ;
#146 = CARTESIAN_POINT ( 'NONE',  ( 1.438449170258320420, 0.1031714939717079810, -0.8993263205992826359 ) ) ;
#147 = CARTESIAN_POINT ( 'NONE',  ( -0.4947930982566461910, 1.648913563062052849E-17, 0.7910861919935406883 ) ) ;
#148 = CARTESIAN_POINT ( 'NONE',  ( 0.9037911840996042390, 0.04345662036820604340, -0.7349829966536454151 ) ) ;
#149 = CARTESIAN_POINT ( 'NONE',  ( -1.538573796053864795, 0.08826611352744172245, -0.8955355139222833660 ) ) ;
#150 = CARTESIAN_POINT ( 'NONE',  ( -0.5099168272161789250, 1.373694215623795056E-17, -0.7888164107658034441 ) ) ;
#151 = VERTEX_POINT ( 'NONE', #2801 ) ;
#152 = CARTESIAN_POINT ( 'NONE',  ( 0.04748299665364692779, 0.04345662036820577973, 0.7837088159003952059 ) ) ;
#153 = CARTESIAN_POINT ( 'NONE',  ( 1.077967804976180055, 0.02716957574877589682, -0.7124372125342010031 ) ) ;
#154 = CARTESIAN_POINT ( 'NONE',  ( -1.500000000000000000, 0.000000000000000000, -0.2498999599679679051 ) ) ;
#155 = CARTESIAN_POINT ( 'NONE',  ( 1.124360570734643128, 0.1040270620709143057, 0.7272957309025823713 ) ) ;
#156 = EDGE_LOOP ( 'NONE', ( #3421, #3520 ) ) ;
#157 = B_SPLINE_CURVE_WITH_KNOTS ( 'NONE', 3,
 ( #4126, #877, #1947, #4149, #3444, #854, #3773, #1629, #3086, #4532 ),
 .UNSPECIFIED., .F., .F.,
 ( 4, 2, 2, 2, 4 ),
 ( 0.000000000000000000, 0.2500000000000000000, 0.5000000000000000000, 0.7500000000000000000, 1.000000000000000000 ),
 .UNSPECIFIED. ) ;
#158 = CARTESIAN_POINT ( 'NONE',  ( -1.550000000000000266, 0.6380000000000000115, -0.8750000000000001110 ) ) ;
#159 = PLANE ( 'NONE',  #3612 ) ;
#160 = CLOSED_SHELL ( 'NONE', ( #931, #196, #2025, #585, #2700, #4515, #3121, #807, #54 ) ) ;
#161 = CARTESIAN_POINT ( 'NONE',  ( 1.035717248516016431, 0.02205258410723295870, -0.7603110742782146492 ) ) ;
#162 = CARTESIAN_POINT ( 'NONE',  ( -0.4118774971626178449, 0.04223057456742920768, -0.8386795018533921287 ) ) ;
#163 = CARTESIAN_POINT ( 'NONE',  ( -0.8794644860777168782, 0.08826611352744170857, 0.7260737960538642399 ) ) ;
#164 = CARTESIAN_POINT ( 'NONE',  ( -1.485017954260757778, 0.002887014083468536583, -0.8055493522472946255 ) ) ;
#165 = MECHANICAL_DESIGN_GEOMETRIC_PRESENTATION_REPRESENTATION (  '', ( #456 ), #2914 ) ;
#166 = CARTESIAN_POINT ( 'NONE',  ( 0.4017988234194819763, 0.04590871196975504498, 0.8064389725833360778 ) ) ;
#167 = CARTESIAN_POINT ( 'NONE',  ( -1.538573796053864795, 0.08826611352744168082, 0.1294644860777167950 ) ) ;
#168 = EDGE_CURVE ( 'NONE', #4345, #1764, #3266, .T. ) ;
#169 = VERTEX_POINT ( 'NONE', #2723 ) ;
#170 = CARTESIAN_POINT ( 'NONE',  ( 1.465604583105758252, 0.05920693847686211292, -0.8824558168452210083 ) ) ;
#171 = CARTESIAN_POINT ( 'NONE',  ( -0.4191183809390919279, 0.08559074299740714042, 0.8860973028879343127 ) ) ;
#172 = VECTOR ( 'NONE', #3053, 1000.000000000000000 ) ;
#173 = CARTESIAN_POINT ( 'NONE',  ( -1.519729416263036814, 0.01509841972869555710, -0.8365464251265770645 ) ) ;
#174 = EDGE_CURVE ( 'NONE', #3280, #4258, #202, .T. ) ;
#175 = CARTESIAN_POINT ( 'NONE',  ( -0.8750000000000001110, 0.1200000000000000927, -0.7274999999999992584 ) ) ;
#176 = VERTEX_POINT ( 'NONE', #881 ) ;
#177 = CARTESIAN_POINT ( 'NONE',  ( 0.01973838584994882725, 0.002734742325116197494, 0.7150300482400362423 ) ) ;
#178 = DIRECTION ( 'NONE',  ( -0.000000000000000000, 0.000000000000000000, 1.000000000000000000 ) ) ;
#179 = CARTESIAN_POINT ( 'NONE',  ( 1.607455816845220875, 0.05920693847686206435, -0.8093954168942409932 ) ) ;
#180 = CARTESIAN_POINT ( 'NONE',  ( -1.535633996686410097, 0.06768328392636439872, -0.1385295856885787602 ) ) ;
#181 = B_SPLINE_CURVE_WITH_KNOTS ( 'NONE', 3,
 ( #4675, #4627, #1030, #2816, #4272, #3203 ),
 .UNSPECIFIED., .F., .F.,
 ( 4, 2, 4 ),
 ( 0.000000000000000000, 0.5000000000000000000, 1.000000000000000000 ),
 .UNSPECIFIED. ) ;
#182 = CARTESIAN_POINT ( 'NONE',  ( 1.080881619060909182, 0.08559074299740658531, 0.7985973028879326252 ) ) ;
#183 = ORIENTED_EDGE ( 'NONE', *, *, #2607, .T. ) ;
#184 = LINE ( 'NONE', #1614, #2598 ) ;
#185 = CARTESIAN_POINT ( 'NONE',  ( 1.539999999999999369, 0.1200000000000000927, 0.9000000000000000222 ) ) ;
#186 = CARTESIAN_POINT ( 'NONE',  ( -0.6158392868068344184, 0.1200000000000001066, 0.8593688659948787167 ) ) ;
#187 = CARTESIAN_POINT ( 'NONE',  ( -0.4685610274166642220, 0.04590871196975499641, -0.8732011765805181014 ) ) ;
#188 = CARTESIAN_POINT ( 'NONE',  ( 0.5399999999999993694, 0.1200000000000000927, 0.9000000000000000222 ) ) ;
#189 = CARTESIAN_POINT ( 'NONE',  ( -1.499899959967968321, -1.355252715606880543E-17, -0.7751000400320319228 ) ) ;
#190 = CARTESIAN_POINT ( 'NONE',  ( -1.493175091957315237, 1.129377263005743158E-18, 0.7961510823387085711 ) ) ;
#191 = CARTESIAN_POINT ( 'NONE',  ( 1.125000000000000000, 0.1200000000000000927, 0.7274999999999993694 ) ) ;
#192 = CARTESIAN_POINT ( 'NONE',  ( 0.4678383792606533031, 0.05045777768999814422, 0.8755255562494776989 ) ) ;
#193 = VERTEX_POINT ( 'NONE', #2334 ) ;
#194 = CARTESIAN_POINT ( 'NONE',  ( -1.379464486077717211, 0.08826611352744169470, 0.8135737960538648172 ) ) ;
#195 = CARTESIAN_POINT ( 'NONE',  ( -0.4525170033463533081, 0.04345662036820521074, 0.8712088159003968935 ) ) ;
#196 = ADVANCED_FACE ( 'NONE', ( #3797 ), #226, .F. ) ;
#197 = CARTESIAN_POINT ( 'NONE',  ( -1.539795730902582704, 0.1040270620709143334, -0.8993605707346430389 ) ) ;
#198 = CARTESIAN_POINT ( 'NONE',  ( -0.5160861919935408881, 4.221893711409146591E-18, -0.7802069017433539422 ) ) ;
#199 = DIRECTION ( 'NONE',  ( 1.000000000000000000, 0.000000000000000000, 0.000000000000000000 ) ) ;
#200 = ORIENTED_EDGE ( 'NONE', *, *, #1635, .F. ) ;
#201 = CARTESIAN_POINT ( 'NONE',  ( 0.1243263205992825998, 0.1031714939717091467, 0.7490508297416779149 ) ) ;
#202 = LINE ( 'NONE', #606, #918 ) ;
#203 = ADVANCED_FACE ( 'NONE', ( #909 ), #2003, .T. ) ;
#204 = CARTESIAN_POINT ( 'NONE',  ( -0.5926165671037303406, 0.04083945520484696251, -0.8046510485643927346 ) ) ;
#205 = PLANE ( 'NONE',  #620 ) ;
#206 = VERTEX_POINT ( 'NONE', #3825 ) ;
#207 =( LENGTH_UNIT ( ) NAMED_UNIT ( * ) SI_UNIT ( .MILLI., .METRE. ) );
#208 = EDGE_CURVE ( 'NONE', #936, #746, #556, .T. ) ;
#209 = CARTESIAN_POINT ( 'NONE',  ( -0.5834783298968285736, 0.1027437099221066991, 0.8899942215026188652 ) ) ;
#210 = CARTESIAN_POINT ( 'NONE',  ( -0.4947930982566463021, -1.257365766455156492E-17, -0.7910861919935409103 ) ) ;
#211 = DIRECTION ( 'NONE',  ( 1.000000000000000000, 0.000000000000000000, 0.000000000000000000 ) ) ;
#212 = CARTESIAN_POINT ( 'NONE',  ( -1.472469951759963314, 0.002734742325115195691, -0.7947383858499477149 ) ) ;
#213 = CARTESIAN_POINT ( 'NONE',  ( -1.460000000000000187, 0.1200000000000000927, 0.9000000000000000222 ) ) ;
#214 = CARTESIAN_POINT ( 'NONE',  ( 0.4293304115605673377, 0.05540140092753999962, 0.8724882270994179789 ) ) ;
#215 = CARTESIAN_POINT ( 'NONE',  ( 0.6074558168452208751, 0.05920693847686205047, 0.8093954168942411043 ) ) ;
#216 = DIRECTION ( 'NONE',  ( 1.000000000000000000, 0.000000000000000000, -0.000000000000000000 ) ) ;
#217 = VERTEX_POINT ( 'NONE', #938 ) ;
#218 = CARTESIAN_POINT ( 'NONE',  ( -1.401798823419482032, 0.04590871196975501028, 0.8064389725833364109 ) ) ;
#219 = CARTESIAN_POINT ( 'NONE',  ( -0.4759076034602460759, 0.02381372425704562923, 0.8502039842404338632 ) ) ;
#221 = B_SPLINE_CURVE_WITH_KNOTS ( 'NONE', 3,
 ( #4081, #197, #149, #1557, #101, #3820, #173, #448, #4555, #3014 ),
 .UNSPECIFIED., .F., .F.,
 ( 4, 2, 2, 2, 4 ),
 ( 0.000000000000000000, 0.2500000000000000000, 0.5000000000000000000, 0.7500000000000000000, 1.000000000000000000 ),
 .UNSPECIFIED. ) ;
#220 = FACE_OUTER_BOUND ( 'NONE', #110, .T. ) ;
#222 = CARTESIAN_POINT ( 'NONE',  ( 0.1249999999999998890, 0.1200000000000000927, 0.7498154507300618388 ) ) ;
#223 = CARTESIAN_POINT ( 'NONE',  ( 0.8749999999999998890, 0.1200000000000000927, -0.7274999999999992584 ) ) ;
#224 = CARTESIAN_POINT ( 'NONE',  ( -0.5525382042656252768, 0.05666991344398107644, -0.8809832623201208079 ) ) ;
#225 = CARTESIAN_POINT ( 'NONE',  ( -1.500000000000000222, 0.000000000000000000, -0.7751000400320319228 ) ) ;
#226 = PLANE ( 'NONE',  #3602 ) ;
#227 = CARTESIAN_POINT ( 'NONE',  ( 0.3750000000000000000, 0.1200000000000000927, 0.8149999999999993916 ) ) ;
#228 = CARTESIAN_POINT ( 'NONE',  ( -1.513549776052353302, -1.355252715606882391E-17, -0.2077978753576939785 ) ) ;
#229 = CARTESIAN_POINT ( 'NONE',  ( 1.088122502837383321, 0.04223057456743015831, 0.7511795018533917734 ) ) ;
#230 = EDGE_CURVE ( 'NONE', #3814, #1247, #3426, .T. ) ;
#231 = ORIENTED_EDGE ( 'NONE', *, *, #3871, .F. ) ;
#232 = CARTESIAN_POINT ( 'NONE',  ( 0.4600000000000005751, 0.1200000000000000927, 0.9000000000000000222 ) ) ;
#233 = CARTESIAN_POINT ( 'NONE',  ( -1.535717248516016653, 0.02205258410723274359, 0.1771889257217854063 ) ) ;
#234 = CARTESIAN_POINT ( 'NONE',  ( -0.6205355139222831218, 0.08826611352744162531, 0.8135737960538640401 ) ) ;
#235 = CARTESIAN_POINT ( 'NONE',  ( -0.4407173804268463835, 0.01391275739034034641, -0.8040020050177348887 ) ) ;
#236 = ADVANCED_FACE ( 'NONE', ( #3944 ), #4304, .T. ) ;
#237 = CARTESIAN_POINT ( 'NONE',  ( -0.9401265346946138246, 0.08648253317408451102, 0.8075645588775862693 ) ) ;
#238 = CARTESIAN_POINT ( 'NONE',  ( 0.6110304907699348753, 0.05823471834417537352, -0.8105379607184535207 ) ) ;
#239 = CARTESIAN_POINT ( 'NONE',  ( 0.4839138080064591674, 2.597195021034514269E-18, 0.7802069017433539422 ) ) ;
#240 = CARTESIAN_POINT ( 'NONE',  ( 0.6250000000000000000, 0.1200000000000000927, 0.8373154507300618610 ) ) ;
#241 = ORIENTED_EDGE ( 'NONE', *, *, #4444, .F. ) ;
#242 = CARTESIAN_POINT ( 'NONE',  ( 1.475907603460245632, 0.02381372425704564311, -0.8502039842404336412 ) ) ;
#243 = CARTESIAN_POINT ( 'NONE',  ( -0.3889026971120662091, 0.08559074299740711267, 0.8558816190609105368 ) ) ;
#244 = CARTESIAN_POINT ( 'NONE',  ( 0.5241145641469899807, 0.02520750528275354091, 0.8504503710106005032 ) ) ;
#245 = MECHANICAL_DESIGN_GEOMETRIC_PRESENTATION_REPRESENTATION (  '', ( #4354 ), #3451 ) ;
#246 = CARTESIAN_POINT ( 'NONE',  ( 1.424796015759566492, 0.02381372425704564311, 0.7990923965397539463 ) ) ;
#247 = ORIENTED_EDGE ( 'NONE', *, *, #2581, .F. ) ;
#248 = CARTESIAN_POINT ( 'NONE',  ( 0.07066958843943149660, 0.05540140092754015921, 0.7849882270994202882 ) ) ;
#249 = CARTESIAN_POINT ( 'NONE',  ( 1.010286668864836868, 0.003191557600172719930, -0.7194875290031306214 ) ) ;
#250 = CARTESIAN_POINT ( 'NONE',  ( -1.000100040032032345, 0.1250000000000000000, 0.7274999999999993694 ) ) ;
#251 = AXIS2_PLACEMENT_3D ( 'NONE', #1139, #2642, #3339 ) ;
#252 = CARTESIAN_POINT ( 'NONE',  ( 1.500100040032031901, -1.355252715606880543E-17, -0.7751000400320321448 ) ) ;
#253 = CARTESIAN_POINT ( 'NONE',  ( -1.034395416894240860, 0.05920693847686203659, 0.7949558168452207640 ) ) ;
#254 = CARTESIAN_POINT ( 'NONE',  ( 1.475907603460246076, 0.02381372425704559800, 0.8502039842404339742 ) ) ;
#255 = CARTESIAN_POINT ( 'NONE',  ( 1.111097302887934068, 0.08559074299740726532, 0.7683816190609072949 ) ) ;
#256 = ORIENTED_EDGE ( 'NONE', *, *, #4714, .F. ) ;
#257 = CARTESIAN_POINT ( 'NONE',  ( -0.5197294162630369252, 0.01509841972869556230, -0.8365464251265769535 ) ) ;
#258 = CARTESIAN_POINT ( 'NONE',  ( -1.625000000000000222, 0.1200000000000000927, 0.8373154507300615279 ) ) ;
#259 = CARTESIAN_POINT ( 'NONE',  ( 0.9686367549760304119, 0.04717666425168058619, 0.7855073099083195176 ) ) ;
#260 = CARTESIAN_POINT ( 'NONE',  ( -0.4524000288156156957, 0.02117201403232650894, -0.8411949388818511508 ) ) ;
#261 = CARTESIAN_POINT ( 'NONE',  ( -0.4376845492699387719, 0.1200000000000000927, -0.9000000000000001332 ) ) ;
#262 = CARTESIAN_POINT ( 'NONE',  ( 0.9600000000000005196, 0.1200000000000000927, 0.8125000000000000000 ) ) ;
#263 = ADVANCED_FACE ( 'NONE', ( #3549 ), #983, .T. ) ;
#264 = CARTESIAN_POINT ( 'NONE',  ( 1.611030490769934431, 0.05823471834417533882, -0.8105379607184535207 ) ) ;
#265 = CYLINDRICAL_SURFACE ( 'NONE', #2137, 0.1000000000000001582 ) ;
#266 = ORIENTED_EDGE ( 'NONE', *, *, #4190, .F. ) ;
#267 = CARTESIAN_POINT ( 'NONE',  ( -1.615839286806833863, 0.1200000000000000927, 0.1656311340051209169 ) ) ;
#268 = CARTESIAN_POINT ( 'NONE',  ( 0.9642827514839825698, 0.02205258410723293788, 0.7603110742782145381 ) ) ;
#269 = CARTESIAN_POINT ( 'NONE',  ( -1.500000000000000000, 0.000000000000000000, 0.2498999599679679051 ) ) ;
#270 = FILL_AREA_STYLE ('',( #1770 ) ) ;
#271 = EDGE_LOOP ( 'NONE', ( #2553, #4369, #4309 ) ) ;
#272 = CARTESIAN_POINT ( 'NONE',  ( 1.561546425126576931, 0.01509841972869553975, 0.7947294162630367254 ) ) ;
#273 = CARTESIAN_POINT ( 'NONE',  ( -0.03999999999999967470, 0.1200000000000000927, 0.8125000000000000000 ) ) ;
#274 = CARTESIAN_POINT ( 'NONE',  ( 1.024937212534112962, 0.02716957574860357286, 0.7654678049759654490 ) ) ;
#275 = DIRECTION ( 'NONE',  ( -1.000000000000000000, 0.000000000000000000, 0.000000000000000000 ) ) ;
#276 = CARTESIAN_POINT ( 'NONE',  ( -1.125000000000000222, 0.1200000000000001205, 0.7274999999999993694 ) ) ;
#277 = FILL_AREA_STYLE ('',( #4349 ) ) ;
#278 = CARTESIAN_POINT ( 'NONE',  ( -0.9338050611181489824, 0.02117201403232600587, -0.7350999711843845263 ) ) ;
#279 = ORIENTED_EDGE ( 'NONE', *, *, #3871, .T. ) ;
#280 = CARTESIAN_POINT ( 'NONE',  ( -1.475907603460245854, 0.02381372425704560147, -0.8502039842404339742 ) ) ;
#281 = B_SPLINE_CURVE_WITH_KNOTS ( 'NONE', 3,
 ( #2021, #3867, #1388, #1704, #293, #580, #2850, #1341, #1033, #955 ),
 .UNSPECIFIED., .F., .F.,
 ( 4, 2, 2, 2, 4 ),
 ( 0.000000000000000000, 0.2500000000000000000, 0.5000000000000000000, 0.7500000000000000000, 1.000000000000000000 ),
 .UNSPECIFIED. ) ;
#282 = CARTESIAN_POINT ( 'NONE',  ( -0.5001000400320320116, 0.000000000000000000, 0.7751000400320319228 ) ) ;
#283 = CARTESIAN_POINT ( 'NONE',  ( -0.4156311340051213055, 0.1200000000000001066, -0.8908392868068344406 ) ) ;
#284 = CARTESIAN_POINT ( 'NONE',  ( -1.478549546971658302, 0.01937380897840207394, 0.8422785404154518041 ) ) ;
#285 = CARTESIAN_POINT ( 'NONE',  ( -1.124399189546148481, 0.1049917596731102937, -0.7273080678883863115 ) ) ;
#286 = CARTESIAN_POINT ( 'NONE',  ( -1.039999999999999369, 0.1250000000000000000, -0.6876000400320320116 ) ) ;
#287 = ORIENTED_EDGE ( 'NONE', *, *, #2373, .T. ) ;
#288 = CARTESIAN_POINT ( 'NONE',  ( -1.596208815900397759, 0.04345662036820393398, 0.2025170033463550845 ) ) ;
#289 = CARTESIAN_POINT ( 'NONE',  ( 1.531987529003130621, 0.003191557600172740747, 0.7852866688648366678 ) ) ;
#290 = ADVANCED_FACE ( 'NONE', ( #1036 ), #2854, .T. ) ;
#291 = CARTESIAN_POINT ( 'NONE',  ( 0.9709979949822644674, 0.01391275739033961262, 0.7467826195731537275 ) ) ;
#292 = CARTESIAN_POINT ( 'NONE',  ( 0.1249999999999998890, 0.1200000000000000927, -0.7274999999999992584 ) ) ;
#293 = CARTESIAN_POINT ( 'NONE',  ( -1.424796015759566270, 0.02381372425704560147, -0.2259076034602456595 ) ) ;
#294 = B_SPLINE_CURVE_WITH_KNOTS ( 'NONE', 3,
 ( #1742, #285, #2518, #310, #2455, #3979, #61, #665, #1049, #1147, #4268, #2974 ),
 .UNSPECIFIED., .F., .F.,
 ( 4, 2, 2, 2, 2, 4 ),
 ( 0.000000000000000000, 0.2499999999999950040, 0.3749999999999926170, 0.4374999999999915623, 0.4999999999999905631, 1.000000000000000000 ),
 .UNSPECIFIED. ) ;
#295 = CARTESIAN_POINT ( 'NONE',  ( 0.8749999999999998890, 0.1200000000000001205, 0.7498154507300613947 ) ) ;
#296 = ORIENTED_EDGE ( 'NONE', *, *, #1484, .T. ) ;
#297 = CARTESIAN_POINT ( 'NONE',  ( 0.3756394292653568723, 0.1040270620709143334, -0.8147957309025826156 ) ) ;
#298 = ADVANCED_FACE ( 'NONE', ( #2532 ), #2544, .T. ) ;
#299 = CARTESIAN_POINT ( 'NONE',  ( -0.08347832989682893445, 0.1027437099221054917, 0.8024942215026192871 ) ) ;
#300 = CARTESIAN_POINT ( 'NONE',  ( -0.8750000000000001110, 0.1200000000000000927, 0.7498154507300618388 ) ) ;
#301 = CARTESIAN_POINT ( 'NONE',  ( -1.088122502837383099, 0.04223057456743078281, 0.7511795018533903301 ) ) ;
#302 = CARTESIAN_POINT ( 'NONE',  ( -1.035717248516019096, 0.02205258410723263951, -0.7603110742782137610 ) ) ;
#303 = CARTESIAN_POINT ( 'NONE',  ( -0.9524000288156171390, 0.02117201403232630771, -0.7536949388818527940 ) ) ;
#304 = EDGE_LOOP ( 'NONE', ( #2007, #1780, #4528 ) ) ;
#305 = B_SPLINE_SURFACE_WITH_KNOTS ( 'NONE', 3, 3, ( 
 ( #2485, #3844, #3159, #4248, #2435, #3888 ),
 ( #364, #4699, #2162, #1056, #3278, #2199 ),
 ( #24, #1437, #2873, #2178, #2505, #2962 ),
 ( #3255, #4385, #719, #4721, #2138, #1788 ),
 ( #3618, #757, #1113, #4344, #1809, #2594 ),
 ( #2552, #1415, #783, #4405, #4006, #1483 ),
 ( #4322, #3963, #3314, #404, #2226, #2943 ),
 ( #2900, #1075, #2527, #424, #341, #738 ),
 ( #3681, #4052, #3657, #3987, #696, #3703 ),
 ( #1873, #384, #2571, #3639, #1459, #4027 ) ),
 .UNSPECIFIED., .F., .F., .F.,
 ( 4, 2, 2, 2, 4 ),
 ( 4, 2, 4 ),
 ( 0.000000000000000000, 0.2500000000000000000, 0.5000000000000000000, 0.7500000000000000000, 1.000000000000000000 ),
 ( 0.000000000000000000, 0.5000000000000000000, 1.000000000000000000 ),
 .UNSPECIFIED. ) ;
#306 = SURFACE_SIDE_STYLE ('',( #1471 ) ) ;
#307 = CARTESIAN_POINT ( 'NONE',  ( 1.375600810453856404, 0.1049917596730073899, -0.8148080678883856676 ) ) ;
#308 = CARTESIAN_POINT ( 'NONE',  ( -0.9947930982566461910, -1.061591868151703921E-17, 0.7035861919935408881 ) ) ;
#309 = CARTESIAN_POINT ( 'NONE',  ( -1.438449170258319976, 0.1031714939717068152, 0.1256736794007175251 ) ) ;
#310 = CARTESIAN_POINT ( 'NONE',  ( -1.111470414312096588, 0.06768328392767711255, -0.7231339966864285262 ) ) ;
#311 = DIRECTION ( 'NONE',  ( 0.000000000000000000, 0.000000000000000000, -1.000000000000000000 ) ) ;
#312 = ORIENTED_EDGE ( 'NONE', *, *, #1907, .T. ) ;
#313 = CARTESIAN_POINT ( 'NONE',  ( -1.605983262320120231, 0.05666991344398103481, 0.1974617957343766939 ) ) ;
#314 = CARTESIAN_POINT ( 'NONE',  ( 0.9271889257217852398, 0.02205258410723147378, 0.7232172485160182074 ) ) ;
#315 = CARTESIAN_POINT ( 'NONE',  ( -1.559873465305386064, 0.08648253317408620411, -0.1299354411224124539 ) ) ;
#316 = DIRECTION ( 'NONE',  ( 1.000000000000000000, 0.000000000000000000, -0.000000000000000000 ) ) ;
#317 = CLOSED_SHELL ( 'NONE', ( #2733, #1338, #236, #2020, #4448, #1400, #1698, #1173, #4598, #1188 ) ) ;
#318 = CARTESIAN_POINT ( 'NONE',  ( -1.624360570734643128, 0.1040270620709143334, 0.8147957309025830597 ) ) ;
#319 = EDGE_LOOP ( 'NONE', ( #1310, #2259, #2472 ) ) ;
#320 = CARTESIAN_POINT ( 'NONE',  ( 1.624360570734643128, 0.1040270620709143057, 0.8147957309025822825 ) ) ;
#321 = CARTESIAN_POINT ( 'NONE',  ( -0.03143897258333608336, 0.04590871196975498947, 0.7857011765805179682 ) ) ;
#322 = EDGE_CURVE ( 'NONE', #936, #2262, #11, .T. ) ;
#323 = CARTESIAN_POINT ( 'NONE',  ( -1.030549352247295047, 0.002887014083467463223, 0.7024820457392417783 ) ) ;
#324 = CARTESIAN_POINT ( 'NONE',  ( -1.031438972583335945, 0.04590871196975502416, -0.7857011765805180792 ) ) ;
#325 = STYLED_ITEM ( 'NONE', ( #2632 ), #2575 ) ;
#326 = CARTESIAN_POINT ( 'NONE',  ( -0.9724699517599637577, 0.002734742325116328466, -0.7072383858499486919 ) ) ;
#327 = CIRCLE ( 'NONE', #1307, 0.1000000000000001582 ) ;
#328 = CARTESIAN_POINT ( 'NONE',  ( -1.519729416263036814, 0.01509841972869555710, 0.8365464251265770645 ) ) ;
#329 = CARTESIAN_POINT ( 'NONE',  ( -0.5319875290031306214, 0.003191557600172734242, 0.7852866688648364457 ) ) ;
#330 = CARTESIAN_POINT ( 'NONE',  ( 0.4600000000000005751, 0.1200000000000000927, 0.9000000000000000222 ) ) ;
#331 =( GEOMETRIC_REPRESENTATION_CONTEXT ( 3 ) GLOBAL_UNCERTAINTY_ASSIGNED_CONTEXT ( ( #2301 ) ) GLOBAL_UNIT_ASSIGNED_CONTEXT ( ( #2866, #689, #3609 ) ) REPRESENTATION_CONTEXT ( 'NONE', 'WORKASPACE' ) );
#332 = CARTESIAN_POINT ( 'NONE',  ( -0.9998999599679679884, -1.355252715606880543E-17, 0.6876000400320320116 ) ) ;
#333 = CARTESIAN_POINT ( 'NONE',  ( -0.5843688659948794717, 0.1200000000000001066, -0.8908392868068341075 ) ) ;
#334 = DIRECTION ( 'NONE',  ( -1.000000000000000000, 0.000000000000000000, 0.000000000000000000 ) ) ;
#335 = B_SPLINE_CURVE_WITH_KNOTS ( 'NONE', 3,
 ( #1791, #2822, #2853, #2438, #630, #4346, #4702, #1812, #4325, #3259 ),
 .UNSPECIFIED., .F., .F.,
 ( 4, 2, 2, 2, 4 ),
 ( 0.000000000000000000, 0.2500000000000000000, 0.5000000000000000000, 0.7500000000000000000, 1.000000000000000000 ),
 .UNSPECIFIED. ) ;
#336 = LINE ( 'NONE', #4338, #3528 ) ;
#337 = ORIENTED_EDGE ( 'NONE', *, *, #3269, .T. ) ;
#338 = FACE_OUTER_BOUND ( 'NONE', #3823, .T. ) ;
#339 = CARTESIAN_POINT ( 'NONE',  ( 0.9998999599679677663, -1.355252715606880543E-17, 0.6876000400320320116 ) ) ;
#340 = CARTESIAN_POINT ( 'NONE',  ( -1.530549352247294381, 0.002887014083467213423, -0.2350179542607569172 ) ) ;
#341 = CARTESIAN_POINT ( 'NONE',  ( -1.530549352247296602, 0.002887014083467464957, -0.7899820457392418005 ) ) ;
#342 = VERTEX_POINT ( 'NONE', #52 ) ;
#343 = CARTESIAN_POINT ( 'NONE',  ( 0.0001000400320319994735, -1.355252715606880543E-17, 0.6876000400320320116 ) ) ;
#344 = CARTESIAN_POINT ( 'NONE',  ( -0.1158392868068340992, 0.1200000000000001066, 0.7718688659948790276 ) ) ;
#345 = EDGE_CURVE ( 'NONE', #4701, #3492, #3819, .T. ) ;
#346 = CARTESIAN_POINT ( 'NONE',  ( -1.031438972583336167, 0.04590871196975498947, 0.7857011765805179682 ) ) ;
#347 = CARTESIAN_POINT ( 'NONE',  ( -1.500000000000000000, 0.000000000000000000, -0.2498999599679679051 ) ) ;
#348 = CARTESIAN_POINT ( 'NONE',  ( -0.9463024479049310100, 0.01331992622116168201, -0.7260252082731130097 ) ) ;
#349 = ORIENTED_EDGE ( 'NONE', *, *, #4576, .T. ) ;
#350 = ADVANCED_FACE ( 'NONE', ( #742 ), #3338, .T. ) ;
#351 = SURFACE_STYLE_USAGE ( .BOTH. , #2150 ) ;
#352 = CARTESIAN_POINT ( 'NONE',  ( -0.5615464251265769313, 0.01509841972869555189, 0.7947294162630365033 ) ) ;
#353 = CARTESIAN_POINT ( 'NONE',  ( 1.388529585687973578, 0.06768328392753936162, -0.8106339966864263280 ) ) ;
#354 = ADVANCED_FACE ( 'NONE', ( #2228 ), #4557, .T. ) ;
#355 = DIRECTION ( 'NONE',  ( 0.000000000000000000, -1.000000000000000000, 0.000000000000000000 ) ) ;
#356 = CARTESIAN_POINT ( 'NONE',  ( -0.6250000000000001110, 0.1200000000000000927, -0.8149999999999995026 ) ) ;
#357 = CARTESIAN_POINT ( 'NONE',  ( 0.5475999711843835271, 0.02117201403232605791, 0.8411949388818515949 ) ) ;
#358 = CARTESIAN_POINT ( 'NONE',  ( -1.550000000000000266, 0.5879999999999999671, -0.7750000000000000222 ) ) ;
#359 = CARTESIAN_POINT ( 'NONE',  ( -1.062315450730062061, 0.1200000000000001066, 0.8125000000000000000 ) ) ;
#360 = CARTESIAN_POINT ( 'NONE',  ( -1.550000000000000266, 0.6380000000000000115, -0.7750000000000000222 ) ) ;
#361 = CARTESIAN_POINT ( 'NONE',  ( -1.419118380939091484, 0.08559074299740795921, -0.8860973028879355340 ) ) ;
#362 = CARTESIAN_POINT ( 'NONE',  ( -1.552538204265623945, 0.05666991344397971642, -0.1440167376798809906 ) ) ;
#363 = CARTESIAN_POINT ( 'NONE',  ( 1.031987529003130621, 0.003191557600172720797, -0.6977866688648366456 ) ) ;
#364 = CARTESIAN_POINT ( 'NONE',  ( -1.539795730902582704, 0.1040270620709143334, -0.8993605707346430389 ) ) ;
#365 = ORIENTED_EDGE ( 'NONE', *, *, #2171, .F. ) ;
#366 = CARTESIAN_POINT ( 'NONE',  ( 0.9073834328962367968, 0.04083945520488247577, -0.7171510485643936006 ) ) ;
#367 = CARTESIAN_POINT ( 'NONE',  ( 0.3749999999999998890, 0.1200000000000000927, -0.8373154507300610838 ) ) ;
#368 = CARTESIAN_POINT ( 'NONE',  ( -1.039999999999999369, 0.1250000000000000000, 0.6876000400320320116 ) ) ;
#369 = CARTESIAN_POINT ( 'NONE',  ( 0.03999999999999923755, 0.1200000000000000927, -0.8125000000000000000 ) ) ;
#370 = CARTESIAN_POINT ( 'NONE',  ( -1.125000000000000222, 0.1200000000000001066, -0.7498154507300608396 ) ) ;
#371 = CARTESIAN_POINT ( 'NONE',  ( -0.8940167376798794363, 0.05666991344398148583, -0.7400382042656228343 ) ) ;
#372 = VERTEX_POINT ( 'NONE', #4505 ) ;
#373 = DIRECTION ( 'NONE',  ( 0.000000000000000000, 0.000000000000000000, -1.000000000000000000 ) ) ;
#374 = CARTESIAN_POINT ( 'NONE',  ( -0.5343954168942409710, 0.05920693847686203659, 0.8824558168452207862 ) ) ;
#375 = CARTESIAN_POINT ( 'NONE',  ( -1.460000000000000187, 0.1200000000000000927, 0.1249999999999998890 ) ) ;
#376 = DIRECTION ( 'NONE',  ( 0.000000000000000000, 0.000000000000000000, -1.000000000000000000 ) ) ;
#377 = CARTESIAN_POINT ( 'NONE',  ( -0.5623154507300620608, 0.1200000000000001205, -0.9000000000000001332 ) ) ;
#378 = ADVANCED_FACE ( 'NONE', ( #520 ), #2387, .T. ) ;
#379 = CARTESIAN_POINT ( 'NONE',  ( -0.05987346530538514844, 0.08648253317408469143, -0.8075645588775860473 ) ) ;
#380 = CARTESIAN_POINT ( 'NONE',  ( 0.3756008104538559600, 0.1049917596730073482, -0.8148080678883852235 ) ) ;
#381 = DIRECTION ( 'NONE',  ( 6.651547070463221357E-17, 0.000000000000000000, 1.000000000000000000 ) ) ;
#382 = DIRECTION ( 'NONE',  ( 0.000000000000000000, 0.000000000000000000, -1.000000000000000000 ) ) ;
#383 = CARTESIAN_POINT ( 'NONE',  ( -1.507560344733852808, -9.342597135924576393E-18, -0.2346404881668996967 ) ) ;
#384 = CARTESIAN_POINT ( 'NONE',  ( -1.500100040032032123, -1.355252715606880543E-17, -0.7751000400320319228 ) ) ;
#385 = EDGE_LOOP ( 'NONE', ( #1749, #312, #2699 ) ) ;
#386 = CARTESIAN_POINT ( 'NONE',  ( -0.01608619199354086732, -1.061591868151710238E-17, 0.6927069017433538090 ) ) ;
#387 = B_SPLINE_CURVE_WITH_KNOTS ( 'NONE', 3,
 ( #1775, #1061, #1898, #1385, #2846, #244, #3158, #736, #1846, #3591, #3616, #4697 ),
 .UNSPECIFIED., .F., .F.,
 ( 4, 2, 2, 2, 2, 4 ),
 ( 0.000000000000000000, 0.2499999999999994449, 0.3749999999999991673, 0.4374999999999997780, 0.5000000000000004441, 1.000000000000000000 ),
 .UNSPECIFIED. ) ;
#388 = AXIS2_PLACEMENT_3D ( 'NONE', #3087, #1948, #3397 ) ;
#389 = CARTESIAN_POINT ( 'NONE',  ( 0.1205355139222830524, 0.08826611352744169470, -0.7260737960538642399 ) ) ;
#390 = CARTESIAN_POINT ( 'NONE',  ( 0.6149942215026178438, 0.1027437099221038819, -0.8584783298968323706 ) ) ;
#391 = ORIENTED_EDGE ( 'NONE', *, *, #1270, .T. ) ;
#392 = CARTESIAN_POINT ( 'NONE',  ( -1.469450647752705397, 0.002887014083467297123, 0.7899820457392410233 ) ) ;
#393 = AXIS2_PLACEMENT_3D ( 'NONE', #865, #1273, #4491 ) ;
#394 = CARTESIAN_POINT ( 'NONE',  ( 1.440126534694613936, 0.08648253317408534369, 0.8950645588775877348 ) ) ;
#395 = EDGE_CURVE ( 'NONE', #4666, #1743, #4498, .T. ) ;
#396 = CARTESIAN_POINT ( 'NONE',  ( -1.465604583105758696, 0.05920693847686206435, 0.1425441831547791249 ) ) ;
#397 = CARTESIAN_POINT ( 'NONE',  ( -0.1250000000000001110, 0.1200000000000000927, -0.7274999999999992584 ) ) ;
#398 = CARTESIAN_POINT ( 'NONE',  ( 0.8749999999999998890, 0.1200000000000000927, -0.7274999999999992584 ) ) ;
#399 = CARTESIAN_POINT ( 'NONE',  ( 0.4019926900912143553, 0.04717666425225813809, -0.8063632450239789362 ) ) ;
#400 = DIRECTION ( 'NONE',  ( 0.000000000000000000, -0.000000000000000000, -1.000000000000000000 ) ) ;
#401 = CARTESIAN_POINT ( 'NONE',  ( -0.4220321950239281361, 0.02716957574868912942, -0.7999372125341570605 ) ) ;
#402 = CARTESIAN_POINT ( 'NONE',  ( 1.547482996653646747, 0.04345662036820521074, 0.8712088159003968935 ) ) ;
#403 = CARTESIAN_POINT ( 'NONE',  ( 0.3750000000000000000, 0.1200000000000001205, 0.8149999999999993916 ) ) ;
#404 = CARTESIAN_POINT ( 'NONE',  ( -1.553697552095067325, 0.01331992622116265519, -0.8135252082731135870 ) ) ;
#405 = LINE ( 'NONE', #3658, #3361 ) ;
#406 = EDGE_LOOP ( 'NONE', ( #2648, #2, #3351, #1728 ) ) ;
#407 = CARTESIAN_POINT ( 'NONE',  ( -0.5227716575627351370, 0.01984042254898416360, 0.8460684407047874833 ) ) ;
#408 = CARTESIAN_POINT ( 'NONE',  ( 0.1059832623201206331, 0.05666991344398148583, -0.7400382042656228343 ) ) ;
#409 = CARTESIAN_POINT ( 'NONE',  ( -1.013816410765802534, -2.563325802488485711E-17, -0.6974168272161798132 ) ) ;
#410 = CARTESIAN_POINT ( 'NONE',  ( 0.5536975520950687679, 0.01331992622116235335, -0.8135252082731121437 ) ) ;
#411 = CARTESIAN_POINT ( 'NONE',  ( -0.02277165756219238710, 0.01984042254780774700, 0.7585684407035631072 ) ) ;
#412 = CARTESIAN_POINT ( 'NONE',  ( 1.461307424453965886, 0.08960415999747285698, 0.8960396916972461767 ) ) ;
#413 = EDGE_LOOP ( 'NONE', ( #3761, #3515 ) ) ;
#414 = CARTESIAN_POINT ( 'NONE',  ( -1.539999999999999813, 0.1200000000000000927, -0.9000000000000000222 ) ) ;
#415 = CARTESIAN_POINT ( 'NONE',  ( -1.483913808006459334, -7.418637538636194764E-19, 0.2447930982566459690 ) ) ;
#416 = CARTESIAN_POINT ( 'NONE',  ( -1.437684549269939271, 0.1200000000000000927, 0.9000000000000000222 ) ) ;
#417 = CARTESIAN_POINT ( 'NONE',  ( -0.4600000000000006861, 0.1200000000000000927, 0.9000000000000000222 ) ) ;
#418 = CARTESIAN_POINT ( 'NONE',  ( 0.03553796071845027882, 0.05823471834403122493, 0.7985304907697845511 ) ) ;
#419 = CARTESIAN_POINT ( 'NONE',  ( 0.4577978753549403201, 2.155228276902608401E-17, -0.7885497760532335088 ) ) ;
#420 = CARTESIAN_POINT ( 'NONE',  ( -0.5001000400320321226, 0.000000000000000000, -0.8149999999999996136 ) ) ;
#421 = CARTESIAN_POINT ( 'NONE',  ( -1.440126534694613936, 0.08648253317408663432, -0.8950645588775882899 ) ) ;
#422 = CARTESIAN_POINT ( 'NONE',  ( 1.588122502837382433, 0.04223057456742959626, 0.8386795018533927948 ) ) ;
#423 = CARTESIAN_POINT ( 'NONE',  ( -0.6205355139222831218, 0.08826611352744162531, 0.8135737960538640401 ) ) ;
#424 = CARTESIAN_POINT ( 'NONE',  ( -1.527530048240038241, 0.002734742325115323194, -0.7947383858499483811 ) ) ;
#425 = EDGE_CURVE ( 'NONE', #1040, #2573, #181, .T. ) ;
#426 = ORIENTED_EDGE ( 'NONE', *, *, #1456, .F. ) ;
#427 = CARTESIAN_POINT ( 'NONE',  ( -0.01028666886483697342, 0.003191557600172719930, 0.7194875290031306214 ) ) ;
#428 = CARTESIAN_POINT ( 'NONE',  ( 0.9384535748734226246, 0.01509841972869551026, -0.7072294162630367031 ) ) ;
#429 = CARTESIAN_POINT ( 'NONE',  ( 0.08812250283738320977, 0.04223057456742991544, -0.7511795018533902191 ) ) ;
#430 = EDGE_CURVE ( 'NONE', #3492, #2431, #2737, .T. ) ;
#431 = CARTESIAN_POINT ( 'NONE',  ( 0.5160861919935406661, -1.095533213503431812E-17, -0.7802069017433540532 ) ) ;
#432 = CARTESIAN_POINT ( 'NONE',  ( -1.022771657562192571, 0.01984042254780774700, 0.7585684407035633292 ) ) ;
#433 = FACE_OUTER_BOUND ( 'NONE', #3018, .T. ) ;
#434 = CARTESIAN_POINT ( 'NONE',  ( 1.452517003346354807, 0.04345662036820486379, 0.8712088159003964494 ) ) ;
#435 = EDGE_LOOP ( 'NONE', ( #629, #3413, #4351, #4302 ) ) ;
#436 = CARTESIAN_POINT ( 'NONE',  ( -1.375639429265357316, 0.1040270620709143057, 0.8147957309025829487 ) ) ;
#437 = CARTESIAN_POINT ( 'NONE',  ( 1.038573796053863907, 0.08826611352744170857, -0.8080355139222832328 ) ) ;
#438 = CARTESIAN_POINT ( 'NONE',  ( -0.01608619199354086732, -2.612618482062037496E-17, -0.6927069017433538090 ) ) ;
#439 = CARTESIAN_POINT ( 'NONE',  ( 1.084368865994878695, 0.1200000000000001066, 0.8033392868068343073 ) ) ;
#440 = CARTESIAN_POINT ( 'NONE',  ( -1.470997994982264689, 0.01391275739034019202, -0.1907173804268458561 ) ) ;
#441 = CARTESIAN_POINT ( 'NONE',  ( -1.447461795734376055, 0.05666991344397929314, -0.8809832623201181434 ) ) ;
#442 = LINE ( 'NONE', #142, #463 ) ;
#443 = CARTESIAN_POINT ( 'NONE',  ( 1.624360570734643128, 0.1040270620709143057, 0.8147957309025822825 ) ) ;
#444 = CARTESIAN_POINT ( 'NONE',  ( -1.534395416894241304, 0.05920693847686203659, 0.1425441831547791804 ) ) ;
#445 = ORIENTED_EDGE ( 'NONE', *, *, #4010, .T. ) ;
#446 = CARTESIAN_POINT ( 'NONE',  ( -0.01381641076580292747, -1.110046455730807001E-17, 0.6974168272161795912 ) ) ;
#447 = CARTESIAN_POINT ( 'NONE',  ( 0.9118774971626185666, 0.04223057456743095628, -0.7511795018533908852 ) ) ;
#448 = CARTESIAN_POINT ( 'NONE',  ( -1.510286668864836646, 0.003191557600172729037, -0.8069875290031304216 ) ) ;
#449 = CARTESIAN_POINT ( 'NONE',  ( 0.03852520827311335661, 0.01331992622116167854, -0.7411975520950686569 ) ) ;
#450 = SURFACE_STYLE_FILL_AREA ( #4033 ) ;
#451 = CARTESIAN_POINT ( 'NONE',  ( 0.5290020050177348665, 0.01391275739033955190, -0.8342826195731534167 ) ) ;
#452 = ORIENTED_EDGE ( 'NONE', *, *, #1214, .F. ) ;
#453 = CARTESIAN_POINT ( 'NONE',  ( 1.467838379260653081, 0.05045777768999813728, 0.8755255562494780319 ) ) ;
#454 = EDGE_CURVE ( 'NONE', #4666, #1560, #845, .T. ) ;
#455 = CARTESIAN_POINT ( 'NONE',  ( 1.562315450730061173, 0.1200000000000000927, -0.9000000000000001332 ) ) ;
#456 = STYLED_ITEM ( 'NONE', ( #720 ), #1288 ) ;
#457 = VERTEX_POINT ( 'NONE', #2959 ) ;
#458 = CARTESIAN_POINT ( 'NONE',  ( -1.440717380426846050, 0.01391275739033839311, 0.2209979949822651335 ) ) ;
#459 = AXIS2_PLACEMENT_3D ( 'NONE', #2454, #2891, #3978 ) ;
#460 = SURFACE_STYLE_USAGE ( .BOTH. , #1199 ) ;
#461 = CARTESIAN_POINT ( 'NONE',  ( -0.9802705837369629638, 0.01509841972869552587, -0.7490464251265771534 ) ) ;
#462 = CARTESIAN_POINT ( 'NONE',  ( -0.06154642512657738235, 0.01509841972869551026, -0.7072294162630367031 ) ) ;
#463 = VECTOR ( 'NONE', #617, 1000.000000000000000 ) ;
#464 = CARTESIAN_POINT ( 'NONE',  ( -0.9156311340051213055, 0.1200000000000001066, 0.8033392868068343073 ) ) ;
#465 = CARTESIAN_POINT ( 'NONE',  ( -1.416521670103167541, 0.1027437099221041733, -0.1350057784973826003 ) ) ;
#466 = CARTESIAN_POINT ( 'NONE',  ( 0.4376845492699391604, 0.1200000000000000927, 0.9000000000000000222 ) ) ;
#467 = MECHANICAL_DESIGN_GEOMETRIC_PRESENTATION_REPRESENTATION (  '', ( #20 ), #331 ) ;
#468 = FACE_OUTER_BOUND ( 'NONE', #1607, .T. ) ;
#469 = CARTESIAN_POINT ( 'NONE',  ( 0.01940716596755810708, 0.01553916102132732978, 0.7484842821533072010 ) ) ;
#470 = ORIENTED_EDGE ( 'NONE', *, *, #4653, .T. ) ;
#471 = CARTESIAN_POINT ( 'NONE',  ( -0.01498204573924287811, 0.002887014083468471097, 0.7180493522472946033 ) ) ;
#472 = CARTESIAN_POINT ( 'NONE',  ( 0.8889026971120665976, 0.08559074299740744574, -0.7683816190609067398 ) ) ;
#473 = CARTESIAN_POINT ( 'NONE',  ( -1.499899959967968099, 0.000000000000000000, 0.2099999999999999367 ) ) ;
#474 = CARTESIAN_POINT ( 'NONE',  ( 0.01608619199354086732, -1.061591868151703921E-17, -0.6927069017433538090 ) ) ;
#475 = CARTESIAN_POINT ( 'NONE',  ( 1.460000000000000631, 0.1200000000000000927, -0.9000000000000001332 ) ) ;
#476 =( LENGTH_UNIT ( ) NAMED_UNIT ( * ) SI_UNIT ( .MILLI., .METRE. ) );
#477 = CARTESIAN_POINT ( 'NONE',  ( -0.9998999599679679884, -1.355252715606880543E-17, -0.6876000400320320116 ) ) ;
#478 = EDGE_CURVE ( 'NONE', #667, #4476, #4024, .T. ) ;
#479 = EDGE_LOOP ( 'NONE', ( #4552, #4386, #3613 ) ) ;
#480 = CARTESIAN_POINT ( 'NONE',  ( 1.620535513922283233, 0.08826611352744170857, -0.8135737960538642621 ) ) ;
#481 = CARTESIAN_POINT ( 'NONE',  ( 1.379464486077716767, 0.08826611352744162531, 0.8135737960538640401 ) ) ;
#482 = EDGE_CURVE ( 'NONE', #4503, #4487, #1372, .T. ) ;
#483 = ORIENTED_EDGE ( 'NONE', *, *, #3320, .T. ) ;
#484 = CARTESIAN_POINT ( 'NONE',  ( -1.461474791726886213, 0.01331992622116161609, 0.1963024479049310933 ) ) ;
#485 = B_SPLINE_SURFACE_WITH_KNOTS ( 'NONE', 3, 3, ( 
 ( #1210, #100, #2230, #3036, #2692, #2252 ),
 ( #2643, #4148, #853, #876, #830, #2623 ),
 ( #2328, #3751, #3790, #472, #1580, #3729 ),
 ( #2668, #1878, #4480, #4125, #3772, #499 ),
 ( #2599, #1946, #788, #447, #148, #1189 ),
 ( #521, #1969, #1899, #53, #3369, #1507 ),
 ( #2967, #78, #4411, #1140, #3708, #428 ),
 ( #1528, #2990, #1556, #3013, #4531, #1703 ),
 ( #2041, #577, #977, #3180, #3085, #1313 ),
 ( #1261, #2745, #1284, #4173, #903, #2354 ) ),
 .UNSPECIFIED., .F., .F., .F.,
 ( 4, 2, 2, 2, 4 ),
 ( 4, 2, 4 ),
 ( 0.000000000000000000, 0.2500000000000000000, 0.5000000000000000000, 0.7500000000000000000, 1.000000000000000000 ),
 ( 0.000000000000000000, 0.5000000000000000000, 1.000000000000000000 ),
 .UNSPECIFIED. ) ;
#486 = CARTESIAN_POINT ( 'NONE',  ( -1.447461795734376055, 0.05666991344397929314, 0.8809832623201181434 ) ) ;
#487 = CARTESIAN_POINT ( 'NONE',  ( 1.615839286806834085, 0.1200000000000001066, -0.8593688659948790498 ) ) ;
#488 = CARTESIAN_POINT ( 'NONE',  ( -0.06367950185338965008, 0.04223057456743035953, -0.7756225028373825436 ) ) ;
#489 = EDGE_CURVE ( 'NONE', #907, #342, #4364, .T. ) ;
#490 = CARTESIAN_POINT ( 'NONE',  ( -0.9600000000000007416, 0.1200000000000001205, 0.8125000000000000000 ) ) ;
#491 = FILL_AREA_STYLE ('',( #3765 ) ) ;
#492 = CARTESIAN_POINT ( 'NONE',  ( -1.499899959967968321, -1.355252715606880543E-17, -0.7751000400320319228 ) ) ;
#493 = CARTESIAN_POINT ( 'NONE',  ( 0.4165216701031714264, 0.1027437099221066991, 0.8899942215026188652 ) ) ;
#494 = CARTESIAN_POINT ( 'NONE',  ( 0.6250000000000001110, 0.1200000000000000927, 0.8149999999999993916 ) ) ;
#495 = LINE ( 'NONE', #1922, #86 ) ;
#496 = ORIENTED_EDGE ( 'NONE', *, *, #3905, .T. ) ;
#497 = CARTESIAN_POINT ( 'NONE',  ( 1.452400028815614030, 0.02117201403232592608, -0.8411949388818515949 ) ) ;
#498 = CARTESIAN_POINT ( 'NONE',  ( -0.4037911840996047941, 0.04345662036820450297, 0.8224829966536472137 ) ) ;
#500 = B_SPLINE_CURVE_WITH_KNOTS ( 'NONE', 3,
 ( #3920, #300, #3643, #1100, #3261, #3234 ),
 .UNSPECIFIED., .F., .F.,
 ( 4, 2, 4 ),
 ( 0.000000000000000000, 0.5000000000000000000, 1.000000000000000000 ),
 .UNSPECIFIED. ) ;
#499 = CARTESIAN_POINT ( 'NONE',  ( 0.8925441831547790139, 0.05920693847686204353, -0.7218954168942409710 ) ) ;
#501 = FACE_OUTER_BOUND ( 'NONE', #4543, .T. ) ;
#502 = CARTESIAN_POINT ( 'NONE',  ( -0.6110973028879347346, 0.08559074299740668246, -0.8558816190609120911 ) ) ;
#503 = ORIENTED_EDGE ( 'NONE', *, *, #852, .T. ) ;
#504 = CARTESIAN_POINT ( 'NONE',  ( -1.417383657158247212, 0.03105724883107423284, -0.8014504745881965153 ) ) ;
#505 = CARTESIAN_POINT ( 'NONE',  ( -1.550000000000000266, 0.5879999999999999671, -0.7750000000000000222 ) ) ;
#506 = CARTESIAN_POINT ( 'NONE',  ( 1.552538204265624389, 0.05666991344398043112, -0.8809832623201188095 ) ) ;
#507 = ORIENTED_EDGE ( 'NONE', *, *, #1692, .F. ) ;
#508 =( NAMED_UNIT ( * ) SI_UNIT ( $, .STERADIAN. ) SOLID_ANGLE_UNIT ( ) );
#509 = CARTESIAN_POINT ( 'NONE',  ( 1.524937212534299036, 0.02716957574896795846, 0.8529678049764184422 ) ) ;
#510 = B_SPLINE_CURVE_WITH_KNOTS ( 'NONE', 3,
 ( #2837, #3424, #4538, #1885, #2998, #1268, #912, #527, #130, #3714, #85, #4445 ),
 .UNSPECIFIED., .F., .F.,
 ( 4, 2, 2, 2, 2, 4 ),
 ( 0.000000000000000000, 0.2499999999999951150, 0.3749999999999926725, 0.4374999999999930056, 0.4999999999999933387, 1.000000000000000000 ),
 .UNSPECIFIED. ) ;
#511 = CARTESIAN_POINT ( 'NONE',  ( 1.061546425126577153, 0.01509841972869553628, -0.7072294162630367031 ) ) ;
#512 = CARTESIAN_POINT ( 'NONE',  ( -0.9376845492699388274, 0.1200000000000001205, 0.8125000000000000000 ) ) ;
#513 = CARTESIAN_POINT ( 'NONE',  ( -1.394016737679881102, 0.05666991344398024377, -0.1974617957343767216 ) ) ;
#514 = ADVANCED_FACE ( 'NONE', ( #4403 ), #3240, .T. ) ;
#515 = FILL_AREA_STYLE ('',( #1598 ) ) ;
#516 = CARTESIAN_POINT ( 'NONE',  ( -1.550000000000000266, 0.5879999999999999671, -0.8750000000000001110 ) ) ;
#517 = CARTESIAN_POINT ( 'NONE',  ( -1.038573796053864573, 0.08826611352744170857, -0.8080355139222832328 ) ) ;
#518 = EDGE_LOOP ( 'NONE', ( #4707, #2507, #1494, #2269 ) ) ;
#519 = CARTESIAN_POINT ( 'NONE',  ( 1.429330411560568281, 0.05540140092754039514, -0.8724882270994180899 ) ) ;
#520 = FACE_OUTER_BOUND ( 'NONE', #4008, .T. ) ;
#521 = CARTESIAN_POINT ( 'NONE',  ( 0.9759076034602459648, 0.02381372425704562229, -0.7627039842404336190 ) ) ;
#522 = CARTESIAN_POINT ( 'NONE',  ( -1.625000000000000000, 0.1200000000000000927, -0.8149999999999999467 ) ) ;
#523 = CYLINDRICAL_SURFACE ( 'NONE', #388, 0.1250000000000000000 ) ;
#524 = CARTESIAN_POINT ( 'NONE',  ( -0.5001000400320322337, 1.355252715606880543E-17, -0.7751000400320320338 ) ) ;
#525 = CARTESIAN_POINT ( 'NONE',  ( 0.1158392868068340992, 0.1200000000000001066, 0.7718688659948789166 ) ) ;
#526 = CARTESIAN_POINT ( 'NONE',  ( -1.625000000000000000, 0.1200000000000000511, 0.8623710246310827277 ) ) ;
#527 = CARTESIAN_POINT ( 'NONE',  ( -1.417382156990840247, 0.03105859251592198861, 0.2235488824150195786 ) ) ;
#528 = CARTESIAN_POINT ( 'NONE',  ( 1.499899959967968099, 0.000000000000000000, 0.7751000400320319228 ) ) ;
#529 = CARTESIAN_POINT ( 'NONE',  ( 1.000100040032032123, -1.355252715606880543E-17, 0.6876000400320320116 ) ) ;
#530 = VERTEX_POINT ( 'NONE', #4572 ) ;
#531 = CARTESIAN_POINT ( 'NONE',  ( -1.624399080122149286, 0.1049890262624893489, 0.2101919670676944407 ) ) ;
#532 = CARTESIAN_POINT ( 'NONE',  ( 1.519407165967888274, 0.01553916102183044642, 0.8359842821542117219 ) ) ;
#533 = CARTESIAN_POINT ( 'NONE',  ( -0.4656045831057590845, 0.05920693847686203659, -0.8824558168452210083 ) ) ;
#534 = CARTESIAN_POINT ( 'NONE',  ( 0.03938394757160205290, 0.005266798911870656727, -0.6999907548353357933 ) ) ;
#535 = ADVANCED_FACE ( 'NONE', ( #4165 ), #2859, .T. ) ;
#536 = CARTESIAN_POINT ( 'NONE',  ( -1.440717380426846939, 0.01391275739034078703, -0.8040020050177365540 ) ) ;
#537 = COLOUR_RGB ( '',0.7921568627450980005, 0.8196078431372548767, 0.9333333333333333481 ) ;
#538 = CARTESIAN_POINT ( 'NONE',  ( 1.000100040032032123, -1.355252715606880543E-17, -0.6876000400320320116 ) ) ;
#539 = CARTESIAN_POINT ( 'NONE',  ( 0.3750000000000000000, 0.1200000000000000927, 0.8149999999999993916 ) ) ;
#540 = CARTESIAN_POINT ( 'NONE',  ( 0.4600000000000005751, 0.1200000000000000927, -0.9000000000000001332 ) ) ;
#541 = PRESENTATION_LAYER_ASSIGNMENT (  '', '', ( #4354 ) ) ;
#542 = CARTESIAN_POINT ( 'NONE',  ( 0.4600000000000005751, 0.1200000000000000927, 0.9000000000000000222 ) ) ;
#543 = EDGE_LOOP ( 'NONE', ( #1216, #2606, #2799 ) ) ;
#544 = CARTESIAN_POINT ( 'NONE',  ( 1.375673679400717608, 0.1031714939717081753, -0.8365508297416762717 ) ) ;
#545 = EDGE_CURVE ( 'NONE', #4064, #674, #2566, .T. ) ;
#546 = CARTESIAN_POINT ( 'NONE',  ( 0.8889026971120670417, 0.08559074299740614122, 0.7683816190609112917 ) ) ;
#547 = VECTOR ( 'NONE', #2274, 1000.000000000000000 ) ;
#548 = AXIS2_PLACEMENT_3D ( 'NONE', #368, #3991, #2119 ) ;
#549 = CARTESIAN_POINT ( 'NONE',  ( -0.5001000400320320116, 0.000000000000000000, 0.7751000400320319228 ) ) ;
#550 = CARTESIAN_POINT ( 'NONE',  ( -0.5314389725833363887, 0.04590871196975504498, -0.8732011765805181014 ) ) ;
#551 = APPLICATION_PROTOCOL_DEFINITION ( 'draft international standard', 'automotive_design', 1998, #3386 ) ;
#552 = MECHANICAL_DESIGN_GEOMETRIC_PRESENTATION_REPRESENTATION (  '', ( #1230 ), #1837 ) ;
#553 = VERTEX_POINT ( 'NONE', #4401 ) ;
#554 = CARTESIAN_POINT ( 'NONE',  ( 0.08436886599487869454, 0.1200000000000001066, 0.8033392868068343073 ) ) ;
#555 = EDGE_CURVE ( 'NONE', #3579, #907, #4362, .T. ) ;
#556 = LINE ( 'NONE', #4561, #2829 ) ;
#557 = B_SPLINE_CURVE_WITH_KNOTS ( 'NONE', 3,
 ( #883, #3453, #2724, #3851, #558, #2004, #3479, #204, #587, #2026, #1013, #986 ),
 .UNSPECIFIED., .F., .F.,
 ( 4, 2, 2, 2, 2, 4 ),
 ( 0.000000000000000000, 0.2499999999999963363, 0.3749999999999943934, 0.4374999999999935607, 0.4999999999999926725, 1.000000000000000000 ),
 .UNSPECIFIED. ) ;
#558 = CARTESIAN_POINT ( 'NONE',  ( -0.6075322625816371724, 0.06057464461975757553, -0.8093835803422062547 ) ) ;
#559 = CARTESIAN_POINT ( 'NONE',  ( 1.472469951759963980, 0.002734742325116212239, 0.7947383858499487141 ) ) ;
#560 = CARTESIAN_POINT ( 'NONE',  ( 0.9599999999999999645, 0.000000000000000000, 0.7274999999999999245 ) ) ;
#561 = EDGE_LOOP ( 'NONE', ( #2325, #3402, #3392, #4270 ) ) ;
#562 = B_SPLINE_SURFACE_WITH_KNOTS ( 'NONE', 3, 3, ( 
 ( #4553, #1259, #1234, #3815, #4196, #2769 ),
 ( #4504, #146, #1282, #901, #544, #929 ),
 ( #2690, #3516, #3083, #3438, #2326, #3788 ),
 ( #170, #952, #519, #3842, #3469, #4477 ),
 ( #3770, #2407, #575, #4529, #3863, #2038 ),
 ( #242, #2666, #497, #3886, #1052, #1434 ),
 ( #648, #2895, #3252, #2843, #1700, #1071 ),
 ( #4297, #1765, #2481, #2134, #715, #2502 ),
 ( #622, #2869, #1744, #2061, #4674, #4340 ),
 ( #3935, #2523, #4245, #3984, #1411, #2158 ) ),
 .UNSPECIFIED., .F., .F., .F.,
 ( 4, 2, 2, 2, 4 ),
 ( 4, 2, 4 ),
 ( 0.000000000000000000, 0.2500000000000000000, 0.5000000000000000000, 0.7500000000000000000, 1.000000000000000000 ),
 ( 0.000000000000000000, 0.5000000000000000000, 1.000000000000000000 ),
 .UNSPECIFIED. ) ;
#563 = CARTESIAN_POINT ( 'NONE',  ( -0.5343954168942417482, 0.05920693847686211292, -0.8824558168452210083 ) ) ;
#564 = CARTESIAN_POINT ( 'NONE',  ( -1.575203984240433730, 0.02381372425704557719, 0.2259076034602455485 ) ) ;
#565 = CARTESIAN_POINT ( 'NONE',  ( -0.6250000000000000000, 0.1200000000000001205, 0.8373154507300614169 ) ) ;
#566 = CARTESIAN_POINT ( 'NONE',  ( -0.4338050611181477056, 0.02117201403232679344, -0.8225999711843832163 ) ) ;
#567 = B_SPLINE_CURVE_WITH_KNOTS ( 'NONE', 3,
 ( #223, #1656, #2330, #3138, #1928, #4150 ),
 .UNSPECIFIED., .F., .F.,
 ( 4, 2, 4 ),
 ( 0.000000000000000000, 0.5000000000000000000, 1.000000000000000000 ),
 .UNSPECIFIED. ) ;
#568 = CARTESIAN_POINT ( 'NONE',  ( -1.000000000000000000, 0.000000000000000000, 0.6876000400320320116 ) ) ;
#569 = CARTESIAN_POINT ( 'NONE',  ( -1.433805061118147206, 0.02117201403232489218, -0.8225999711843834383 ) ) ;
#570 = CARTESIAN_POINT ( 'NONE',  ( -1.550000000000000266, 0.6380000000000000115, -0.7750000000000000222 ) ) ;
#571 = CARTESIAN_POINT ( 'NONE',  ( 1.000100040032032123, -1.355252715606880543E-17, -0.6876000400320320116 ) ) ;
#572 = CARTESIAN_POINT ( 'NONE',  ( 0.4900831727838206864, 1.394657257612165742E-18, 0.7888164107658030000 ) ) ;
#573 = CARTESIAN_POINT ( 'NONE',  ( 0.5706695884394332730, 0.05540140092753966655, 0.8724882270994189781 ) ) ;
#574 = ORIENTED_EDGE ( 'NONE', *, *, #1539, .F. ) ;
#575 = CARTESIAN_POINT ( 'NONE',  ( 1.436320498146610225, 0.04223057456743006810, -0.8631225028373826769 ) ) ;
#576 = CARTESIAN_POINT ( 'NONE',  ( -0.4694506477527052302, 0.002887014083468036115, 0.7899820457392416895 ) ) ;
#577 = CARTESIAN_POINT ( 'NONE',  ( 0.9924396552661476356, -2.416425537761359803E-17, -0.7028595118331005809 ) ) ;
#578 = B_SPLINE_CURVE_WITH_KNOTS ( 'NONE', 3,
 ( #3322, #1510, #2971, #4415, #1144, #3375, #2233, #3735, #3712, #432, #1882, #106 ),
 .UNSPECIFIED., .F., .F.,
 ( 4, 2, 2, 2, 2, 4 ),
 ( 0.000000000000000000, 0.2500000000000031086, 0.3750000000000046629, 0.4375000000000051625, 0.5000000000000056621, 1.000000000000000000 ),
 .UNSPECIFIED. ) ;
#579 = EDGE_CURVE ( 'NONE', #2596, #667, #4329, .T. ) ;
#580 = CARTESIAN_POINT ( 'NONE',  ( -1.401798823419482032, 0.04590871196975498947, -0.2185610274166635836 ) ) ;
#581 = CARTESIAN_POINT ( 'NONE',  ( -1.550000000000000266, 0.6380000000000000115, -0.8750000000000001110 ) ) ;
#582 = CARTESIAN_POINT ( 'NONE',  ( -0.4839138080064592229, 1.487081010110330173E-17, 0.7802069017433538312 ) ) ;
#583 = CARTESIAN_POINT ( 'NONE',  ( 0.1149942215026191900, 0.1027437099221060607, 0.7709783298968297949 ) ) ;
#584 = CARTESIAN_POINT ( 'NONE',  ( -1.000000000000000000, 0.000000000000000000, -0.6876000400320320116 ) ) ;
#585 = ADVANCED_FACE ( 'NONE', ( #779 ), #1178, .F. ) ;
#586 = CARTESIAN_POINT ( 'NONE',  ( 1.559282619573153505, 0.01391275739034034641, -0.8040020050177348887 ) ) ;
#587 = CARTESIAN_POINT ( 'NONE',  ( -0.5886568478735924037, 0.03673881755886125589, -0.8033899379363542703 ) ) ;
#588 = CARTESIAN_POINT ( 'NONE',  ( -1.528389937936464937, 0.03673881755909971791, -0.1613431521261595725 ) ) ;
#589 = CARTESIAN_POINT ( 'NONE',  ( 1.120064558877587046, 0.08648253317408588492, 0.7473734653053852872 ) ) ;
#590 = ORIENTED_EDGE ( 'NONE', *, *, #2556, .T. ) ;
#591 = CARTESIAN_POINT ( 'NONE',  ( -0.5598734653053859534, 0.08648253317408534369, 0.8950645588775877348 ) ) ;
#592 = CARTESIAN_POINT ( 'NONE',  ( -0.4602042690974177952, 0.1040270620709142779, -0.8993605707346432609 ) ) ;
#593 = CYLINDRICAL_SURFACE ( 'NONE', #3455, 0.1000000000000001582 ) ;
#594 = DIRECTION ( 'NONE',  ( 0.000000000000000000, -0.000000000000000000, -1.000000000000000000 ) ) ;
#595 = CARTESIAN_POINT ( 'NONE',  ( 0.3940167376798793808, 0.05666991344398105562, 0.8275382042656244108 ) ) ;
#596 = CARTESIAN_POINT ( 'NONE',  ( 0.6243263205992825027, 0.1031714939717092994, 0.8365508297416762717 ) ) ;
#597 = VERTEX_POINT ( 'NONE', #1094 ) ;
#598 = CARTESIAN_POINT ( 'NONE',  ( 0.4998999599679677663, 1.355252715606880543E-17, -0.7751000400320320338 ) ) ;
#599 = CARTESIAN_POINT ( 'NONE',  ( -0.4846404881668999187, 1.485677825361663721E-17, 0.7825603447338532748 ) ) ;
#600 = CARTESIAN_POINT ( 'NONE',  ( -1.624326320599282614, 0.1031714939717110618, -0.1884491702583251105 ) ) ;
#601 = CARTESIAN_POINT ( 'NONE',  ( 0.6158392868068340853, 0.1200000000000001066, -0.8593688659948790498 ) ) ;
#602 = B_SPLINE_SURFACE_WITH_KNOTS ( 'NONE', 3, 3, ( 
 ( #4486, #1559, #4129, #1881, #4084, #2970 ),
 ( #4034, #790, #390, #3306, #834, #2647 ),
 ( #2258, #3017, #765, #2209, #3688, #2673 ),
 ( #1532, #1586, #4464, #3041, #4440, #57 ),
 ( #1217, #1168, #858, #2278, #4413, #3373 ),
 ( #1509, #3663, #3734, #81, #1856, #2627 ),
 ( #3756, #1835, #410, #1143, #451, #2994 ),
 ( #1904, #2602, #4060, #31, #2232, #3711 ),
 ( #431, #1489, #105, #2949, #1193, #4110 ),
 ( #4389, #1930, #1120, #3398, #4587, #4153 ) ),
 .UNSPECIFIED., .F., .F., .F.,
 ( 4, 2, 2, 2, 4 ),
 ( 4, 2, 4 ),
 ( 0.000000000000000000, 0.2500000000000000000, 0.5000000000000000000, 0.7500000000000000000, 1.000000000000000000 ),
 ( 0.000000000000000000, 0.5000000000000000000, 1.000000000000000000 ),
 .UNSPECIFIED. ) ;
#603 = CARTESIAN_POINT ( 'NONE',  ( -0.5974882270994180677, 0.05540140092754021472, -0.8456695884394291873 ) ) ;
#604 = EDGE_LOOP ( 'NONE', ( #4285, #4276, #231, #3042 ) ) ;
#605 = CARTESIAN_POINT ( 'NONE',  ( 0.07520398424043332752, 0.02381372425704559800, 0.7115923965397540352 ) ) ;
#606 = CARTESIAN_POINT ( 'NONE',  ( -1.499899959967968099, 0.000000000000000000, -0.2099999999999999367 ) ) ;
#607 = CARTESIAN_POINT ( 'NONE',  ( 1.500100040032031901, -1.355252715606880543E-17, -0.7751000400320321448 ) ) ;
#608 = CARTESIAN_POINT ( 'NONE',  ( -1.047482996653647414, 0.04345662036820450991, 0.7837088159003950949 ) ) ;
#609 = CARTESIAN_POINT ( 'NONE',  ( 1.009916827216179369, -1.110046455730802225E-17, 0.7013164107658030888 ) ) ;
#610 = ORIENTED_EDGE ( 'NONE', *, *, #1776, .F. ) ;
#611 = EDGE_CURVE ( 'NONE', #1124, #4487, #1538, .T. ) ;
#612 = CARTESIAN_POINT ( 'NONE',  ( -1.500100040032032345, -1.355252715606880543E-17, 0.2498999599679679051 ) ) ;
#613 = CARTESIAN_POINT ( 'NONE',  ( -1.550000000000000266, 0.5879999999999999671, -0.7750000000000000222 ) ) ;
#614 = CARTESIAN_POINT ( 'NONE',  ( -0.4614262039461359266, 0.08826611352744168082, -0.8955355139222833660 ) ) ;
#615 = CARTESIAN_POINT ( 'NONE',  ( 0.9600000000000005196, 0.1250000000000000000, -0.6876000400320320116 ) ) ;
#616 = CARTESIAN_POINT ( 'NONE',  ( -0.8925441831547792360, 0.05920693847686204353, 0.7218954168942409710 ) ) ;
#617 = DIRECTION ( 'NONE',  ( -1.000000000000000000, -0.000000000000000000, -0.000000000000000000 ) ) ;
#618 = CARTESIAN_POINT ( 'NONE',  ( 0.4037911840996048496, 0.04345662036820579360, 0.8224829966536447712 ) ) ;
#619 = CARTESIAN_POINT ( 'NONE',  ( 0.5843688659948788056, 0.1200000000000000927, 0.8908392868068344406 ) ) ;
#620 = AXIS2_PLACEMENT_3D ( 'NONE', #560, #1269, #3830 ) ;
#621 = ORIENTED_EDGE ( 'NONE', *, *, #1884, .F. ) ;
#622 = CARTESIAN_POINT ( 'NONE',  ( 1.494793098256645747, 1.648913563062054390E-17, -0.7910861919935409103 ) ) ;
#623 = CARTESIAN_POINT ( 'NONE',  ( 1.510286668864836868, 0.003191557600172743349, 0.8069875290031306436 ) ) ;
#624 = CARTESIAN_POINT ( 'NONE',  ( -0.4759076034602462424, 0.02381372425704560147, -0.8502039842404334191 ) ) ;
#625 = DIRECTION ( 'NONE',  ( -6.651547070463221357E-17, 0.000000000000000000, -1.000000000000000000 ) ) ;
#626 = STYLED_ITEM ( 'NONE', ( #1736 ), #2708 ) ;
#627 = CARTESIAN_POINT ( 'NONE',  ( -1.598007309908498152, 0.04717666425190147200, -0.8063632450239734961 ) ) ;
#628 = CARTESIAN_POINT ( 'NONE',  ( -1.607455816845221097, 0.05920693847686205047, 0.8093954168942414373 ) ) ;
#629 = ORIENTED_EDGE ( 'NONE', *, *, #3706, .F. ) ;
#630 = CARTESIAN_POINT ( 'NONE',  ( 1.468561027416663833, 0.04590871196975504498, -0.8732011765805181014 ) ) ;
#631 = CARTESIAN_POINT ( 'NONE',  ( -0.1200645588775861583, 0.08648253317408433061, 0.7473734653053881738 ) ) ;
#632 = CARTESIAN_POINT ( 'NONE',  ( 1.000000000000000000, 0.000000000000000000, 0.6876000400320320116 ) ) ;
#633 = CIRCLE ( 'NONE', #3299, 0.1000000000000001582 ) ;
#634 = AXIS2_PLACEMENT_3D ( 'NONE', #4659, #701, #4703 ) ;
#635 = CARTESIAN_POINT ( 'NONE',  ( -1.539999999999999813, 0.1200000000000000927, -0.1249999999999998612 ) ) ;
#636 = CARTESIAN_POINT ( 'NONE',  ( -1.072811074278214871, 0.02205258410723147378, 0.7232172485160182074 ) ) ;
#637 = VECTOR ( 'NONE', #3276, 1000.000000000000000 ) ;
#638 = EDGE_CURVE ( 'NONE', #176, #4296, #1308, .T. ) ;
#639 = CARTESIAN_POINT ( 'NONE',  ( 1.059282619573153950, 0.01391275739033966292, 0.7165020050177355326 ) ) ;
#640 = VERTEX_POINT ( 'NONE', #188 ) ;
#641 = EDGE_CURVE ( 'NONE', #1374, #530, #2500, .T. ) ;
#642 = CARTESIAN_POINT ( 'NONE',  ( -0.3841607131931659147, 0.1200000000000001066, -0.8593688659948790498 ) ) ;
#643 = CARTESIAN_POINT ( 'NONE',  ( -0.8940167376798806576, 0.05666991344397979274, 0.7400382042656264980 ) ) ;
#644 = CARTESIAN_POINT ( 'NONE',  ( -0.1158392868068345294, 0.1200000000000001205, -0.7718688659948784725 ) ) ;
#645 = B_SPLINE_SURFACE_WITH_KNOTS ( 'NONE', 3, 3, ( 
 ( #1354, #3904, #642, #1645, #3510, #1718 ),
 ( #4570, #4263, #1328, #3432, #1665, #592 ),
 ( #2808, #4186, #2705, #2734, #3077, #614 ),
 ( #994, #2032, #2786, #3804, #1987, #533 ),
 ( #2452, #1252, #162, #3151, #1618, #187 ),
 ( #4162, #3880, #566, #260, #2401, #891 ),
 ( #919, #235, #3834, #4596, #2340, #2053 ),
 ( #4239, #3102, #4548, #1693, #1275, #2369 ),
 ( #3171, #2759, #2011, #968, #3485, #210 ),
 ( #1298, #4213, #945, #3650, #3244, #4017 ) ),
 .UNSPECIFIED., .F., .F., .F.,
 ( 4, 2, 2, 2, 4 ),
 ( 4, 2, 4 ),
 ( 0.000000000000000000, 0.2500000000000000000, 0.5000000000000000000, 0.7500000000000000000, 1.000000000000000000 ),
 ( 0.000000000000000000, 0.5000000000000000000, 1.000000000000000000 ),
 .UNSPECIFIED. ) ;
#646 = FACE_OUTER_BOUND ( 'NONE', #120, .T. ) ;
#647 = ORIENTED_EDGE ( 'NONE', *, *, #1125, .T. ) ;
#648 = CARTESIAN_POINT ( 'NONE',  ( 1.480270583736962964, 0.01509841972869556230, -0.8365464251265769535 ) ) ;
#649 = CARTESIAN_POINT ( 'NONE',  ( 0.9802705837369631858, 0.01509841972869552587, 0.7490464251265771534 ) ) ;
#650 = CARTESIAN_POINT ( 'NONE',  ( 0.9998999599679677663, 0.000000000000000000, -0.7274999999999993694 ) ) ;
#651 =( NAMED_UNIT ( * ) PLANE_ANGLE_UNIT ( ) SI_UNIT ( $, .RADIAN. ) );
#652 = ORIENTED_EDGE ( 'NONE', *, *, #4563, .T. ) ;
#653 = CARTESIAN_POINT ( 'NONE',  ( 0.3850057784973807129, 0.1027437099221050060, -0.8584783298968288179 ) ) ;
#654 = CARTESIAN_POINT ( 'NONE',  ( -0.02409239653975423640, 0.02381372425704560147, 0.7627039842404335079 ) ) ;
#655 = CARTESIAN_POINT ( 'NONE',  ( -1.111097302887932958, 0.08559074299740614122, 0.7683816190609112917 ) ) ;
#656 = CARTESIAN_POINT ( 'NONE',  ( -1.098201176580518634, 0.04590871196975498253, -0.7189389725833359446 ) ) ;
#657 = CARTESIAN_POINT ( 'NONE',  ( -0.9376845492699388274, 0.1200000000000001066, -0.8125000000000000000 ) ) ;
#658 = ORIENTED_EDGE ( 'NONE', *, *, #4131, .T. ) ;
#659 = SURFACE_STYLE_FILL_AREA ( #1796 ) ;
#660 = CARTESIAN_POINT ( 'NONE',  ( -0.6158392868068344184, 0.1200000000000001066, 0.8593688659948787167 ) ) ;
#661 = CARTESIAN_POINT ( 'NONE',  ( -0.9642827514839834580, 0.02205258410723178256, 0.7603110742782146492 ) ) ;
#662 = ADVANCED_FACE ( 'NONE', ( #892 ), #4116, .T. ) ;
#663 = FACE_OUTER_BOUND ( 'NONE', #4076, .T. ) ;
#664 = FACE_OUTER_BOUND ( 'NONE', #4611, .T. ) ;
#665 = CARTESIAN_POINT ( 'NONE',  ( -1.092616567103763536, 0.04083945520488246883, -0.7171510485643937116 ) ) ;
#666 = CARTESIAN_POINT ( 'NONE',  ( -1.625000000000000000, 0.1200000000000000927, 0.2099999999999999090 ) ) ;
#667 = VERTEX_POINT ( 'NONE', #1277 ) ;
#668 = CARTESIAN_POINT ( 'NONE',  ( -1.583478329896828907, 0.1027437099221069905, 0.1350057784973832109 ) ) ;
#669 = CARTESIAN_POINT ( 'NONE',  ( 0.9850179542607571115, 0.002887014083468471097, 0.7180493522472946033 ) ) ;
#670 = EDGE_CURVE ( 'NONE', #1887, #1085, #2012, .T. ) ;
#671 = CARTESIAN_POINT ( 'NONE',  ( -1.519729416263037036, 0.01509841972869553975, -0.1884535748734228744 ) ) ;
#672 = CARTESIAN_POINT ( 'NONE',  ( 0.08436886599487869454, 0.1200000000000001066, 0.8033392868068343073 ) ) ;
#673 = CARTESIAN_POINT ( 'NONE',  ( 1.539999999999999369, 0.1200000000000000927, 0.9000000000000000222 ) ) ;
#674 = VERTEX_POINT ( 'NONE', #3764 ) ;
#675 = CARTESIAN_POINT ( 'NONE',  ( 0.9289315592942175570, 0.01984042254993969440, -0.7102716575631760065 ) ) ;
#676 = CARTESIAN_POINT ( 'NONE',  ( -1.460000000000000187, 0.1200000000000000927, 0.1249999999999998890 ) ) ;
#677 = CARTESIAN_POINT ( 'NONE',  ( -0.03439541689424091553, 0.05920693847686203659, 0.7949558168452207640 ) ) ;
#678 = CARTESIAN_POINT ( 'NONE',  ( 1.500100040032032123, 0.000000000000000000, 0.8149999999999993916 ) ) ;
#679 = CARTESIAN_POINT ( 'NONE',  ( -1.061546425126577375, 0.01509841972869553801, 0.7072294162630367031 ) ) ;
#680 = CARTESIAN_POINT ( 'NONE',  ( -1.125000000000000222, 0.1200000000000000927, -0.7274999999999993694 ) ) ;
#681 = CARTESIAN_POINT ( 'NONE',  ( -0.9017988234194820318, 0.04590871196975502416, -0.7189389725833359446 ) ) ;
#682 = VERTEX_POINT ( 'NONE', #1596 ) ;
#683 = B_SPLINE_SURFACE_WITH_KNOTS ( 'NONE', 3, 3, ( 
 ( #820, #2584, #136, #842, #416, #1200 ),
 ( #436, #4042, #1864, #775, #2977, #2655 ),
 ( #4424, #2240, #4492, #3048, #4449, #38 ),
 ( #1223, #2633, #3384, #1915, #486, #2317 ),
 ( #1151, #2609, #2289, #3355, #3718, #1936 ),
 ( #1888, #111, #2682, #90, #866, #3406 ),
 ( #1542, #3002, #1495, #3791, #3443, #4080 ),
 ( #60, #392, #2911, #34, #685, #2882 ),
 ( #4333, #3298, #2618, #2961, #1848, #1182 ),
 ( #2593, #1204, #4473, #4456, #117, #4098 ) ),
 .UNSPECIFIED., .F., .F., .F.,
 ( 4, 2, 2, 2, 4 ),
 ( 4, 2, 4 ),
 ( 0.000000000000000000, 0.2500000000000000000, 0.5000000000000000000, 0.7500000000000000000, 1.000000000000000000 ),
 ( 0.000000000000000000, 0.5000000000000000000, 1.000000000000000000 ),
 .UNSPECIFIED. ) ;
#684 = CARTESIAN_POINT ( 'NONE',  ( -1.461426203946135205, 0.08826611352744170857, -0.8955355139222831440 ) ) ;
#685 = CARTESIAN_POINT ( 'NONE',  ( -1.485017954260757778, 0.002887014083468536583, 0.8055493522472946255 ) ) ;
#686 = CARTESIAN_POINT ( 'NONE',  ( -1.598201176580518190, 0.04590871196975499641, 0.8064389725833362998 ) ) ;
#687 = SURFACE_STYLE_FILL_AREA ( #4643 ) ;
#688 = CARTESIAN_POINT ( 'NONE',  ( -0.9998999599679679884, -1.355252715606880543E-17, 0.6876000400320320116 ) ) ;
#689 =( NAMED_UNIT ( * ) PLANE_ANGLE_UNIT ( ) SI_UNIT ( $, .RADIAN. ) );
#690 = CARTESIAN_POINT ( 'NONE',  ( 0.5160861919935408881, 1.487081010110330173E-17, 0.7802069017433538312 ) ) ;
#691 = EDGE_CURVE ( 'NONE', #169, #127, #3389, .T. ) ;
#692 = VERTEX_POINT ( 'NONE', #3486 ) ;
#693 = CARTESIAN_POINT ( 'NONE',  ( -1.624326320599282614, 0.1031714939717110618, 0.1884491702583251105 ) ) ;
#694 = CARTESIAN_POINT ( 'NONE',  ( 0.9680124709968691565, 0.003191557600172722099, 0.6977866688648366456 ) ) ;
#695 = CARTESIAN_POINT ( 'NONE',  ( -1.547482996653646525, 0.04345662036820494012, -0.1537911840996042390 ) ) ;
#696 = CARTESIAN_POINT ( 'NONE',  ( -1.515359511833100914, -1.257226084456076212E-17, -0.7825603447338538299 ) ) ;
#697 = EDGE_CURVE ( 'NONE', #342, #682, #946, .T. ) ;
#698 = CARTESIAN_POINT ( 'NONE',  ( 1.562315450730060951, 0.1200000000000001343, 0.9000000000000000222 ) ) ;
#699 = ORIENTED_EDGE ( 'NONE', *, *, #3380, .F. ) ;
#700 = CARTESIAN_POINT ( 'NONE',  ( 0.01608619199354064874, -1.257365766455156492E-17, 0.6927069017433538090 ) ) ;
#701 = DIRECTION ( 'NONE',  ( 1.000000000000000000, 0.000000000000000000, -0.000000000000000000 ) ) ;
#702 =( GEOMETRIC_REPRESENTATION_CONTEXT ( 3 ) GLOBAL_UNCERTAINTY_ASSIGNED_CONTEXT ( ( #4123 ) ) GLOBAL_UNIT_ASSIGNED_CONTEXT ( ( #207, #4618, #508 ) ) REPRESENTATION_CONTEXT ( 'NONE', 'WORKASPACE' ) );
#703 = CARTESIAN_POINT ( 'NONE',  ( -1.098201176580518634, 0.04590871196975503804, 0.7189389725833359446 ) ) ;
#704 = AXIS2_PLACEMENT_3D ( 'NONE', #4595, #2051, #1957 ) ;
#705 = CARTESIAN_POINT ( 'NONE',  ( -0.9407173804268460504, 0.01391275739033963690, -0.7165020050177355326 ) ) ;
#706 = ORIENTED_EDGE ( 'NONE', *, *, #2479, .T. ) ;
#707 =( LENGTH_UNIT ( ) NAMED_UNIT ( * ) SI_UNIT ( .MILLI., .METRE. ) );
#708 = AXIS2_PLACEMENT_3D ( 'NONE', #70, #824, #1522 ) ;
#709 = CARTESIAN_POINT ( 'NONE',  ( -1.584368865994878695, 0.1200000000000001205, 0.8908392868068339965 ) ) ;
#710 = CARTESIAN_POINT ( 'NONE',  ( 1.375000000000000000, 0.1200000000000001205, 0.8149999999999993916 ) ) ;
#711 = AXIS2_PLACEMENT_3D ( 'NONE', #2221, #1095, #400 ) ;
#712 = CARTESIAN_POINT ( 'NONE',  ( -0.03999999999999945266, 0.1200000000000000927, 0.8125000000000000000 ) ) ;
#713 = CARTESIAN_POINT ( 'NONE',  ( -0.9947930982566461910, -1.257365766455155721E-17, -0.7035861919935407771 ) ) ;
#714 = CARTESIAN_POINT ( 'NONE',  ( -0.07066958843943388358, 0.05540140092753995105, -0.7849882270994203992 ) ) ;
#715 = CARTESIAN_POINT ( 'NONE',  ( 1.469450647752705619, 0.002887014083468545690, -0.7899820457392424666 ) ) ;
#716 = CARTESIAN_POINT ( 'NONE',  ( 0.6250000000000000000, 0.1200000000000000927, 0.8373154507300618610 ) ) ;
#717 = CARTESIAN_POINT ( 'NONE',  ( 0.9998999599679677663, -1.355252715606880543E-17, 0.6876000400320320116 ) ) ;
#718 = CARTESIAN_POINT ( 'NONE',  ( -1.524092396539754368, 0.02381372425704562229, -0.1747960157595662423 ) ) ;
#719 = CARTESIAN_POINT ( 'NONE',  ( -1.570669588439433717, 0.05540140092753920859, -0.8724882270994199773 ) ) ;
#720 = PRESENTATION_STYLE_ASSIGNMENT (( #2529 ) ) ;
#721 = ORIENTED_EDGE ( 'NONE', *, *, #1776, .T. ) ;
#722 = CARTESIAN_POINT ( 'NONE',  ( 1.598201176580517968, 0.04590871196975500335, 0.8064389725833359668 ) ) ;
#723 = CARTESIAN_POINT ( 'NONE',  ( -0.06155082974167798426, 0.1031714939717088275, 0.8118263205992825027 ) ) ;
#724 = EDGE_CURVE ( 'NONE', #457, #4152, #4432, .T. ) ;
#725 = CARTESIAN_POINT ( 'NONE',  ( 0.04759997118438286101, 0.02117201403232630771, -0.7536949388818527940 ) ) ;
#726 = CARTESIAN_POINT ( 'NONE',  ( 1.460000000000000631, 0.1250000000000000000, 0.7751000400320319228 ) ) ;
#727 = CARTESIAN_POINT ( 'NONE',  ( -0.8750000000000001110, 0.1200000000000001205, -0.7274999999999993694 ) ) ;
#728 = ORIENTED_EDGE ( 'NONE', *, *, #395, .F. ) ;
#729 = ADVANCED_FACE ( 'NONE', ( #1299 ), #1446, .T. ) ;
#730 = B_SPLINE_CURVE_WITH_KNOTS ( 'NONE', 3,
 ( #4629, #4654, #4677, #4226, #1677, #4274, #627, #2066, #1005, #2042, #4584, #3229 ),
 .UNSPECIFIED., .F., .F.,
 ( 4, 2, 2, 2, 2, 4 ),
 ( 0.000000000000000000, 0.2500000000000043299, 0.3750000000000063838, 0.4375000000000075495, 0.5000000000000087708, 1.000000000000000000 ),
 .UNSPECIFIED. ) ;
#731 = CARTESIAN_POINT ( 'NONE',  ( -1.375000000000000000, 0.1200000000000000927, 0.1876845492699382167 ) ) ;
#732 = DIRECTION ( 'NONE',  ( 0.000000000000000000, 1.000000000000000000, 0.000000000000000000 ) ) ;
#733 = DIRECTION ( 'NONE',  ( -0.000000000000000000, 0.000000000000000000, -1.000000000000000000 ) ) ;
#734 = DIRECTION ( 'NONE',  ( 0.000000000000000000, 0.000000000000000000, -1.000000000000000000 ) ) ;
#735 = CARTESIAN_POINT ( 'NONE',  ( 0.4602042690974170736, 0.1040270620709143612, -0.8993605707346432609 ) ) ;
#736 = CARTESIAN_POINT ( 'NONE',  ( 0.5264504745883481496, 0.03105724883139204459, 0.8576163428421080814 ) ) ;
#737 = CARTESIAN_POINT ( 'NONE',  ( -1.583478329896828907, 0.1027437099221069905, -0.1350057784973832109 ) ) ;
#738 = CARTESIAN_POINT ( 'NONE',  ( -1.531987529003131732, 0.003191557600172712991, -0.7852866688648367788 ) ) ;
#739 = CARTESIAN_POINT ( 'NONE',  ( -1.107455816845221097, 0.05920693847686206435, 0.7218954168942409710 ) ) ;
#740 = ORIENTED_EDGE ( 'NONE', *, *, #3783, .T. ) ;
#741 = CARTESIAN_POINT ( 'NONE',  ( 0.3799354411224122319, 0.08648253317408516327, -0.8348734653053891952 ) ) ;
#742 = FACE_OUTER_BOUND ( 'NONE', #406, .T. ) ;
#743 = UNCERTAINTY_MEASURE_WITH_UNIT (LENGTH_MEASURE( 1.000000000000000082E-05 ), #3956, 'distance_accuracy_value', 'NONE');
#744 = CARTESIAN_POINT ( 'NONE',  ( -1.532161585783267999, 0.05045558630482641083, 0.8755239156592393712 ) ) ;
#745 = CARTESIAN_POINT ( 'NONE',  ( -0.9293304115605680593, 0.05540140092754009676, -0.7849882270994172906 ) ) ;
#746 = VERTEX_POINT ( 'NONE', #3906 ) ;
#747 = CARTESIAN_POINT ( 'NONE',  ( 1.486450223947102689, -1.035262491088585794E-17, 0.8172021246440082098 ) ) ;
#748 = EDGE_CURVE ( 'NONE', #2431, #4701, #4690, .T. ) ;
#749 = CARTESIAN_POINT ( 'NONE',  ( -0.01972941626303729296, 0.01509841972869553281, -0.7490464251265770423 ) ) ;
#750 = FACE_OUTER_BOUND ( 'NONE', #3934, .T. ) ;
#751 = CARTESIAN_POINT ( 'NONE',  ( 0.5001000400320320116, 1.355252715606880543E-17, 0.7751000400320319228 ) ) ;
#752 = CARTESIAN_POINT ( 'NONE',  ( -1.489713331135163354, 0.003191557600172738578, -0.2180124709968691565 ) ) ;
#753 = DIRECTION ( 'NONE',  ( 0.000000000000000000, -0.000000000000000000, -1.000000000000000000 ) ) ;
#754 = CARTESIAN_POINT ( 'NONE',  ( 0.4685610274166636113, 0.04590871196975504498, -0.8732011765805181014 ) ) ;
#755 = CARTESIAN_POINT ( 'NONE',  ( 1.620535513922283233, 0.08826611352744169470, 0.8135737960538641511 ) ) ;
#756 = CARTESIAN_POINT ( 'NONE',  ( 1.014982045739242444, 0.002887014083468471531, -0.7180493522472944923 ) ) ;
#757 = CARTESIAN_POINT ( 'NONE',  ( -1.547482996653646747, 0.04345662036820427399, -0.8712088159003976706 ) ) ;
#758 = CARTESIAN_POINT ( 'NONE',  ( -1.031987529003130843, 0.003191557600172722099, 0.6977866688648366456 ) ) ;
#759 = ORIENTED_EDGE ( 'NONE', *, *, #1153, .F. ) ;
#760 = CARTESIAN_POINT ( 'NONE',  ( 0.4525170033463550290, 0.04345662036820514829, -0.8712088159003964494 ) ) ;
#761 = CARTESIAN_POINT ( 'NONE',  ( -0.1250000000000001110, 0.1200000000000000927, 0.7274999999999993694 ) ) ;
#762 = VECTOR ( 'NONE', #211, 1000.000000000000000 ) ;
#763 = FACE_OUTER_BOUND ( 'NONE', #4228, .T. ) ;
#764 = CARTESIAN_POINT ( 'NONE',  ( -1.053697552095068657, 0.01331992622116300734, -0.7260252082731136758 ) ) ;
#765 = CARTESIAN_POINT ( 'NONE',  ( 0.6110973028879328472, 0.08559074299740633551, -0.8558816190609116470 ) ) ;
#766 = ORIENTED_EDGE ( 'NONE', *, *, #831, .F. ) ;
#767 = CYLINDRICAL_SURFACE ( 'NONE', #3223, 0.1250000000000000000 ) ;
#768 = CARTESIAN_POINT ( 'NONE',  ( -1.531987529003131732, 0.003191557600172712991, 0.7852866688648367788 ) ) ;
#769 = VECTOR ( 'NONE', #4545, 1000.000000000000000 ) ;
#770 = ORIENTED_EDGE ( 'NONE', *, *, #3439, .T. ) ;
#771 = AXIS2_PLACEMENT_3D ( 'NONE', #3694, #1568, #4138 ) ;
#772 = VECTOR ( 'NONE', #1583, 1000.000000000000000 ) ;
#773 = CARTESIAN_POINT ( 'NONE',  ( -1.424796015759566270, 0.02381372425704560147, 0.2259076034602456595 ) ) ;
#774 = EDGE_CURVE ( 'NONE', #553, #3853, #2834, .T. ) ;
#775 = CARTESIAN_POINT ( 'NONE',  ( -1.416521670103170649, 0.1027437099221068240, 0.8899942215026166448 ) ) ;
#776 = CARTESIAN_POINT ( 'NONE',  ( 1.039795730902582260, 0.1040270620709143057, -0.8118605707346431277 ) ) ;
#777 = CARTESIAN_POINT ( 'NONE',  ( -0.05928261957315376224, 0.01391275739034083560, -0.7165020050177358657 ) ) ;
#778 = AXIS2_PLACEMENT_3D ( 'NONE', #2159, #2245, #3985 ) ;
#779 = FACE_OUTER_BOUND ( 'NONE', #518, .T. ) ;
#780 = CARTESIAN_POINT ( 'NONE',  ( -1.385005778497382156, 0.1027437099221083089, -0.8584783298968270415 ) ) ;
#781 = CARTESIAN_POINT ( 'NONE',  ( 0.8749999999999998890, 0.1200000000000000927, 0.7274999999999993694 ) ) ;
#782 = CARTESIAN_POINT ( 'NONE',  ( 1.531438972583335945, 0.04590871196975503110, 0.8732011765805185455 ) ) ;
#783 = CARTESIAN_POINT ( 'NONE',  ( -1.547599971184382417, 0.02117201403232749427, -0.8411949388818509288 ) ) ;
#784 = CARTESIAN_POINT ( 'NONE',  ( -0.5399999999999994804, 0.1250000000000000000, 0.7751000400320319228 ) ) ;
#785 = ORIENTED_EDGE ( 'NONE', *, *, #1484, .F. ) ;
#786 = CARTESIAN_POINT ( 'NONE',  ( 0.4802705837369630193, 0.01509841972869556230, -0.8365464251265769535 ) ) ;
#787 = CARTESIAN_POINT ( 'NONE',  ( -0.5356339966864200886, 0.06768328392709040131, 0.8864704143117948520 ) ) ;
#788 = CARTESIAN_POINT ( 'NONE',  ( 0.9363204981466103360, 0.04223057456743035953, -0.7756225028373825436 ) ) ;
#789 = CARTESIAN_POINT ( 'NONE',  ( 0.03571724851601635470, 0.02205258410723295870, -0.7603110742782146492 ) ) ;
#790 = CARTESIAN_POINT ( 'NONE',  ( 0.6243263205992821696, 0.1031714939717065793, -0.8365508297416802685 ) ) ;
#791 = CARTESIAN_POINT ( 'NONE',  ( -0.03216162073934009796, 0.05045777768956290210, 0.7880255562491521593 ) ) ;
#792 = B_SPLINE_SURFACE_WITH_KNOTS ( 'NONE', 3, 3, ( 
 ( #3378, #816, #3094, #1219, #455, #2675 ),
 ( #108, #1909, #1610, #1563, #4132, #4516 ),
 ( #480, #1588, #1932, #3044, #1953, #860 ),
 ( #179, #2310, #3777, #882, #506, #4156 ),
 ( #3118, #1291, #3211, #4663, #3921, #3524 ),
 ( #2751, #2394, #2362, #3503, #4305, #3850 ),
 ( #4635, #586, #3550, #2096, #1369, #2045 ),
 ( #1681, #2778, #3144, #1012, #4590, #2071 ),
 ( #1319, #4232, #960, #2418, #3872, #1347 ),
 ( #4280, #607, #252, #1711, #3894, #985 ) ),
 .UNSPECIFIED., .F., .F., .F.,
 ( 4, 2, 2, 2, 4 ),
 ( 4, 2, 4 ),
 ( 0.000000000000000000, 0.2500000000000000000, 0.5000000000000000000, 0.7500000000000000000, 1.000000000000000000 ),
 ( 0.000000000000000000, 0.5000000000000000000, 1.000000000000000000 ),
 .UNSPECIFIED. ) ;
#793 = DIRECTION ( 'NONE',  ( 0.000000000000000000, 0.000000000000000000, -1.000000000000000000 ) ) ;
#794 = EDGE_LOOP ( 'NONE', ( #3626, #1335, #3948, #1715 ) ) ;
#795 = CARTESIAN_POINT ( 'NONE',  ( -1.489713331135163354, 0.003191557600172738578, 0.2180124709968691565 ) ) ;
#796 = CARTESIAN_POINT ( 'NONE',  ( 1.111097302887932736, 0.08559074299740611347, -0.7683816190609112917 ) ) ;
#797 = CARTESIAN_POINT ( 'NONE',  ( -0.01535951183310015414, -2.612478800062961685E-17, -0.6950603447338531415 ) ) ;
#798 = CARTESIAN_POINT ( 'NONE',  ( -1.550000000000000266, 0.5879999999999999671, -0.6749999999999998224 ) ) ;
#799 = CARTESIAN_POINT ( 'NONE',  ( -1.483913808006459334, -7.418637538636194764E-19, -0.2447930982566459690 ) ) ;
#800 = CARTESIAN_POINT ( 'NONE',  ( -0.5000000000000001110, 0.000000000000000000, -0.7751000400320320338 ) ) ;
#801 = CARTESIAN_POINT ( 'NONE',  ( -1.375639429265357316, 0.1040270620709143057, -0.8147957309025829487 ) ) ;
#802 = CARTESIAN_POINT ( 'NONE',  ( 1.552538204265625943, 0.05666991344398052827, 0.8809832623201201418 ) ) ;
#803 = CARTESIAN_POINT ( 'NONE',  ( 0.4600000000000005751, 0.1200000000000000927, 0.9000000000000000222 ) ) ;
#804 = CARTESIAN_POINT ( 'NONE',  ( 0.3749999999999998890, 0.1200000000000000927, -0.8373154507300610838 ) ) ;
#805 = ORIENTED_EDGE ( 'NONE', *, *, #2535, .F. ) ;
#806 = CARTESIAN_POINT ( 'NONE',  ( 0.4407173804268466610, 0.01391275739033953629, -0.8040020050177353328 ) ) ;
#807 = ADVANCED_FACE ( 'NONE', ( #4292 ), #593, .F. ) ;
#808 = CARTESIAN_POINT ( 'NONE',  ( -0.06154642512657738235, 0.01509841972869553801, 0.7072294162630367031 ) ) ;
#809 = CARTESIAN_POINT ( 'NONE',  ( -1.625000000000000000, 0.1200000000000000927, 0.8149999999999999467 ) ) ;
#810 = DIRECTION ( 'NONE',  ( 0.000000000000000000, -0.000000000000000000, -1.000000000000000000 ) ) ;
#811 = CARTESIAN_POINT ( 'NONE',  ( -1.475907603460245854, 0.02381372425704563270, 0.1747960157595661868 ) ) ;
#812 = CARTESIAN_POINT ( 'NONE',  ( 0.05369755209506900384, 0.01331992622116168201, -0.7260252082731130097 ) ) ;
#813 = CARTESIAN_POINT ( 'NONE',  ( -0.9998999599679679884, -1.355252715606880543E-17, -0.6876000400320320116 ) ) ;
#814 = CARTESIAN_POINT ( 'NONE',  ( -0.03563399668640992307, 0.06768328392636441260, 0.7989704143114210178 ) ) ;
#815 = DIRECTION ( 'NONE',  ( -0.000000000000000000, 1.000000000000000000, -0.000000000000000000 ) ) ;
#816 = CARTESIAN_POINT ( 'NONE',  ( 1.625000000000000000, 0.1200000000000001205, -0.8373154507300616389 ) ) ;
#817 = CARTESIAN_POINT ( 'NONE',  ( 1.429330411560567171, 0.05540140092753999962, 0.8724882270994179789 ) ) ;
#818 = EDGE_LOOP ( 'NONE', ( #74, #4039, #1218, #36, #2445, #3140, #1364, #759 ) ) ;
#819 = CARTESIAN_POINT ( 'NONE',  ( -1.452517003346353919, 0.04345662036820489155, 0.1537911840996033785 ) ) ;
#820 = CARTESIAN_POINT ( 'NONE',  ( -1.375000000000000444, 0.1200000000000001205, 0.8149999999999999467 ) ) ;
#821 = CARTESIAN_POINT ( 'NONE',  ( 1.052538204265624389, 0.05666991344398041724, -0.7934832623201187873 ) ) ;
#822 = CARTESIAN_POINT ( 'NONE',  ( -1.490083172783820853, 1.977778523243326740E-18, -0.2361835892341970222 ) ) ;
#823 = CARTESIAN_POINT ( 'NONE',  ( -1.437684549269939271, 0.1200000000000000927, -0.9000000000000000222 ) ) ;
#824 = DIRECTION ( 'NONE',  ( 0.000000000000000000, 1.000000000000000000, 0.000000000000000000 ) ) ;
#825 = CARTESIAN_POINT ( 'NONE',  ( -0.6243605707346431277, 0.1040270620709142502, 0.8147957309025822825 ) ) ;
#826 = EDGE_CURVE ( 'NONE', #1743, #1560, #3860, .T. ) ;
#827 = CARTESIAN_POINT ( 'NONE',  ( 0.4772283424372650851, 0.01984042254898412544, 0.8460684407047875943 ) ) ;
#828 = ORIENTED_EDGE ( 'NONE', *, *, #174, .T. ) ;
#829 = CARTESIAN_POINT ( 'NONE',  ( -0.03198752900313082959, 0.003191557600172722099, 0.6977866688648366456 ) ) ;
#830 = CARTESIAN_POINT ( 'NONE',  ( 0.8756736794007174973, 0.1031714939717093410, -0.7490508297416768047 ) ) ;
#831 = EDGE_CURVE ( 'NONE', #3747, #372, #3245, .T. ) ;
#832 = CARTESIAN_POINT ( 'NONE',  ( -1.000000000000000000, 0.000000000000000000, -0.6876000400320320116 ) ) ;
#833 = CARTESIAN_POINT ( 'NONE',  ( 0.007560344733852997559, -1.257226084456080218E-17, -0.7028595118331003588 ) ) ;
#834 = CARTESIAN_POINT ( 'NONE',  ( 0.5615508297416771377, 0.1031714939717089247, -0.8993263205992826359 ) ) ;
#835 = ORIENTED_EDGE ( 'NONE', *, *, #4372, .T. ) ;
#836 = EDGE_CURVE ( 'NONE', #151, #176, #1974, .T. ) ;
#837 = CARTESIAN_POINT ( 'NONE',  ( 1.447461795734376055, 0.05666991344398049357, 0.8809832623201186985 ) ) ;
#838 = AXIS2_PLACEMENT_3D ( 'NONE', #784, #2985, #4101 ) ;
#839 = EDGE_LOOP ( 'NONE', ( #3437, #3994 ) ) ;
#840 = CARTESIAN_POINT ( 'NONE',  ( -1.492439655266147192, 2.940798934524030151E-18, 0.2346404881668995857 ) ) ;
#841 = AXIS2_PLACEMENT_3D ( 'NONE', #4277, #1079, #1419 ) ;
#842 = CARTESIAN_POINT ( 'NONE',  ( -1.415631134005121083, 0.1200000000000001066, 0.8908392868068341075 ) ) ;
#843 = CARTESIAN_POINT ( 'NONE',  ( 1.063679501853391995, 0.04223057456742960319, -0.7756225028373814334 ) ) ;
#844 = AXIS2_PLACEMENT_3D ( 'NONE', #1023, #3289, #4691 ) ;
#845 = B_SPLINE_CURVE_WITH_KNOTS ( 'NONE', 3,
 ( #43, #3700, #1158, #3296, #4004, #1521, #401, #2550, #3332, #1549, #2568, #1132 ),
 .UNSPECIFIED., .F., .F.,
 ( 4, 2, 2, 2, 2, 4 ),
 ( 0.000000000000000000, 0.2500000000000008882, 0.3750000000000016653, 0.4375000000000016653, 0.5000000000000016653, 1.000000000000000000 ),
 .UNSPECIFIED. ) ;
#846 = CARTESIAN_POINT ( 'NONE',  ( 0.08261634284198107747, 0.03105724883127840286, -0.7139504745882939707 ) ) ;
#847 = CARTESIAN_POINT ( 'NONE',  ( -1.464282751483982459, 0.02205258410723241747, -0.8478110742782141163 ) ) ;
#848 = CARTESIAN_POINT ( 'NONE',  ( 0.4703489514356092860, 0.04083945520473193647, 0.8676165671036228932 ) ) ;
#849 = ORIENTED_EDGE ( 'NONE', *, *, #2581, .T. ) ;
#850 = CARTESIAN_POINT ( 'NONE',  ( -1.483913808006459778, -1.244482423270095320E-17, 0.7802069017433538312 ) ) ;
#851 = CARTESIAN_POINT ( 'NONE',  ( -0.3794644860777168227, 0.08826611352744169470, 0.8135737960538641511 ) ) ;
#852 = EDGE_CURVE ( 'NONE', #2573, #4035, #3342, .T. ) ;
#853 = CARTESIAN_POINT ( 'NONE',  ( 0.9165216701031667634, 0.1027437099221051170, -0.8024942215026177328 ) ) ;
#854 = CARTESIAN_POINT ( 'NONE',  ( 0.09820117658051802367, 0.04590871196975496865, 0.7189389725833359446 ) ) ;
#855 = DIRECTION ( 'NONE',  ( -1.000000000000000000, 0.000000000000000000, 0.000000000000000000 ) ) ;
#856 = CARTESIAN_POINT ( 'NONE',  ( -0.5052069017433541420, 1.648913563062054390E-17, -0.7910861919935409103 ) ) ;
#857 = ORIENTED_EDGE ( 'NONE', *, *, #4037, .T. ) ;
#858 = CARTESIAN_POINT ( 'NONE',  ( 0.5881225028373820995, 0.04223057456742920768, -0.8386795018533921287 ) ) ;
#859 = VERTEX_POINT ( 'NONE', #581 ) ;
#860 = CARTESIAN_POINT ( 'NONE',  ( 1.538573796053863907, 0.08826611352744168082, -0.8955355139222833660 ) ) ;
#861 = CARTESIAN_POINT ( 'NONE',  ( 1.075203984240433286, 0.02381372425704559800, 0.7115923965397540352 ) ) ;
#862 = ORIENTED_EDGE ( 'NONE', *, *, #3666, .F. ) ;
#863 = EDGE_CURVE ( 'NONE', #1578, #1058, #567, .T. ) ;
#864 = CARTESIAN_POINT ( 'NONE',  ( -1.486183589234196800, 9.304482487264469634E-20, 0.2400831727838209362 ) ) ;
#865 = CARTESIAN_POINT ( 'NONE',  ( 0.0001000400320319994735, 0.1250000000000000000, 0.7274999999999993694 ) ) ;
#866 = CARTESIAN_POINT ( 'NONE',  ( -1.464282751483982459, 0.02205258410723241747, 0.8478110742782141163 ) ) ;
#867 = CARTESIAN_POINT ( 'NONE',  ( 1.024092396539753702, 0.02381372425704560147, -0.7627039842404336190 ) ) ;
#868 = CARTESIAN_POINT ( 'NONE',  ( -0.02900200501773468609, 0.01391275739033985895, -0.7467826195731542827 ) ) ;
#869 = CARTESIAN_POINT ( 'NONE',  ( -1.750000000000000222, 0.1200000000000000511, -0.9749999999999999778 ) ) ;
#870 = CARTESIAN_POINT ( 'NONE',  ( -1.379935441122412731, 0.08648253317408552410, -0.1901265346946114931 ) ) ;
#871 = CARTESIAN_POINT ( 'NONE',  ( 0.4802616141500514191, 0.002734742325116331502, 0.8025300482400368196 ) ) ;
#872 = CARTESIAN_POINT ( 'NONE',  ( 0.4376845492699379392, 0.1200000000000001205, -0.9000000000000001332 ) ) ;
#873 = ORIENTED_EDGE ( 'NONE', *, *, #430, .F. ) ;
#874 = CARTESIAN_POINT ( 'NONE',  ( 0.4998999599679677663, 1.355252715606880543E-17, -0.7751000400320320338 ) ) ;
#875 = CARTESIAN_POINT ( 'NONE',  ( -0.4118774971626177339, 0.04223057456742959626, 0.8386795018533927948 ) ) ;
#876 = CARTESIAN_POINT ( 'NONE',  ( 0.8850057784973799357, 0.1027437099221060052, -0.7709783298968290177 ) ) ;
#877 = CARTESIAN_POINT ( 'NONE',  ( 0.01608619199354064874, -1.257365766455156492E-17, 0.6927069017433538090 ) ) ;
#878 = CARTESIAN_POINT ( 'NONE',  ( 0.4600000000000000200, 0.000000000000000000, 0.8149999999999999467 ) ) ;
#879 = CARTESIAN_POINT ( 'NONE',  ( -0.5305493522472943813, 0.002887014083468545690, -0.7899820457392424666 ) ) ;
#880 = CARTESIAN_POINT ( 'NONE',  ( 0.05987346530538623784, 0.08648253317408451102, 0.8075645588775862693 ) ) ;
#881 = CARTESIAN_POINT ( 'NONE',  ( 0.000000000000000000, 0.000000000000000000, -0.6876000400320320116 ) ) ;
#882 = CARTESIAN_POINT ( 'NONE',  ( 1.570669588439432385, 0.05540140092754007595, -0.8724882270994174238 ) ) ;
#883 = CARTESIAN_POINT ( 'NONE',  ( -0.6250000000000001110, 0.1200000000000000927, -0.8149999999999995026 ) ) ;
#884 = CARTESIAN_POINT ( 'NONE',  ( 1.446302447904930899, 0.01331992622116181732, 0.8135252082731136980 ) ) ;
#885 = CARTESIAN_POINT ( 'NONE',  ( 1.000100040032032123, -1.355252715606880543E-17, 0.6876000400320320116 ) ) ;
#886 = EDGE_LOOP ( 'NONE', ( #2092, #296 ) ) ;
#887 = CARTESIAN_POINT ( 'NONE',  ( -0.5397957309025829264, 0.1040270620709143612, -0.8993605707346432609 ) ) ;
#888 = CARTESIAN_POINT ( 'NONE',  ( -1.550000000000000266, 0.5879999999999999671, -0.6749999999999998224 ) ) ;
#889 = CARTESIAN_POINT ( 'NONE',  ( 0.9678383792606597424, 0.05045777768956290210, 0.7880255562491521593 ) ) ;
#890 = ADVANCED_FACE ( 'NONE', ( #4108 ), #3111, .T. ) ;
#891 = CARTESIAN_POINT ( 'NONE',  ( -0.4759076034602462424, 0.02381372425704560147, -0.8502039842404334191 ) ) ;
#892 = FACE_OUTER_BOUND ( 'NONE', #2214, .T. ) ;
#893 = CARTESIAN_POINT ( 'NONE',  ( -1.494793098256646191, -1.257365766455156029E-17, -0.7910861919935406883 ) ) ;
#894 = CARTESIAN_POINT ( 'NONE',  ( 0.9656045831057584738, 0.05920693847686206435, -0.7949558168452208751 ) ) ;
#895 = B_SPLINE_SURFACE_WITH_KNOTS ( 'NONE', 3, 3, ( 
 ( #727, #4013, #4350, #3214, #657, #1444 ),
 ( #2471, #3264, #8, #2492, #1063, #4374 ),
 ( #2929, #4706, #2558, #2099, #1373, #1103 ),
 ( #2122, #371, #3971, #745, #1423, #3947 ),
 ( #681, #2909, #2186, #3285, #3601, #2537 ),
 ( #3578, #3993, #278, #303, #1734, #3190 ),
 ( #4638, #705, #348, #4665, #2828, #4284 ),
 ( #2149, #1016, #326, #1398, #2857, #4308 ),
 ( #1779, #3238, #2879, #4330, #3625, #2512 ),
 ( #1795, #813, #3321, #477, #128, #3345 ) ),
 .UNSPECIFIED., .F., .F., .F.,
 ( 4, 2, 2, 2, 4 ),
 ( 4, 2, 4 ),
 ( 0.000000000000000000, 0.2500000000000000000, 0.5000000000000000000, 0.7500000000000000000, 1.000000000000000000 ),
 ( 0.000000000000000000, 0.5000000000000000000, 1.000000000000000000 ),
 .UNSPECIFIED. ) ;
#896 = CARTESIAN_POINT ( 'NONE',  ( 0.3799354411224141748, 0.08648253317408462204, 0.8348734653053863086 ) ) ;
#897 = B_SPLINE_CURVE_WITH_KNOTS ( 'NONE', 3,
 ( #3558, #2886, #3194, #375 ),
 .UNSPECIFIED., .F., .F.,
 ( 4, 4 ),
 ( 0.000000000000000000, 1.000000000000000000 ),
 .UNSPECIFIED. ) ;
#898 = CARTESIAN_POINT ( 'NONE',  ( -0.3841607131931658037, 0.1200000000000000927, 0.8593688659948790498 ) ) ;
#899 = DIRECTION ( 'NONE',  ( 0.000000000000000000, 1.000000000000000000, 0.000000000000000000 ) ) ;
#900 = EDGE_LOOP ( 'NONE', ( #4485, #3876, #2858, #2250 ) ) ;
#901 = CARTESIAN_POINT ( 'NONE',  ( 1.385005778497380602, 0.1027437099221050060, -0.8584783298968288179 ) ) ;
#902 = CARTESIAN_POINT ( 'NONE',  ( -0.4724699517599633136, 0.002734742325115862693, 0.7947383858499480480 ) ) ;
#903 = CARTESIAN_POINT ( 'NONE',  ( 0.9998999599679677663, -2.710505431213761085E-17, -0.6876000400320320116 ) ) ;
#904 = CARTESIAN_POINT ( 'NONE',  ( -1.461426203946135205, 0.08826611352744170857, 0.1294644860777167117 ) ) ;
#905 = DIRECTION ( 'NONE',  ( 0.000000000000000000, -1.000000000000000000, 0.000000000000000000 ) ) ;
#906 = CARTESIAN_POINT ( 'NONE',  ( -0.6243263205992825027, 0.1031714939717081753, -0.8365508297416762717 ) ) ;
#907 = VERTEX_POINT ( 'NONE', #125 ) ;
#908 = CARTESIAN_POINT ( 'NONE',  ( 0.1110973028879340269, 0.08559074299740726532, 0.7683816190609072949 ) ) ;
#909 = FACE_OUTER_BOUND ( 'NONE', #561, .T. ) ;
#910 = B_SPLINE_SURFACE_WITH_KNOTS ( 'NONE', 3, 3, ( 
 ( #403, #1942, #1524, #4074, #466, #803 ),
 ( #1920, #2941, #1576, #493, #3030, #2662 ),
 ( #2294, #896, #4574, #1962, #3466, #3052 ),
 ( #3513, #595, #2429, #214, #949, #3435 ),
 ( #166, #618, #2323, #4191, #4242, #2404 ),
 ( #2376, #1256, #1229, #972, #3838, #3883 ),
 ( #1670, #2711, #4143, #4219, #1623, #2015 ),
 ( #924, #3130, #1305, #871, #2035, #3786 ),
 ( #239, #2740, #3489, #572, #2765, #2346 ),
 ( #4168, #3153, #2790, #1280, #3080, #1696 ) ),
 .UNSPECIFIED., .F., .F., .F.,
 ( 4, 2, 2, 2, 4 ),
 ( 4, 2, 4 ),
 ( 0.000000000000000000, 0.2500000000000000000, 0.5000000000000000000, 0.7500000000000000000, 1.000000000000000000 ),
 ( 0.000000000000000000, 0.5000000000000000000, 1.000000000000000000 ),
 .UNSPECIFIED. ) ;
#911 = B_SPLINE_CURVE_WITH_KNOTS ( 'NONE', 3,
 ( #3540, #997, #1068, #3249, #3198, #3932, #1512, #1859, #1408, #264, #4417, #3324 ),
 .UNSPECIFIED., .F., .F.,
 ( 4, 2, 2, 2, 2, 4 ),
 ( 0.000000000000000000, 0.2500000000000004441, 0.3750000000000006661, 0.4375000000000007772, 0.5000000000000008882, 1.000000000000000000 ),
 .UNSPECIFIED. ) ;
#912 = CARTESIAN_POINT ( 'NONE',  ( -1.422029372040426232, 0.02717184769157371046, 0.2250616300717634133 ) ) ;
#913 = CARTESIAN_POINT ( 'NONE',  ( -1.500100040032032123, -1.355252715606880543E-17, 0.7751000400320319228 ) ) ;
#914 = CARTESIAN_POINT ( 'NONE',  ( -1.534383580342191689, 0.06057464461872702488, -0.1424677374189977919 ) ) ;
#915 = CARTESIAN_POINT ( 'NONE',  ( 1.019738385849948914, 0.002734742325116197494, 0.7150300482400362423 ) ) ;
#916 = ORIENTED_EDGE ( 'NONE', *, *, #47, .F. ) ;
#917 = LINE ( 'NONE', #942, #769 ) ;
#918 = VECTOR ( 'NONE', #3450, 1000.000000000000000 ) ;
#919 = CARTESIAN_POINT ( 'NONE',  ( -0.4384535748734230132, 0.01509841972869554322, -0.7947294162630369474 ) ) ;
#920 = CARTESIAN_POINT ( 'NONE',  ( -0.9680124709968692676, 0.003191557600172715593, 0.6977866688648366456 ) ) ;
#921 = CARTESIAN_POINT ( 'NONE',  ( -1.415631134005121083, 0.1200000000000001066, -0.1341607131931657759 ) ) ;
#922 = ADVANCED_FACE ( 'NONE', ( #3754 ), #523, .T. ) ;
#923 = CARTESIAN_POINT ( 'NONE',  ( 0.9759076034602459648, 0.02381372425704562229, -0.7627039842404336190 ) ) ;
#924 = CARTESIAN_POINT ( 'NONE',  ( 0.4680124709968693786, 0.003191557600172734242, 0.7852866688648364457 ) ) ;
#925 = CARTESIAN_POINT ( 'NONE',  ( 0.6110973028879338464, 0.08559074299740711267, 0.8558816190609105368 ) ) ;
#926 = AXIS2_PLACEMENT_3D ( 'NONE', #286, #1027, #311 ) ;
#927 = CARTESIAN_POINT ( 'NONE',  ( 1.499899959967967877, 0.000000000000000000, -0.8149999999999996136 ) ) ;
#928 = ORIENTED_EDGE ( 'NONE', *, *, #956, .T. ) ;
#929 = CARTESIAN_POINT ( 'NONE',  ( 1.375639429265356872, 0.1040270620709143334, -0.8147957309025826156 ) ) ;
#930 = CARTESIAN_POINT ( 'NONE',  ( -0.4642827514839834580, 0.02205258410723239665, 0.8478110742782136722 ) ) ;
#931 = ADVANCED_FACE ( 'NONE', ( #4483 ), #1213, .F. ) ;
#932 = CARTESIAN_POINT ( 'NONE',  ( -0.9758854358532303985, 0.02520750528233654461, 0.7629503710100519198 ) ) ;
#933 = CARTESIAN_POINT ( 'NONE',  ( 0.1249999999999998890, 0.1200000000000000927, 0.7274999999999993694 ) ) ;
#934 = CARTESIAN_POINT ( 'NONE',  ( -0.5153595118331002478, 4.842746802305119129E-18, -0.7825603447338528307 ) ) ;
#935 = CIRCLE ( 'NONE', #2064, 0.1000000000000001582 ) ;
#936 = VERTEX_POINT ( 'NONE', #3821 ) ;
#937 = CARTESIAN_POINT ( 'NONE',  ( -1.375000000000000444, 0.1200000000000000927, -0.8149999999999999467 ) ) ;
#938 = CARTESIAN_POINT ( 'NONE',  ( 0.9600000000000005196, 0.1200000000000000927, 0.8125000000000000000 ) ) ;
#939 = CARTESIAN_POINT ( 'NONE',  ( 0.3794644860777168782, 0.08826611352744162531, 0.8135737960538640401 ) ) ;
#940 = CARTESIAN_POINT ( 'NONE',  ( 0.01028666886483675658, 0.003191557600172719930, -0.7194875290031306214 ) ) ;
#941 = ORIENTED_EDGE ( 'NONE', *, *, #611, .F. ) ;
#942 = CARTESIAN_POINT ( 'NONE',  ( 0.9600000000000005196, 0.1200000000000000927, -0.8125000000000000000 ) ) ;
#943 = CARTESIAN_POINT ( 'NONE',  ( 1.539616065864612748, 0.08997805252518521757, 0.8987981602443060325 ) ) ;
#944 = DIRECTION ( 'NONE',  ( 0.000000000000000000, 1.000000000000000000, 0.000000000000000000 ) ) ;
#945 = CARTESIAN_POINT ( 'NONE',  ( -0.4998999599679680994, -1.355252715606880543E-17, -0.7751000400320321448 ) ) ;
#946 = LINE ( 'NONE', #1202, #2361 ) ;
#947 = CARTESIAN_POINT ( 'NONE',  ( -1.460204269097417296, 0.1040270620709143057, -0.1256394292653567890 ) ) ;
#948 = CARTESIAN_POINT ( 'NONE',  ( 0.000000000000000000, 0.1200000000000000511, 0.000000000000000000 ) ) ;
#949 = CARTESIAN_POINT ( 'NONE',  ( 0.4474617957343760000, 0.05666991344398049357, 0.8809832623201186985 ) ) ;
#950 = CARTESIAN_POINT ( 'NONE',  ( 0.0001000400320319994735, -1.355252715606880543E-17, -0.6876000400320320116 ) ) ;
#951 = ORIENTED_EDGE ( 'NONE', *, *, #3967, .T. ) ;
#952 = CARTESIAN_POINT ( 'NONE',  ( 1.447461795734374723, 0.05666991344398107644, -0.8809832623201208079 ) ) ;
#953 = CARTESIAN_POINT ( 'NONE',  ( -0.3925441831547792360, 0.05920693847686205047, 0.8093954168942411043 ) ) ;
#954 = CARTESIAN_POINT ( 'NONE',  ( -1.562315450730060729, 0.1200000000000000927, -0.1249999999999998890 ) ) ;
#955 = CARTESIAN_POINT ( 'NONE',  ( -1.375000000000000222, 0.1200000000000000927, -0.2100000000000000200 ) ) ;
#956 = EDGE_CURVE ( 'NONE', #2139, #3579, #1971, .T. ) ;
#957 = CARTESIAN_POINT ( 'NONE',  ( -0.5592826195731532835, 0.01391275739033953629, -0.8040020050177353328 ) ) ;
#958 = CARTESIAN_POINT ( 'NONE',  ( -1.422032195024249379, 0.02716957574843075623, -0.7999372125340256101 ) ) ;
#959 = DIRECTION ( 'NONE',  ( 0.000000000000000000, 1.000000000000000000, 0.000000000000000000 ) ) ;
#960 = CARTESIAN_POINT ( 'NONE',  ( 1.513816410765802978, -1.133959597996856881E-17, -0.7849168272161790583 ) ) ;
#961 = CARTESIAN_POINT ( 'NONE',  ( -1.009916827216179369, -1.208073086881606247E-17, 0.7013164107658030888 ) ) ;
#962 = CARTESIAN_POINT ( 'NONE',  ( 1.499899959967968099, 0.000000000000000000, 0.7751000400320319228 ) ) ;
#963 = CARTESIAN_POINT ( 'NONE',  ( 1.016086191993540666, -1.257365766455156492E-17, 0.6927069017433538090 ) ) ;
#964 = ORIENTED_EDGE ( 'NONE', *, *, #1426, .T. ) ;
#965 = PLANE ( 'NONE',  #1301 ) ;
#966 = CARTESIAN_POINT ( 'NONE',  ( -1.515359511833100692, -1.061172822154479569E-17, 0.2424396552661474413 ) ) ;
#967 = CARTESIAN_POINT ( 'NONE',  ( -0.5623154507300608396, 0.1200000000000000927, 0.9000000000000000222 ) ) ;
#968 = CARTESIAN_POINT ( 'NONE',  ( -0.4900831727838207419, -1.215786989845665625E-17, -0.7888164107658030000 ) ) ;
#969 = DIRECTION ( 'NONE',  ( -1.000000000000000000, 0.000000000000000000, 0.000000000000000000 ) ) ;
#970 = CARTESIAN_POINT ( 'NONE',  ( 0.8756394292653568723, 0.1040270620709143057, 0.7272957309025823713 ) ) ;
#971 = DIRECTION ( 'NONE',  ( 0.000000000000000000, 1.000000000000000000, 0.000000000000000000 ) ) ;
#972 = CARTESIAN_POINT ( 'NONE',  ( 0.4524000288156151961, 0.02117201403232578383, 0.8411949388818529272 ) ) ;
#973 = CARTESIAN_POINT ( 'NONE',  ( 0.0001000400320319994735, -1.355252715606880543E-17, -0.6876000400320320116 ) ) ;
#974 = ORIENTED_EDGE ( 'NONE', *, *, #670, .T. ) ;
#975 = CARTESIAN_POINT ( 'NONE',  ( -0.5400000000000001465, 0.1200000000000000927, -0.9000000000000001332 ) ) ;
#976 = CARTESIAN_POINT ( 'NONE',  ( 0.9118774971626170123, 0.04223057456743078281, 0.7511795018533903301 ) ) ;
#977 = CARTESIAN_POINT ( 'NONE',  ( 0.9900831727838214080, -2.465299171337684462E-17, -0.7013164107658035329 ) ) ;
#978 = CARTESIAN_POINT ( 'NONE',  ( 1.392544183154779125, 0.05920693847686203659, 0.8093954168942409932 ) ) ;
#979 = B_SPLINE_SURFACE_WITH_KNOTS ( 'NONE', 3, 3, ( 
 ( #3461, #565, #186, #2010, #967, #3484 ),
 ( #3101, #4547, #3854, #209, #1717, #2425 ),
 ( #234, #1664, #3124, #4568, #591, #2031 ),
 ( #2450, #3509, #3581, #1044, #1816, #374 ),
 ( #2077, #13, #1530, #3243, #3629, #2885 ),
 ( #1165, #4710, #3216, #1019, #1797, #2126 ),
 ( #352, #2991, #3951, #4335, #2624, #3193 ),
 ( #329, #1065, #1403, #3268, #4686, #1449 ),
 ( #2912, #1089, #2541, #3996, #3557, #2831 ),
 ( #282, #1738, #4642, #1377, #1900, #549 ) ),
 .UNSPECIFIED., .F., .F., .F.,
 ( 4, 2, 2, 2, 4 ),
 ( 4, 2, 4 ),
 ( 0.000000000000000000, 0.2500000000000000000, 0.5000000000000000000, 0.7500000000000000000, 1.000000000000000000 ),
 ( 0.000000000000000000, 0.5000000000000000000, 1.000000000000000000 ),
 .UNSPECIFIED. ) ;
#980 = CARTESIAN_POINT ( 'NONE',  ( 0.4999999999999998890, 0.000000000000000000, -0.7751000400320320338 ) ) ;
#981 = ORIENTED_EDGE ( 'NONE', *, *, #2883, .T. ) ;
#982 = CARTESIAN_POINT ( 'NONE',  ( 0.4599999999999999090, 0.1200000000000001205, -0.9000000000000001332 ) ) ;
#983 = CYLINDRICAL_SURFACE ( 'NONE', #548, 0.1250000000000000000 ) ;
#984 = ADVANCED_FACE ( 'NONE', ( #501 ), #3419, .F. ) ;
#985 = CARTESIAN_POINT ( 'NONE',  ( 1.500100040032031901, -1.355252715606880543E-17, -0.7751000400320321448 ) ) ;
#986 = CARTESIAN_POINT ( 'NONE',  ( -0.5000000000000001110, 0.000000000000000000, -0.7751000400320320338 ) ) ;
#987 = CYLINDRICAL_SURFACE ( 'NONE', #3523, 0.1250000000000000000 ) ;
#988 = CARTESIAN_POINT ( 'NONE',  ( 0.01972941626303707438, 0.01509841972869552587, -0.7490464251265771534 ) ) ;
#989 = ORIENTED_EDGE ( 'NONE', *, *, #4444, .T. ) ;
#990 = CARTESIAN_POINT ( 'NONE',  ( -1.621038529685960405, 0.08960018990708257247, 0.2113074768880796039 ) ) ;
#991 = ADVANCED_FACE ( 'NONE', ( #3251 ), #4713, .T. ) ;
#992 = CARTESIAN_POINT ( 'NONE',  ( -1.624326320599282614, 0.1031714939717090912, 0.8365508297416762717 ) ) ;
#993 = CARTESIAN_POINT ( 'NONE',  ( 0.9643660033135901255, 0.06768328392636441260, 0.7989704143114210178 ) ) ;
#994 = CARTESIAN_POINT ( 'NONE',  ( -0.3925441831547791804, 0.05920693847686206435, -0.8093954168942409932 ) ) ;
#995 = CARTESIAN_POINT ( 'NONE',  ( -0.9247960157595667141, 0.02381372425704559800, 0.7115923965397540352 ) ) ;
#996 = CARTESIAN_POINT ( 'NONE',  ( -1.464461969369377226, 0.05823850890301681543, 0.8860344361086642806 ) ) ;
#997 = CARTESIAN_POINT ( 'NONE',  ( 1.521146788383937576, -3.811648262644351526E-18, -0.7818235363158761997 ) ) ;
#998 = CARTESIAN_POINT ( 'NONE',  ( 0.01498204573924244443, 0.002887014083468471531, -0.7180493522472944923 ) ) ;
#999 = AXIS2_PLACEMENT_3D ( 'NONE', #1263, #905, #4556 ) ;
#1000 = EDGE_LOOP ( 'NONE', ( #1905, #1503 ) ) ;
#1001 = CARTESIAN_POINT ( 'NONE',  ( -1.607455816845220653, 0.05920693847686203659, 0.2156045831057583073 ) ) ;
#1002 = CARTESIAN_POINT ( 'NONE',  ( 0.9363204981466080046, 0.04223057456743002647, 0.7756225028373815444 ) ) ;
#1003 = CARTESIAN_POINT ( 'NONE',  ( -0.9931764636841757810, -5.646886315028648384E-18, 0.7086467883837753723 ) ) ;
#1004 = AXIS2_PLACEMENT_3D ( 'NONE', #4220, #3541, #3861 ) ;
#1005 = CARTESIAN_POINT ( 'NONE',  ( -1.588656847873745726, 0.03673881755900852003, -0.8033899379364224380 ) ) ;
#1006 = CARTESIAN_POINT ( 'NONE',  ( -0.4384535748734230687, 0.01509841972869553975, 0.7947294162630367254 ) ) ;
#1007 = ORIENTED_EDGE ( 'NONE', *, *, #2771, .T. ) ;
#1008 = CARTESIAN_POINT ( 'NONE',  ( 0.0001000400320319994735, -1.355252715606880543E-17, 0.6876000400320320116 ) ) ;
#1009 = CARTESIAN_POINT ( 'NONE',  ( -0.06619493888185257191, 0.02117201403232512116, 0.7350999711843846374 ) ) ;
#1010 = CARTESIAN_POINT ( 'NONE',  ( 1.024114564146769712, 0.02520750528233653767, 0.7629503710100520308 ) ) ;
#1011 = AXIS2_PLACEMENT_3D ( 'NONE', #2807, #4212, #4161 ) ;
#1012 = CARTESIAN_POINT ( 'NONE',  ( 1.519738385849948692, 0.002734742325116063053, -0.8025300482400372637 ) ) ;
#1013 = CARTESIAN_POINT ( 'NONE',  ( -0.5422021246450599019, 4.658681209898650016E-17, -0.7885497760532335088 ) ) ;
#1014 = COLOUR_RGB ( '',0.000000000000000000, 0.000000000000000000, 0.000000000000000000 ) ;
#1015 = CARTESIAN_POINT ( 'NONE',  ( -1.107455816845221097, 0.05920693847686204353, -0.7218954168942409710 ) ) ;
#1016 = CARTESIAN_POINT ( 'NONE',  ( -0.9694506477527056187, 0.002887014083468451148, -0.7024820457392424444 ) ) ;
#1017 = ORIENTED_EDGE ( 'NONE', *, *, #168, .F. ) ;
#1018 = CARTESIAN_POINT ( 'NONE',  ( -1.531438972583335945, 0.04590871196975503804, 0.8732011765805183234 ) ) ;
#1019 = CARTESIAN_POINT ( 'NONE',  ( -0.5475999711843848594, 0.02117201403232578383, 0.8411949388818529272 ) ) ;
#1020 = CARTESIAN_POINT ( 'NONE',  ( 1.378960308302610960, 0.08960415999796045305, -0.8136925755460402421 ) ) ;
#1021 = CARTESIAN_POINT ( 'NONE',  ( -0.1158392868068340992, 0.1200000000000001066, 0.7718688659948790276 ) ) ;
#1022 = CARTESIAN_POINT ( 'NONE',  ( -0.9025117729005813771, 0.05540140092753940981, 0.7581695884394334950 ) ) ;
#1023 = CARTESIAN_POINT ( 'NONE',  ( -1.499899959967968321, 0.1250000000000000000, -0.8149999999999999467 ) ) ;
#1024 = B_SPLINE_SURFACE_WITH_KNOTS ( 'NONE', 3, 3, ( 
 ( #1569, #1865, #1127, #3385, #2241, #2585 ),
 ( #3310, #1152, #2634, #2955, #4043, #776 ),
 ( #1518, #2978, #796, #3719, #1201, #437 ),
 ( #4093, #1889, #3356, #91, #821, #2264 ),
 ( #3741, #112, #4469, #843, #2290, #2318 ),
 ( #2704, #3782, #1251, #4521, #161, #867 ),
 ( #511, #1958, #3431, #1617, #3076, #4384 ),
 ( #363, #1032, #1768, #1458, #756, #2617 ),
 ( #4167, #2739, #1332, #3810, #2789, #2687 ),
 ( #571, #2322, #538, #1304, #4218, #1451 ) ),
 .UNSPECIFIED., .F., .F., .F.,
 ( 4, 2, 2, 2, 4 ),
 ( 4, 2, 4 ),
 ( 0.000000000000000000, 0.2500000000000000000, 0.5000000000000000000, 0.7500000000000000000, 1.000000000000000000 ),
 ( 0.000000000000000000, 0.5000000000000000000, 1.000000000000000000 ),
 .UNSPECIFIED. ) ;
#1025 = CARTESIAN_POINT ( 'NONE',  ( -1.500000000000000000, 0.000000000000000000, -0.2498999599679679051 ) ) ;
#1026 = FILL_AREA_STYLE ('',( #2106 ) ) ;
#1027 = DIRECTION ( 'NONE',  ( 1.000000000000000000, 0.000000000000000000, -0.000000000000000000 ) ) ;
#1028 = EDGE_LOOP ( 'NONE', ( #1185, #4512, #4565, #1534 ) ) ;
#1029 = CARTESIAN_POINT ( 'NONE',  ( -1.547482996653646525, 0.04345662036820494012, 0.1537911840996042390 ) ) ;
#1030 = CARTESIAN_POINT ( 'NONE',  ( 1.384160713193165693, 0.1200000000000001066, -0.8593688659948789388 ) ) ;
#1031 = CARTESIAN_POINT ( 'NONE',  ( -1.570669588439432163, 0.05540140092753926410, -0.1525117729005825151 ) ) ;
#1032 = CARTESIAN_POINT ( 'NONE',  ( 1.030549352247294381, 0.002887014083468451148, -0.7024820457392424444 ) ) ;
#1033 = CARTESIAN_POINT ( 'NONE',  ( -1.375639429265356872, 0.1040270620709142918, -0.2102042690974171013 ) ) ;
#1034 = EDGE_LOOP ( 'NONE', ( #3475, #3769, #4053 ) ) ;
#1035 = CARTESIAN_POINT ( 'NONE',  ( 0.01381641076580271063, -1.208073086881604244E-17, 0.6974168272161791471 ) ) ;
#1036 = FACE_OUTER_BOUND ( 'NONE', #1169, .T. ) ;
#1037 = CARTESIAN_POINT ( 'NONE',  ( -1.124360570734643128, 0.1040270620709143057, 0.7272957309025823713 ) ) ;
#1038 = CARTESIAN_POINT ( 'NONE',  ( -1.047482996653644305, 0.04345662036820483604, -0.7837088159003960941 ) ) ;
#1039 = CYLINDRICAL_SURFACE ( 'NONE', #1827, 0.1250000000000000000 ) ;
#1040 = VERTEX_POINT ( 'NONE', #3855 ) ;
#1041 = CARTESIAN_POINT ( 'NONE',  ( -1.468561027416663611, 0.04590871196975498947, -0.8732011765805184345 ) ) ;
#1042 = ADVANCED_FACE ( 'NONE', ( #3536 ), #645, .T. ) ;
#1043 = CARTESIAN_POINT ( 'NONE',  ( -1.615839286806833863, 0.1200000000000000927, 0.8593688659948788278 ) ) ;
#1044 = CARTESIAN_POINT ( 'NONE',  ( -0.5706695884394327178, 0.05540140092753999962, 0.8724882270994179789 ) ) ;
#1045 = CARTESIAN_POINT ( 'NONE',  ( -1.550000000000000266, 0.6380000000000000115, -0.7750000000000000222 ) ) ;
#1046 = CARTESIAN_POINT ( 'NONE',  ( -0.8799354411224130645, 0.08648253317408588492, 0.7473734653053852872 ) ) ;
#1047 = CARTESIAN_POINT ( 'NONE',  ( -1.429330411560568725, 0.05540140092753972206, 0.1525117729005810718 ) ) ;
#1048 = CARTESIAN_POINT ( 'NONE',  ( -0.5400000000000001465, 0.1200000000000000927, -0.9000000000000001332 ) ) ;
#1049 = CARTESIAN_POINT ( 'NONE',  ( -1.088656847873562983, 0.03673881755883302846, -0.7158899379363413695 ) ) ;
#1050 = CARTESIAN_POINT ( 'NONE',  ( -0.6250000000000000000, 0.1200000000000000927, 0.8149999999999993916 ) ) ;
#1051 = ORIENTED_EDGE ( 'NONE', *, *, #3439, .F. ) ;
#1052 = CARTESIAN_POINT ( 'NONE',  ( 1.427188925721785795, 0.02205258410723267420, -0.8107172485160175635 ) ) ;
#1053 = CARTESIAN_POINT ( 'NONE',  ( 1.500100040032032123, 1.355252715606880543E-17, 0.7751000400320319228 ) ) ;
#1054 = CARTESIAN_POINT ( 'NONE',  ( 0.9338050611181474281, 0.02117201403232512116, 0.7350999711843846374 ) ) ;
#1055 = CARTESIAN_POINT ( 'NONE',  ( -1.531438972583336611, 0.04590871196975501028, -0.1517988234194817265 ) ) ;
#1056 = CARTESIAN_POINT ( 'NONE',  ( -1.614994221502618732, 0.1027437099221060468, -0.8584783298968282628 ) ) ;
#1057 = CARTESIAN_POINT ( 'NONE',  ( 0.5052069017433536979, -1.257365766455156492E-17, -0.7910861919935409103 ) ) ;
#1058 = VERTEX_POINT ( 'NONE', #3630 ) ;
#1059 = CARTESIAN_POINT ( 'NONE',  ( -1.625000000000000000, 0.1200000000000000927, -0.8149999999999999467 ) ) ;
#1060 = CARTESIAN_POINT ( 'NONE',  ( -0.05369755209506878180, 0.01331992622116266560, 0.7260252082731135648 ) ) ;
#1061 = CARTESIAN_POINT ( 'NONE',  ( 0.5068235363160443763, -4.764560328305439407E-18, 0.7961467883844641769 ) ) ;
#1062 = CARTESIAN_POINT ( 'NONE',  ( -1.120064558877586158, 0.08648253317408433061, 0.7473734653053881738 ) ) ;
#1063 = CARTESIAN_POINT ( 'NONE',  ( -0.9384491702583227513, 0.1031714939717088830, -0.8118263205992825027 ) ) ;
#1064 = CARTESIAN_POINT ( 'NONE',  ( -1.559282619573153283, 0.01391275739034059968, 0.8040020050177357769 ) ) ;
#1065 = CARTESIAN_POINT ( 'NONE',  ( -0.5305493522472940482, 0.002887014083468305431, 0.7899820457392416895 ) ) ;
#1066 = CARTESIAN_POINT ( 'NONE',  ( 1.125000000000000000, 0.1200000000000001343, -0.7498154507300613947 ) ) ;
#1067 = CYLINDRICAL_SURFACE ( 'NONE', #3454, 0.1250000000000000000 ) ;
#1068 = CARTESIAN_POINT ( 'NONE',  ( 1.539383947571366429, 0.005266798911793262039, -0.7874907548352575448 ) ) ;
#1069 = CARTESIAN_POINT ( 'NONE',  ( 0.5001000400320320116, 1.355252715606880543E-17, 0.7751000400320319228 ) ) ;
#1070 = B_SPLINE_CURVE_WITH_KNOTS ( 'NONE', 3,
 ( #4501, #2268, #898, #1921, #4433, #1551 ),
 .UNSPECIFIED., .F., .F.,
 ( 4, 2, 4 ),
 ( 0.000000000000000000, 0.5000000000000000000, 1.000000000000000000 ),
 .UNSPECIFIED. ) ;
#1071 = CARTESIAN_POINT ( 'NONE',  ( 1.438453574873423291, 0.01509841972869549985, -0.7947294162630368364 ) ) ;
#1072 = EDGE_CURVE ( 'NONE', #674, #1887, #897, .T. ) ;
#1073 = CARTESIAN_POINT ( 'NONE',  ( -0.4656045831057590845, 0.05920693847686203659, -0.8824558168452210083 ) ) ;
#1074 = CARTESIAN_POINT ( 'NONE',  ( -1.500100040032032345, -1.355252715606880543E-17, -0.2498999599679679051 ) ) ;
#1075 = CARTESIAN_POINT ( 'NONE',  ( -1.514982045739242889, 0.002887014083468442474, -0.8055493522472945145 ) ) ;
#1076 = STYLED_ITEM ( 'NONE', ( #1090 ), #1126 ) ;
#1077 = CARTESIAN_POINT ( 'NONE',  ( -0.3749999999999999445, 0.1200000000000000927, 0.8149999999999993916 ) ) ;
#1078 = EDGE_LOOP ( 'NONE', ( #2163, #2123 ) ) ;
#1079 = DIRECTION ( 'NONE',  ( 1.000000000000000000, 0.000000000000000000, -0.000000000000000000 ) ) ;
#1080 = EDGE_CURVE ( 'NONE', #151, #2170, #2173, .T. ) ;
#1081 = CARTESIAN_POINT ( 'NONE',  ( -1.500100040032032345, 0.1250000000000000000, 0.8149999999999999467 ) ) ;
#1082 = CARTESIAN_POINT ( 'NONE',  ( -1.513547032599718900, -2.446984069845770231E-18, 0.8171935367358403868 ) ) ;
#1083 = VECTOR ( 'NONE', #2344, 1000.000000000000000 ) ;
#1084 = FACE_OUTER_BOUND ( 'NONE', #1358, .T. ) ;
#1085 = VERTEX_POINT ( 'NONE', #3217 ) ;
#1086 = PLANE ( 'NONE',  #4045 ) ;
#1087 = STYLED_ITEM ( 'NONE', ( #3106 ), #4360 ) ;
#1088 = CARTESIAN_POINT ( 'NONE',  ( -1.596208815900396649, 0.04345662036820337193, 0.8224829966536444381 ) ) ;
#1089 = CARTESIAN_POINT ( 'NONE',  ( -0.5153595118331001368, 2.616814148484204694E-18, 0.7825603447338531637 ) ) ;
#1090 = PRESENTATION_STYLE_ASSIGNMENT (( #4355 ) ) ;
#1091 = CARTESIAN_POINT ( 'NONE',  ( -0.1250000000000001110, 0.1200000000000001205, 0.7498154507300613947 ) ) ;
#1092 = CARTESIAN_POINT ( 'NONE',  ( -0.03979573090258305135, 0.1040270620709143057, -0.8118605707346431277 ) ) ;
#1093 = CARTESIAN_POINT ( 'NONE',  ( -1.437684549269938605, 0.1200000000000001205, -0.1249999999999998890 ) ) ;
#1094 = CARTESIAN_POINT ( 'NONE',  ( -1.750000000000000222, 0.6380000000000000115, -0.9749999999999999778 ) ) ;
#1095 = DIRECTION ( 'NONE',  ( 0.000000000000000000, -1.000000000000000000, 0.000000000000000000 ) ) ;
#1096 = DIRECTION ( 'NONE',  ( 1.000000000000000000, 0.000000000000000000, 0.000000000000000000 ) ) ;
#1097 = CARTESIAN_POINT ( 'NONE',  ( 1.415631134005120861, 0.1200000000000001066, 0.8908392868068341075 ) ) ;
#1098 = ORIENTED_EDGE ( 'NONE', *, *, #208, .T. ) ;
#1099 = CARTESIAN_POINT ( 'NONE',  ( -0.5386925755460338916, 0.08960415999747287086, 0.8960396916972462877 ) ) ;
#1100 = CARTESIAN_POINT ( 'NONE',  ( -0.9156311340051213055, 0.1200000000000001066, 0.8033392868068343073 ) ) ;
#1101 = CARTESIAN_POINT ( 'NONE',  ( 0.04748299665364628247, 0.04345662036820454460, -0.7837088159003952059 ) ) ;
#1102 = PRESENTATION_STYLE_ASSIGNMENT (( #2928 ) ) ;
#1103 = CARTESIAN_POINT ( 'NONE',  ( -0.9614262039461359821, 0.08826611352744170857, -0.8080355139222832328 ) ) ;
#1104 = ORIENTED_EDGE ( 'NONE', *, *, #1426, .F. ) ;
#1105 = CARTESIAN_POINT ( 'NONE',  ( -1.489713331135163576, 0.003191557600172719930, -0.8069875290031306436 ) ) ;
#1106 = CARTESIAN_POINT ( 'NONE',  ( 1.407383432896269992, 0.04083945520484696251, -0.8046510485643927346 ) ) ;
#1107 = CARTESIAN_POINT ( 'NONE',  ( -1.385005778497380380, 0.1027437099221052835, 0.1665216701031717317 ) ) ;
#1108 = CARTESIAN_POINT ( 'NONE',  ( 0.5305493522472948253, 0.002887014083468036115, 0.7899820457392416895 ) ) ;
#1109 = CARTESIAN_POINT ( 'NONE',  ( -1.424796015759566270, 0.02381372425704560147, -0.2259076034602456595 ) ) ;
#1110 = CARTESIAN_POINT ( 'NONE',  ( 1.500100040032032123, 1.355252715606880543E-17, 0.7751000400320319228 ) ) ;
#1111 = CARTESIAN_POINT ( 'NONE',  ( -1.461426203946135205, 0.08826611352744170857, -0.8955355139222831440 ) ) ;
#1112 = CARTESIAN_POINT ( 'NONE',  ( 0.08436886599487869454, 0.1200000000000001343, -0.8033392868068341963 ) ) ;
#1113 = CARTESIAN_POINT ( 'NONE',  ( -1.563679501853391995, 0.04223057456742844440, -0.8631225028373833430 ) ) ;
#1114 = ORIENTED_EDGE ( 'NONE', *, *, #4508, .F. ) ;
#1115 = CARTESIAN_POINT ( 'NONE',  ( 0.9019926900911593437, 0.04717666425232598659, -0.7188632450239799132 ) ) ;
#1116 = CARTESIAN_POINT ( 'NONE',  ( -0.005206901743353819362, -1.257365766455157108E-17, 0.7035861919935405551 ) ) ;
#1117 = UNCERTAINTY_MEASURE_WITH_UNIT (LENGTH_MEASURE( 1.000000000000000082E-05 ), #1863, 'distance_accuracy_value', 'NONE');
#1118 = EDGE_CURVE ( 'NONE', #3890, #1525, #1294, .T. ) ;
#1119 = CARTESIAN_POINT ( 'NONE',  ( -1.000100040032032345, -1.355252715606880543E-17, 0.6876000400320320116 ) ) ;
#1120 = CARTESIAN_POINT ( 'NONE',  ( 0.5001000400320319006, -1.355252715606880543E-17, -0.7751000400320321448 ) ) ;
#1121 = CARTESIAN_POINT ( 'NONE',  ( -0.02838993793646426428, 0.03673881755909934321, 0.7761568478738400945 ) ) ;
#1122 = EDGE_CURVE ( 'NONE', #206, #2621, #2750, .T. ) ;
#1123 = DIRECTION ( 'NONE',  ( 0.000000000000000000, 0.000000000000000000, 1.000000000000000000 ) ) ;
#1124 = VERTEX_POINT ( 'NONE', #3270 ) ;
#1125 = EDGE_CURVE ( 'NONE', #1040, #1344, #3923, .T. ) ;
#1126 = MANIFOLD_SOLID_BREP ( 'Mirror1', #3533 ) ;
#1127 = CARTESIAN_POINT ( 'NONE',  ( 1.115839286806834085, 0.1200000000000001343, -0.7718688659948788056 ) ) ;
#1128 = CARTESIAN_POINT ( 'NONE',  ( -0.09748822709941995512, 0.05540140092753938206, -0.7581695884394333840 ) ) ;
#1129 = CARTESIAN_POINT ( 'NONE',  ( 1.124326320599282614, 0.1031714939717091467, 0.7490508297416779149 ) ) ;
#1130 = DIRECTION ( 'NONE',  ( -0.000000000000000000, 1.000000000000000000, -0.000000000000000000 ) ) ;
#1131 = CARTESIAN_POINT ( 'NONE',  ( 0.5399999999999993694, 0.1200000000000000927, 0.9000000000000000222 ) ) ;
#1132 = CARTESIAN_POINT ( 'NONE',  ( -0.3750000000000000555, 0.1200000000000000927, -0.8149999999999995026 ) ) ;
#1133 = CARTESIAN_POINT ( 'NONE',  ( 1.615839286806834307, 0.1200000000000000927, 0.8593688659948790498 ) ) ;
#1134 = CARTESIAN_POINT ( 'NONE',  ( 1.375000000000000000, 0.1200000000000000927, 0.8149999999999993916 ) ) ;
#1135 = FACE_OUTER_BOUND ( 'NONE', #1445, .T. ) ;
#1136 = ORIENTED_EDGE ( 'NONE', *, *, #2223, .T. ) ;
#1137 = CARTESIAN_POINT ( 'NONE',  ( 0.4247960157595662700, 0.02381372425704557719, -0.7990923965397537243 ) ) ;
#1138 = CARTESIAN_POINT ( 'NONE',  ( -0.4614262039461358711, 0.08826611352744172245, 0.8955355139222832550 ) ) ;
#1139 = CARTESIAN_POINT ( 'NONE',  ( 0.000000000000000000, 0.6380000000000000115, 0.000000000000000000 ) ) ;
#1140 = CARTESIAN_POINT ( 'NONE',  ( 0.9463024479049314541, 0.01331992622116300734, -0.7260252082731136758 ) ) ;
#1141 = CLOSED_SHELL ( 'NONE', ( #3627, #984, #2345, #1238, #1799, #3022, #350, #2215, #729, #263 ) ) ;
#1142 = FACE_OUTER_BOUND ( 'NONE', #25, .T. ) ;
#1143 = CARTESIAN_POINT ( 'NONE',  ( 0.5385252082731128986, 0.01331992622116195610, -0.8286975520950680130 ) ) ;
#1144 = CARTESIAN_POINT ( 'NONE',  ( -1.034383580342190800, 0.06057464461872701100, 0.7950322625810020138 ) ) ;
#1145 = MECHANICAL_DESIGN_GEOMETRIC_PRESENTATION_REPRESENTATION (  '', ( #2200 ), #4661 ) ;
#1146 = CARTESIAN_POINT ( 'NONE',  ( -0.03999999999999945266, 0.1250000000000000000, -0.6876000400320320116 ) ) ;
#1147 = CARTESIAN_POINT ( 'NONE',  ( -1.071068440705782443, 0.01984042254993969093, -0.7102716575631758955 ) ) ;
#1148 = CARTESIAN_POINT ( 'NONE',  ( 1.403791184099604905, 0.04345662036820579360, 0.8224829966536447712 ) ) ;
#1149 = ORIENTED_EDGE ( 'NONE', *, *, #724, .F. ) ;
#1150 = VECTOR ( 'NONE', #1719, 1000.000000000000000 ) ;
#1151 = CARTESIAN_POINT ( 'NONE',  ( -1.401798823419482032, 0.04590871196975501028, 0.8064389725833364109 ) ) ;
#1152 = CARTESIAN_POINT ( 'NONE',  ( 1.124326320599282614, 0.1031714939717076479, -0.7490508297416788031 ) ) ;
#1153 = EDGE_CURVE ( 'NONE', #4701, #2381, #4087, .T. ) ;
#1154 = CARTESIAN_POINT ( 'NONE',  ( -0.02753004824003826845, 0.002734742325114977550, -0.7072383858499478038 ) ) ;
#1155 = PRESENTATION_LAYER_ASSIGNMENT (  '', '', ( #1087 ) ) ;
#1156 = CARTESIAN_POINT ( 'NONE',  ( -0.9998999599679679884, 0.000000000000000000, 0.7274999999999993694 ) ) ;
#1157 = CARTESIAN_POINT ( 'NONE',  ( -1.485017954260757778, 0.002887014083467927261, -0.2194506477527054800 ) ) ;
#1158 = CARTESIAN_POINT ( 'NONE',  ( -0.4606160524286338487, 0.005266798911793261172, -0.7874907548352575448 ) ) ;
#1159 = DIRECTION ( 'NONE',  ( -1.000000000000000000, 0.000000000000000000, 0.000000000000000000 ) ) ;
#1160 = CARTESIAN_POINT ( 'NONE',  ( 1.624326320599282614, 0.1031714939717092994, 0.8365508297416762717 ) ) ;
#1161 = DIRECTION ( 'NONE',  ( -1.000000000000000000, 0.000000000000000000, 0.000000000000000000 ) ) ;
#1162 = VERTEX_POINT ( 'NONE', #330 ) ;
#1163 = CARTESIAN_POINT ( 'NONE',  ( -0.01972941626303685581, 0.01509841972869552587, 0.7490464251265771534 ) ) ;
#1164 = CARTESIAN_POINT ( 'NONE',  ( 0.000000000000000000, 0.1200000000000000511, 0.000000000000000000 ) ) ;
#1165 = CARTESIAN_POINT ( 'NONE',  ( -0.5752039842404335079, 0.02381372425704564311, 0.7990923965397539463 ) ) ;
#1166 = CARTESIAN_POINT ( 'NONE',  ( 0.09820117658051802367, 0.04590871196975502416, -0.7189389725833359446 ) ) ;
#1167 = CARTESIAN_POINT ( 'NONE',  ( -1.010286668864837090, 0.003191557600172710389, -0.7194875290031307324 ) ) ;
#1168 = CARTESIAN_POINT ( 'NONE',  ( 0.5962088159003958721, 0.04345662036820429480, -0.8224829966536467696 ) ) ;
#1169 = EDGE_LOOP ( 'NONE', ( #3366, #3530, #2133, #981 ) ) ;
#1170 = DIRECTION ( 'NONE',  ( 6.651547070463221357E-17, 0.000000000000000000, 1.000000000000000000 ) ) ;
#1171 = CARTESIAN_POINT ( 'NONE',  ( -1.598201176580518412, 0.04590871196975497559, -0.2185610274166635003 ) ) ;
#1172 = ORIENTED_EDGE ( 'NONE', *, *, #4714, .T. ) ;
#1173 = ADVANCED_FACE ( 'NONE', ( #3975 ), #2114, .T. ) ;
#1174 = CARTESIAN_POINT ( 'NONE',  ( -1.452400028815614696, 0.02117201403232546811, 0.1838050611181474281 ) ) ;
#1175 = CARTESIAN_POINT ( 'NONE',  ( 0.5001000400320320116, 0.000000000000000000, 0.8149999999999993916 ) ) ;
#1176 = CARTESIAN_POINT ( 'NONE',  ( 1.038525208273113565, 0.01331992622116179303, 0.7411975520950689900 ) ) ;
#1177 = B_SPLINE_CURVE_WITH_KNOTS ( 'NONE', 3,
 ( #232, #3168, #2448, #3459, #2338, #1325 ),
 .UNSPECIFIED., .F., .F.,
 ( 4, 2, 4 ),
 ( 0.000000000000000000, 0.5000000000000000000, 1.000000000000000000 ),
 .UNSPECIFIED. ) ;
#1178 = PLANE ( 'NONE',  #2208 ) ;
#1179 = LINE ( 'NONE', #420, #637 ) ;
#1180 = CARTESIAN_POINT ( 'NONE',  ( 0.4947930982566458580, 1.648913563062054390E-17, -0.7910861919935409103 ) ) ;
#1181 = EDGE_CURVE ( 'NONE', #2306, #4258, #3476, .T. ) ;
#1182 = CARTESIAN_POINT ( 'NONE',  ( -1.494793098256646191, -1.257365766455156029E-17, 0.7910861919935406883 ) ) ;
#1183 = CARTESIAN_POINT ( 'NONE',  ( -1.519729416263037036, 0.01509841972869553975, 0.1884535748734228744 ) ) ;
#1184 = CARTESIAN_POINT ( 'NONE',  ( -1.000000000000000000, 0.000000000000000000, 0.6876000400320320116 ) ) ;
#1185 = ORIENTED_EDGE ( 'NONE', *, *, #611, .T. ) ;
#1186 = CARTESIAN_POINT ( 'NONE',  ( 0.3925441831547790694, 0.05920693847686205047, -0.8093954168942409932 ) ) ;
#1187 = CARTESIAN_POINT ( 'NONE',  ( -0.007560344733852780719, -1.257226084456081451E-17, 0.7028595118331000258 ) ) ;
#1188 = ADVANCED_FACE ( 'NONE', ( #2511 ), #987, .T. ) ;
#1189 = CARTESIAN_POINT ( 'NONE',  ( 0.9017988234194813657, 0.04590871196975498253, -0.7189389725833359446 ) ) ;
#1190 = CARTESIAN_POINT ( 'NONE',  ( -1.465604583105758696, 0.05920693847686206435, 0.1425441831547791249 ) ) ;
#1191 = CARTESIAN_POINT ( 'NONE',  ( 0.0001000400320319994735, -1.355252715606880543E-17, -0.6876000400320320116 ) ) ;
#1192 = CARTESIAN_POINT ( 'NONE',  ( -1.007560344733852364, -2.416425537761359803E-17, -0.7028595118331005809 ) ) ;
#1193 = CARTESIAN_POINT ( 'NONE',  ( 0.5075603447338528085, -1.257226084456080834E-17, -0.7903595118331003810 ) ) ;
#1194 = ORIENTED_EDGE ( 'NONE', *, *, #2883, .F. ) ;
#1195 = CARTESIAN_POINT ( 'NONE',  ( 0.6249999999999998890, 0.1200000000000000927, -0.8149999999999995026 ) ) ;
#1196 = CARTESIAN_POINT ( 'NONE',  ( 1.416521670103171315, 0.1027437099221066991, 0.8899942215026188652 ) ) ;
#1197 = ORIENTED_EDGE ( 'NONE', *, *, #1072, .F. ) ;
#1198 = CARTESIAN_POINT ( 'NONE',  ( -1.401798823419482032, 0.04590871196975498947, 0.2185610274166635836 ) ) ;
#1199 = SURFACE_SIDE_STYLE ('',( #2288 ) ) ;
#1200 = CARTESIAN_POINT ( 'NONE',  ( -1.460000000000000187, 0.1200000000000000927, 0.9000000000000000222 ) ) ;
#1201 = CARTESIAN_POINT ( 'NONE',  ( 1.059873465305386508, 0.08648253317408537144, -0.8075645588775878236 ) ) ;
#1202 = CARTESIAN_POINT ( 'NONE',  ( 1.749999999999999778, 0.6380000000000000115, 0.9749999999999999778 ) ) ;
#1203 = CARTESIAN_POINT ( 'NONE',  ( -1.470997994982264689, 0.01391275739033955711, -0.8342826195731537497 ) ) ;
#1204 = CARTESIAN_POINT ( 'NONE',  ( -1.499899959967968321, -1.355252715606880543E-17, 0.7751000400320319228 ) ) ;
#1205 = MANIFOLD_SOLID_BREP ( 'LPattern1[4]', #2982 ) ;
#1206 = DIRECTION ( 'NONE',  ( 0.000000000000000000, 0.000000000000000000, 1.000000000000000000 ) ) ;
#1207 = ORIENTED_EDGE ( 'NONE', *, *, #4072, .T. ) ;
#1208 = CARTESIAN_POINT ( 'NONE',  ( -1.500000000000000222, 0.000000000000000000, 0.7751000400320319228 ) ) ;
#1209 = CARTESIAN_POINT ( 'NONE',  ( -0.3799354411224125649, 0.08648253317408531593, 0.8348734653053885291 ) ) ;
#1210 = CARTESIAN_POINT ( 'NONE',  ( 0.9599999999999999645, 0.1200000000000001205, -0.8125000000000000000 ) ) ;
#1211 = CARTESIAN_POINT ( 'NONE',  ( 1.749999999999999778, 0.1200000000000000511, 0.9749999999999999778 ) ) ;
#1212 = CARTESIAN_POINT ( 'NONE',  ( 0.6149942215026191761, 0.1027437099221062689, 0.8584783298968280407 ) ) ;
#1213 = CYLINDRICAL_SURFACE ( 'NONE', #1980, 0.1000000000000001582 ) ;
#1214 = EDGE_CURVE ( 'NONE', #2108, #553, #3697, .T. ) ;
#1215 = CARTESIAN_POINT ( 'NONE',  ( -0.6200645588775878236, 0.08648253317408516327, -0.8348734653053891952 ) ) ;
#1216 = ORIENTED_EDGE ( 'NONE', *, *, #3388, .T. ) ;
#1217 = CARTESIAN_POINT ( 'NONE',  ( 0.5982011765805181902, 0.04590871196975502416, -0.8064389725833360778 ) ) ;
#1218 = ORIENTED_EDGE ( 'NONE', *, *, #2556, .F. ) ;
#1219 = CARTESIAN_POINT ( 'NONE',  ( 1.584368865994878695, 0.1200000000000001066, -0.8908392868068344406 ) ) ;
#1220 = EDGE_LOOP ( 'NONE', ( #1955, #951, #1051 ) ) ;
#1221 = CARTESIAN_POINT ( 'NONE',  ( -1.392544183154779569, 0.05920693847686206435, 0.2156045831057584738 ) ) ;
#1222 = CARTESIAN_POINT ( 'NONE',  ( 1.521448566904211264, 0.01937058921003365769, 0.8422735846612269262 ) ) ;
#1223 = CARTESIAN_POINT ( 'NONE',  ( -1.392544183154779569, 0.05920693847686206435, 0.8093954168942415484 ) ) ;
#1224 = LINE ( 'NONE', #66, #4583 ) ;
#1225 = CIRCLE ( 'NONE', #3900, 0.1000000000000001582 ) ;
#1226 = VECTOR ( 'NONE', #382, 1000.000000000000000 ) ;
#1227 = CARTESIAN_POINT ( 'NONE',  ( 0.5982011765805181902, 0.04590871196975500335, 0.8064389725833359668 ) ) ;
#1228 = CARTESIAN_POINT ( 'NONE',  ( -1.468561027416663611, 0.04590871196975503804, -0.1517988234194816710 ) ) ;
#1229 = CARTESIAN_POINT ( 'NONE',  ( 0.4338050611181469840, 0.02117201403232531545, 0.8225999711843857698 ) ) ;
#1230 = STYLED_ITEM ( 'NONE', ( #3006 ), #2393 ) ;
#1231 = FACE_OUTER_BOUND ( 'NONE', #2493, .T. ) ;
#1232 = CARTESIAN_POINT ( 'NONE',  ( -0.3750000000000000555, 0.1200000000000000927, -0.8149999999999995026 ) ) ;
#1233 = EDGE_LOOP ( 'NONE', ( #3692, #652, #2689 ) ) ;
#1234 = CARTESIAN_POINT ( 'NONE',  ( 1.415631134005120417, 0.1200000000000001066, -0.8908392868068341075 ) ) ;
#1235 = CARTESIAN_POINT ( 'NONE',  ( -0.4017988234194818653, 0.04590871196975500335, 0.8064389725833359668 ) ) ;
#1236 = B_SPLINE_CURVE_WITH_KNOTS ( 'NONE', 3,
 ( #1983, #887, #1688, #563, #2701, #3507, #257, #2730, #2756, #1352 ),
 .UNSPECIFIED., .F., .F.,
 ( 4, 2, 2, 2, 4 ),
 ( 0.000000000000000000, 0.2500000000000000000, 0.5000000000000000000, 0.7500000000000000000, 1.000000000000000000 ),
 .UNSPECIFIED. ) ;
#1237 = CARTESIAN_POINT ( 'NONE',  ( 1.538573796053863907, 0.08826611352744168082, -0.8955355139222833660 ) ) ;
#1238 = ADVANCED_FACE ( 'NONE', ( #1755 ), #4640, .T. ) ;
#1239 = CARTESIAN_POINT ( 'NONE',  ( -1.539999999999999813, 0.000000000000000000, -0.2099999999999999090 ) ) ;
#1240 = CARTESIAN_POINT ( 'NONE',  ( -0.5357172485160194286, 0.02205258410723239665, -0.8478110742782134501 ) ) ;
#1241 = MANIFOLD_SOLID_BREP ( 'Fillet3', #1762 ) ;
#1242 = CARTESIAN_POINT ( 'NONE',  ( -1.432726415339944603, 0.01937058920927252348, -0.7964485669037654203 ) ) ;
#1243 = CARTESIAN_POINT ( 'NONE',  ( 1.060984282153735192, 0.01553916102156536506, -0.7069071659677143016 ) ) ;
#1244 = ADVANCED_FACE ( 'NONE', ( #2969 ), #1406, .T. ) ;
#1245 = CARTESIAN_POINT ( 'NONE',  ( 0.03999999999999923755, 0.1200000000000000927, -0.8125000000000000000 ) ) ;
#1246 = CARTESIAN_POINT ( 'NONE',  ( 1.464282751483982237, 0.02205258410723269155, 0.8478110742782141163 ) ) ;
#1247 = VERTEX_POINT ( 'NONE', #175 ) ;
#1248 = CARTESIAN_POINT ( 'NONE',  ( -1.571062247876665596, 0.01983447267218027554, 0.2272310858902086561 ) ) ;
#1249 = CARTESIAN_POINT ( 'NONE',  ( -1.516086191993541110, -1.061591868151706387E-17, 0.2447930982566459690 ) ) ;
#1250 = FACE_OUTER_BOUND ( 'NONE', #839, .T. ) ;
#1251 = CARTESIAN_POINT ( 'NONE',  ( 1.066194938881851018, 0.02117201403232600587, -0.7350999711843845263 ) ) ;
#1252 = CARTESIAN_POINT ( 'NONE',  ( -0.4037911840996041835, 0.04345662036820429480, -0.8224829966536467696 ) ) ;
#1253 = CARTESIAN_POINT ( 'NONE',  ( -0.8756394292653569833, 0.1040270620709143057, 0.7272957309025823713 ) ) ;
#1254 = CARTESIAN_POINT ( 'NONE',  ( -1.490083172783821297, -1.249638911117696843E-17, -0.7888164107658034441 ) ) ;
#1255 = CARTESIAN_POINT ( 'NONE',  ( -1.375000000000000444, 0.1200000000000000511, 0.8615118232240449592 ) ) ;
#1256 = CARTESIAN_POINT ( 'NONE',  ( 0.4271889257217854619, 0.02205258410723177562, 0.8107172485160191178 ) ) ;
#1257 = CARTESIAN_POINT ( 'NONE',  ( 0.4599999999999999090, 0.1200000000000000927, -0.9000000000000001332 ) ) ;
#1258 = ORIENTED_EDGE ( 'NONE', *, *, #113, .T. ) ;
#1259 = CARTESIAN_POINT ( 'NONE',  ( 1.437684549269937939, 0.1200000000000001205, -0.9000000000000001332 ) ) ;
#1260 = CARTESIAN_POINT ( 'NONE',  ( 0.8850057784973821562, 0.1027437099221048949, 0.7709783298968313492 ) ) ;
#1261 = CARTESIAN_POINT ( 'NONE',  ( 0.9998999599679677663, -2.710505431213761085E-17, -0.6876000400320320116 ) ) ;
#1262 = CARTESIAN_POINT ( 'NONE',  ( -1.084368865994879361, 0.1200000000000001205, -0.8033392868068338633 ) ) ;
#1263 = CARTESIAN_POINT ( 'NONE',  ( 0.000000000000000000, 0.1200000000000000511, 0.000000000000000000 ) ) ;
#1264 = CARTESIAN_POINT ( 'NONE',  ( -0.5661949388818530160, 0.02117201403232606832, -0.8225999711843839934 ) ) ;
#1265 = ORIENTED_EDGE ( 'NONE', *, *, #425, .F. ) ;
#1266 = CARTESIAN_POINT ( 'NONE',  ( 0.1200645588775869216, 0.08648253317408588492, 0.7473734653053852872 ) ) ;
#1267 = CARTESIAN_POINT ( 'NONE',  ( 1.082616342841980828, 0.03105724883127840286, -0.7139504745882938597 ) ) ;
#1268 = CARTESIAN_POINT ( 'NONE',  ( -1.424546209354077053, 0.02521010545002651954, 0.2258840641268617111 ) ) ;
#1269 = DIRECTION ( 'NONE',  ( 0.000000000000000000, -1.000000000000000000, 0.000000000000000000 ) ) ;
#1270 = EDGE_CURVE ( 'NONE', #3492, #3704, #2147, .T. ) ;
#1271 = EDGE_LOOP ( 'NONE', ( #2995, #658, #1850 ) ) ;
#1272 = CARTESIAN_POINT ( 'NONE',  ( -1.625000000000000000, 0.1200000000000000927, 0.2099999999999999090 ) ) ;
#1273 = DIRECTION ( 'NONE',  ( 0.000000000000000000, 0.000000000000000000, 1.000000000000000000 ) ) ;
#1274 = FACE_OUTER_BOUND ( 'NONE', #2875, .T. ) ;
#1275 = CARTESIAN_POINT ( 'NONE',  ( -0.4850179542607579442, 0.002887014083468545690, -0.8055493522472949586 ) ) ;
#1276 = EDGE_CURVE ( 'NONE', #1590, #1923, #4207, .T. ) ;
#1277 = CARTESIAN_POINT ( 'NONE',  ( -1.125000000000000222, 0.1200000000000000927, 0.7274999999999993694 ) ) ;
#1278 = CARTESIAN_POINT ( 'NONE',  ( -1.452400028815615141, 0.02117201403232536056, -0.8411949388818514839 ) ) ;
#1279 = B_SPLINE_SURFACE_WITH_KNOTS ( 'NONE', 3, 3, ( 
 ( #3521, #2390, #554, #525, #3115, #2023 ),
 ( #4251, #3796, #2695, #583, #201, #1658 ),
 ( #1633, #880, #2307, #908, #1266, #2333 ),
 ( #1951, #4178, #248, #4536, #3141, #4560 ),
 ( #1289, #152, #3869, #1317, #1975, #3501 ),
 ( #2776, #2414, #2043, #3775, #4513, #605 ),
 ( #1608, #2722, #3162, #4612, #3477, #3063 ),
 ( #3448, #2748, #177, #4204, #2358, #3824 ),
 ( #2002, #4633, #2141, #1035, #1391, #700 ),
 ( #2904, #4658, #343, #1008, #1365, #3966 ) ),
 .UNSPECIFIED., .F., .F., .F.,
 ( 4, 2, 2, 2, 4 ),
 ( 4, 2, 4 ),
 ( 0.000000000000000000, 0.2500000000000000000, 0.5000000000000000000, 0.7500000000000000000, 1.000000000000000000 ),
 ( 0.000000000000000000, 0.5000000000000000000, 1.000000000000000000 ),
 .UNSPECIFIED. ) ;
#1280 = CARTESIAN_POINT ( 'NONE',  ( 0.4998999599679679884, 0.000000000000000000, 0.7751000400320319228 ) ) ;
#1281 = EDGE_LOOP ( 'NONE', ( #3317, #3846, #3021 ) ) ;
#1282 = CARTESIAN_POINT ( 'NONE',  ( 1.416521670103168207, 0.1027437099221048949, -0.8899942215026177550 ) ) ;
#1283 = CARTESIAN_POINT ( 'NONE',  ( 0.8749999999999998890, 0.1200000000000001205, 0.7274999999999993694 ) ) ;
#1284 = CARTESIAN_POINT ( 'NONE',  ( 0.9998999599679677663, -2.710505431213761085E-17, -0.6876000400320320116 ) ) ;
#1285 = CARTESIAN_POINT ( 'NONE',  ( -1.125000000000000222, 0.1200000000000000927, -0.7274999999999992584 ) ) ;
#1286 = CARTESIAN_POINT ( 'NONE',  ( -0.6250000000000001110, 0.1200000000000000927, -0.8149999999999996136 ) ) ;
#1287 = ORIENTED_EDGE ( 'NONE', *, *, #1825, .T. ) ;
#1288 = MANIFOLD_SOLID_BREP ( 'LPattern1[3]', #2841 ) ;
#1289 = CARTESIAN_POINT ( 'NONE',  ( 0.03143897258333597927, 0.04590871196975503110, 0.7857011765805180792 ) ) ;
#1290 = PLANE ( 'NONE',  #1393 ) ;
#1291 = CARTESIAN_POINT ( 'NONE',  ( 1.596208815900395761, 0.04345662036820429480, -0.8224829966536467696 ) ) ;
#1292 = CARTESIAN_POINT ( 'NONE',  ( 1.053697552095069101, 0.01331992622116176007, 0.7260252082731131207 ) ) ;
#1293 = ORIENTED_EDGE ( 'NONE', *, *, #345, .F. ) ;
#1294 = B_SPLINE_CURVE_WITH_KNOTS ( 'NONE', 3,
 ( #2862, #1739, #3952, #1817, #1066, #2913 ),
 .UNSPECIFIED., .F., .F.,
 ( 4, 2, 4 ),
 ( 0.000000000000000000, 0.5000000000000000000, 1.000000000000000000 ),
 .UNSPECIFIED. ) ;
#1295 = SURFACE_STYLE_USAGE ( .BOTH. , #4566 ) ;
#1296 = PLANE ( 'NONE',  #2207 ) ;
#1297 = VECTOR ( 'NONE', #1821, 1000.000000000000000 ) ;
#1298 = CARTESIAN_POINT ( 'NONE',  ( -0.4998999599679680994, -1.355252715606880543E-17, -0.7751000400320321448 ) ) ;
#1299 = FACE_OUTER_BOUND ( 'NONE', #2084, .T. ) ;
#1300 = CARTESIAN_POINT ( 'NONE',  ( -1.437684549269938605, 0.1200000000000001205, -0.1249999999999998890 ) ) ;
#1301 = AXIS2_PLACEMENT_3D ( 'NONE', #3098, #3482, #373 ) ;
#1302 = CARTESIAN_POINT ( 'NONE',  ( 0.5754503710101805947, 0.02520750528243441424, -0.7991145641468214711 ) ) ;
#1303 = EDGE_CURVE ( 'NONE', #1564, #1585, #1424, .T. ) ;
#1304 = CARTESIAN_POINT ( 'NONE',  ( 1.000100040032032123, -1.355252715606880543E-17, -0.6876000400320320116 ) ) ;
#1305 = CARTESIAN_POINT ( 'NONE',  ( 0.4724699517599639242, 0.002734742325116212239, 0.7947383858499487141 ) ) ;
#1306 = CARTESIAN_POINT ( 'NONE',  ( 0.5881225028373823216, 0.04223057456742959626, 0.8386795018533927948 ) ) ;
#1307 = AXIS2_PLACEMENT_3D ( 'NONE', #570, #971, #3809 ) ;
#1308 = B_SPLINE_CURVE_WITH_KNOTS ( 'NONE', 3,
 ( #3698, #2660, #534, #1621, #3078, #1989, #3050, #846, #4214, #2320, #2685, #3462 ),
 .UNSPECIFIED., .F., .F.,
 ( 4, 2, 2, 2, 2, 4 ),
 ( 0.000000000000000000, 0.2500000000000007772, 0.3750000000000009437, 0.4375000000000009992, 0.5000000000000011102, 1.000000000000000000 ),
 .UNSPECIFIED. ) ;
#1309 = CARTESIAN_POINT ( 'NONE',  ( 0.4686367549760246942, 0.04717666425203761310, 0.8730073099086073096 ) ) ;
#1310 = ORIENTED_EDGE ( 'NONE', *, *, #1956, .T. ) ;
#1311 = CARTESIAN_POINT ( 'NONE',  ( 0.4900831727838210750, 1.373694215623795056E-17, -0.7888164107658034441 ) ) ;
#1312 = CARTESIAN_POINT ( 'NONE',  ( -0.4998999599679679884, 1.355252715606880543E-17, 0.7751000400320319228 ) ) ;
#1313 = CARTESIAN_POINT ( 'NONE',  ( 0.9839138080064591119, -2.612618482062037496E-17, -0.6927069017433538090 ) ) ;
#1314 = DIRECTION ( 'NONE',  ( -0.000000000000000000, -0.000000000000000000, -1.000000000000000000 ) ) ;
#1315 = CARTESIAN_POINT ( 'NONE',  ( -0.5385737960538650171, 0.08826611352744176409, -0.8955355139222833660 ) ) ;
#1316 = AXIS2_PLACEMENT_3D ( 'NONE', #1903, #1631, #199 ) ;
#1317 = CARTESIAN_POINT ( 'NONE',  ( 0.08812250283738311263, 0.04223057456743015831, 0.7511795018533917734 ) ) ;
#1318 = CARTESIAN_POINT ( 'NONE',  ( 1.039795730902582260, 0.1040270620709143057, -0.8118605707346431277 ) ) ;
#1319 = CARTESIAN_POINT ( 'NONE',  ( 1.516086191993540666, -1.095533213503431812E-17, -0.7802069017433540532 ) ) ;
#1320 = CARTESIAN_POINT ( 'NONE',  ( 0.4017988234194819763, 0.04590871196975504498, 0.8064389725833360778 ) ) ;
#1321 = CARTESIAN_POINT ( 'NONE',  ( 1.470997994982264911, 0.01391275739033955364, 0.8342826195731534167 ) ) ;
#1322 = CARTESIAN_POINT ( 'NONE',  ( 1.027530048240036464, 0.002734742325116205301, 0.7072383858499483589 ) ) ;
#1323 =( NAMED_UNIT ( * ) SI_UNIT ( $, .STERADIAN. ) SOLID_ANGLE_UNIT ( ) );
#1324 = ORIENTED_EDGE ( 'NONE', *, *, #1181, .F. ) ;
#1325 = CARTESIAN_POINT ( 'NONE',  ( 0.3750000000000000000, 0.1200000000000000927, 0.8149999999999993916 ) ) ;
#1326 = CARTESIAN_POINT ( 'NONE',  ( -1.527530048240037575, 0.002734742325114673540, 0.2302616141500501423 ) ) ;
#1327 = CARTESIAN_POINT ( 'NONE',  ( 0.9601919321116260120, 0.1049917596721290231, 0.8118991895461085129 ) ) ;
#1328 = CARTESIAN_POINT ( 'NONE',  ( -0.3850057784973821007, 0.1027437099221038819, -0.8584783298968323706 ) ) ;
#1329 = CARTESIAN_POINT ( 'NONE',  ( -0.8889026971120660425, 0.08559074299740726532, 0.7683816190609072949 ) ) ;
#1330 = CARTESIAN_POINT ( 'NONE',  ( 0.8749999999999998890, 0.1200000000000000927, 0.7274999999999993694 ) ) ;
#1331 = CARTESIAN_POINT ( 'NONE',  ( -1.500000000000000222, 0.000000000000000000, -0.7751000400320319228 ) ) ;
#1332 = CARTESIAN_POINT ( 'NONE',  ( 1.013816410765803200, -1.110046455730801917E-17, -0.6974168272161791471 ) ) ;
#1333 = DIRECTION ( 'NONE',  ( -6.651547070463221357E-17, 0.000000000000000000, -1.000000000000000000 ) ) ;
#1334 = CARTESIAN_POINT ( 'NONE',  ( 0.5343954168942409710, 0.05920693847686205741, 0.8824558168452206752 ) ) ;
#1335 = ORIENTED_EDGE ( 'NONE', *, *, #1683, .T. ) ;
#1336 = CARTESIAN_POINT ( 'NONE',  ( -1.614994221502617400, 0.1027437099221082117, 0.1665216701031731195 ) ) ;
#1337 = CARTESIAN_POINT ( 'NONE',  ( 1.559282619573153283, 0.01391275739034006885, 0.8040020050177361099 ) ) ;
#1338 = ADVANCED_FACE ( 'NONE', ( #4610 ), #1416, .F. ) ;
#1339 = CARTESIAN_POINT ( 'NONE',  ( 0.9525170033463526975, 0.04345662036820450991, 0.7837088159003950949 ) ) ;
#1340 = CARTESIAN_POINT ( 'NONE',  ( -1.615839286806833863, 0.1200000000000000927, -0.1656311340051209169 ) ) ;
#1341 = CARTESIAN_POINT ( 'NONE',  ( -1.379464486077716767, 0.08826611352744170857, -0.2114262039461352050 ) ) ;
#1342 = CARTESIAN_POINT ( 'NONE',  ( -0.03979573090258305135, 0.1040270620709143057, -0.8118605707346431277 ) ) ;
#1343 = CARTESIAN_POINT ( 'NONE',  ( -0.3925441831547792360, 0.05920693847686205047, 0.8093954168942411043 ) ) ;
#1344 = VERTEX_POINT ( 'NONE', #2798 ) ;
#1345 = CARTESIAN_POINT ( 'NONE',  ( -1.460616052429335232, 0.005266798911563194338, -0.7874907548350238429 ) ) ;
#1346 = CARTESIAN_POINT ( 'NONE',  ( 1.039383947571602240, 0.005266798911870655860, -0.6999907548353357933 ) ) ;
#1347 = CARTESIAN_POINT ( 'NONE',  ( 1.505206901743353809, -1.257365766455156492E-17, -0.7910861919935409103 ) ) ;
#1348 = CARTESIAN_POINT ( 'NONE',  ( -1.010286668864837090, 0.003191557600172719930, 0.7194875290031306214 ) ) ;
#1349 = CARTESIAN_POINT ( 'NONE',  ( 1.483913808006459112, 2.597195021034514269E-18, 0.7802069017433539422 ) ) ;
#1350 = CARTESIAN_POINT ( 'NONE',  ( -0.9600000000000007416, 0.1200000000000000927, 0.8125000000000000000 ) ) ;
#1351 = EDGE_LOOP ( 'NONE', ( #183, #3325, #2487 ) ) ;
#1352 = CARTESIAN_POINT ( 'NONE',  ( -0.5000000000000001110, 0.000000000000000000, -0.7751000400320320338 ) ) ;
#1353 = CARTESIAN_POINT ( 'NONE',  ( 0.9613074244539765445, 0.08960415999668461251, 0.8085396916970156722 ) ) ;
#1354 = CARTESIAN_POINT ( 'NONE',  ( -0.3750000000000001110, 0.1200000000000001205, -0.8149999999999996136 ) ) ;
#1355 = CARTESIAN_POINT ( 'NONE',  ( -0.9924396552661471915, -1.061172822154476950E-17, 0.7028595118331004699 ) ) ;
#1356 = CARTESIAN_POINT ( 'NONE',  ( -1.375000000000000444, 0.1200000000000000927, 0.8149999999999999467 ) ) ;
#1357 = CARTESIAN_POINT ( 'NONE',  ( 0.0001000400320319994735, -1.355252715606880543E-17, -0.6876000400320320116 ) ) ;
#1358 = EDGE_LOOP ( 'NONE', ( #2513, #1007, #4324 ) ) ;
#1359 = CARTESIAN_POINT ( 'NONE',  ( -1.561550829741676027, 0.1031714939717086194, 0.1256736794007173863 ) ) ;
#1360 = CARTESIAN_POINT ( 'NONE',  ( -0.4897133311351636875, 0.003191557600172719930, -0.8069875290031306436 ) ) ;
#1361 = B_SPLINE_CURVE_WITH_KNOTS ( 'NONE', 3,
 ( #4209, #1714, #940, #988, #1662, #4182, #3120, #1815, #1469, #4683 ),
 .UNSPECIFIED., .F., .F.,
 ( 4, 2, 2, 2, 4 ),
 ( 0.000000000000000000, 0.2500000000000000000, 0.5000000000000000000, 0.7500000000000000000, 1.000000000000000000 ),
 .UNSPECIFIED. ) ;
#1362 = CARTESIAN_POINT ( 'NONE',  ( 0.6249999999999998890, 0.1200000000000001205, -0.8373154507300616389 ) ) ;
#1363 = CARTESIAN_POINT ( 'NONE',  ( 0.8749999999999998890, 0.1200000000000000927, 0.7274999999999993694 ) ) ;
#1364 = ORIENTED_EDGE ( 'NONE', *, *, #2383, .F. ) ;
#1365 = CARTESIAN_POINT ( 'NONE',  ( 0.0001000400320319994735, -1.355252715606880543E-17, 0.6876000400320320116 ) ) ;
#1366 = CARTESIAN_POINT ( 'NONE',  ( -0.06367950185339203706, 0.04223057456743002647, 0.7756225028373815444 ) ) ;
#1367 = CARTESIAN_POINT ( 'NONE',  ( 1.039616065864601868, 0.08997805252430741974, 0.8112981602442712603 ) ) ;
#1368 = EDGE_CURVE ( 'NONE', #217, #2237, #1591, .T. ) ;
#1369 = CARTESIAN_POINT ( 'NONE',  ( 1.529002005017734866, 0.01391275739033955190, -0.8342826195731534167 ) ) ;
#1370 = CARTESIAN_POINT ( 'NONE',  ( -1.005206901743353809, -1.257365766455157108E-17, 0.7035861919935405551 ) ) ;
#1371 = CARTESIAN_POINT ( 'NONE',  ( -1.105983262320119564, 0.05666991344397989683, -0.7400382042656256099 ) ) ;
#1372 = B_SPLINE_CURVE_WITH_KNOTS ( 'NONE', 3,
 ( #1845, #735, #69, #3009, #754, #4047, #4454, #2918, #1180, #2981 ),
 .UNSPECIFIED., .F., .F.,
 ( 4, 2, 2, 2, 4 ),
 ( 0.000000000000000000, 0.2500000000000000000, 0.5000000000000000000, 0.7500000000000000000, 1.000000000000000000 ),
 .UNSPECIFIED. ) ;
#1373 = CARTESIAN_POINT ( 'NONE',  ( -0.9401265346946137136, 0.08648253317408537144, -0.8075645588775878236 ) ) ;
#1374 = VERTEX_POINT ( 'NONE', #3593 ) ;
#1375 = B_SPLINE_CURVE_WITH_KNOTS ( 'NONE', 3,
 ( #2525, #4383, #1112, #2088, #4676, #292 ),
 .UNSPECIFIED., .F., .F.,
 ( 4, 2, 4 ),
 ( 0.000000000000000000, 0.5000000000000000000, 1.000000000000000000 ),
 .UNSPECIFIED. ) ;
#1376 = CARTESIAN_POINT ( 'NONE',  ( -1.570669588439433717, 0.05540140092753920859, 0.8724882270994199773 ) ) ;
#1377 = CARTESIAN_POINT ( 'NONE',  ( -0.5001000400320320116, 0.000000000000000000, 0.7751000400320319228 ) ) ;
#1378 = CARTESIAN_POINT ( 'NONE',  ( -0.9384535748734229577, 0.01509841972869551720, 0.7072294162630367031 ) ) ;
#1379 = LINE ( 'NONE', #4692, #2835 ) ;
#1380 = CARTESIAN_POINT ( 'NONE',  ( 0.5962088159003952059, 0.04345662036820450297, 0.8224829966536472137 ) ) ;
#1381 = MECHANICAL_DESIGN_GEOMETRIC_PRESENTATION_REPRESENTATION (  '', ( #1076 ), #1529 ) ;
#1382 = ORIENTED_EDGE ( 'NONE', *, *, #3808, .F. ) ;
#1383 = CARTESIAN_POINT ( 'NONE',  ( -1.531438972583336611, 0.04590871196975501028, 0.1517988234194817265 ) ) ;
#1384 = CARTESIAN_POINT ( 'NONE',  ( 0.8925441831547790139, 0.05920693847686206435, 0.7218954168942409710 ) ) ;
#1385 = CARTESIAN_POINT ( 'NONE',  ( 0.5194071659678882735, 0.01553916102183044295, 0.8359842821542117219 ) ) ;
#1386 = CARTESIAN_POINT ( 'NONE',  ( -1.514982045739243111, 0.002887014083467635828, -0.2194506477527050081 ) ) ;
#1387 = PRESENTATION_LAYER_ASSIGNMENT (  '', '', ( #626 ) ) ;
#1388 = CARTESIAN_POINT ( 'NONE',  ( -1.468012470996869379, 0.003191557600172724701, -0.2397133311351632157 ) ) ;
#1389 = CARTESIAN_POINT ( 'NONE',  ( 0.9376845492699379392, 0.1200000000000001066, 0.8125000000000000000 ) ) ;
#1390 = VERTEX_POINT ( 'NONE', #4249 ) ;
#1391 = CARTESIAN_POINT ( 'NONE',  ( 0.01535951183309993730, -1.257226084456080834E-17, 0.6950603447338526975 ) ) ;
#1392 = CARTESIAN_POINT ( 'NONE',  ( -0.8762018397557123084, 0.08997805252472156068, -0.7271160658646074193 ) ) ;
#1393 = AXIS2_PLACEMENT_3D ( 'NONE', #505, #959, #3522 ) ;
#1394 = EDGE_CURVE ( 'NONE', #4487, #2210, #2257, .T. ) ;
#1395 = CARTESIAN_POINT ( 'NONE',  ( -1.015359511833100248, -1.061172822154483267E-17, 0.6950603447338531415 ) ) ;
#1396 =( GEOMETRIC_REPRESENTATION_CONTEXT ( 3 ) GLOBAL_UNCERTAINTY_ASSIGNED_CONTEXT ( ( #1830 ) ) GLOBAL_UNIT_ASSIGNED_CONTEXT ( ( #3331, #3359, #3127 ) ) REPRESENTATION_CONTEXT ( 'NONE', 'WORKASPACE' ) );
#1397 = CARTESIAN_POINT ( 'NONE',  ( -1.062315450730062061, 0.1200000000000001205, -0.8125000000000000000 ) ) ;
#1398 = CARTESIAN_POINT ( 'NONE',  ( -0.9802616141500514191, 0.002734742325116337140, -0.7150300482400363533 ) ) ;
#1399 = ORIENTED_EDGE ( 'NONE', *, *, #1270, .F. ) ;
#1400 = ADVANCED_FACE ( 'NONE', ( #2620 ), #3316, .T. ) ;
#1401 = FACE_OUTER_BOUND ( 'NONE', #886, .T. ) ;
#1402 = CARTESIAN_POINT ( 'NONE',  ( -1.524092396539754146, 0.02381372425704565005, 0.8502039842404336412 ) ) ;
#1403 = CARTESIAN_POINT ( 'NONE',  ( -0.5275300482400361313, 0.002734742325116212239, 0.7947383858499487141 ) ) ;
#1404 = CARTESIAN_POINT ( 'NONE',  ( -0.9709979949822641343, 0.01391275739033973058, 0.7467826195731542827 ) ) ;
#1405 = CARTESIAN_POINT ( 'NONE',  ( -1.419118380939090818, 0.08559074299740704328, 0.1389026971120661536 ) ) ;
#1406 = B_SPLINE_SURFACE_WITH_KNOTS ( 'NONE', 3, 3, ( 
 ( #4439, #3868, #4202, #1606, #3774, #1286 ),
 ( #2304, #3112, #4585, #2331, #906, #4227 ),
 ( #1315, #4558, #2413, #502, #1215, #2774 ),
 ( #1972, #224, #3822, #603, #4534, #3794 ),
 ( #550, #1678, #3446, #126, #3039, #2671 ),
 ( #4128, #1240, #2022, #1264, #2000, #4176 ),
 ( #4151, #3474, #4510, #3139, #957, #2720 ),
 ( #3499, #2747, #1584, #4484, #879, #1949 ),
 ( #856, #3420, #150, #1657, #934, #198 ),
 ( #2388, #3061, #2693, #2356, #3845, #524 ) ),
 .UNSPECIFIED., .F., .F., .F.,
 ( 4, 2, 2, 2, 4 ),
 ( 4, 2, 4 ),
 ( 0.000000000000000000, 0.2500000000000000000, 0.5000000000000000000, 0.7500000000000000000, 1.000000000000000000 ),
 ( 0.000000000000000000, 0.5000000000000000000, 1.000000000000000000 ),
 .UNSPECIFIED. ) ;
#1407 = CARTESIAN_POINT ( 'NONE',  ( -1.460000000000000187, 0.1200000000000000927, -0.1249999999999998890 ) ) ;
#1408 = CARTESIAN_POINT ( 'NONE',  ( 1.583661591615543651, 0.03193953058455349658, -0.8017941500419315526 ) ) ;
#1409 = CARTESIAN_POINT ( 'NONE',  ( 0.5001000400320320116, 1.355252715606880543E-17, 0.7751000400320319228 ) ) ;
#1410 = EDGE_LOOP ( 'NONE', ( #4210, #287, #805 ) ) ;
#1411 = CARTESIAN_POINT ( 'NONE',  ( 1.499899959967967877, 1.355252715606880543E-17, -0.7751000400320320338 ) ) ;
#1412 = CARTESIAN_POINT ( 'NONE',  ( 1.513816410765802978, 1.526345486598207953E-17, 0.7849168272161795024 ) ) ;
#1413 = CARTESIAN_POINT ( 'NONE',  ( -0.4805928340321117820, 0.01553916102183044295, 0.8359842821542117219 ) ) ;
#1414 = CARTESIAN_POINT ( 'NONE',  ( -1.596208815900397759, 0.04345662036820393398, -0.2025170033463550845 ) ) ;
#1415 = CARTESIAN_POINT ( 'NONE',  ( -1.535717248516016875, 0.02205258410723326748, -0.8478110742782122289 ) ) ;
#1416 = PLANE ( 'NONE',  #4194 ) ;
#1417 = VERTEX_POINT ( 'NONE', #4007 ) ;
#1418 = B_SPLINE_CURVE_WITH_KNOTS ( 'NONE', 3,
 ( #1511, #2604, #2629, #2188, #1908, #3572, #1115, #366, #3942, #675, #2140, #2181 ),
 .UNSPECIFIED., .F., .F.,
 ( 4, 2, 2, 2, 2, 4 ),
 ( 0.000000000000000000, 0.2499999999999996669, 0.3749999999999992784, 0.4374999999999987788, 0.4999999999999982236, 1.000000000000000000 ),
 .UNSPECIFIED. ) ;
#1419 = DIRECTION ( 'NONE',  ( 0.000000000000000000, 0.000000000000000000, -1.000000000000000000 ) ) ;
#1420 = CARTESIAN_POINT ( 'NONE',  ( -0.1250000000000001110, 0.1200000000000001205, 0.7274999999999993694 ) ) ;
#1421 = CARTESIAN_POINT ( 'NONE',  ( -1.014982045739242889, 0.002887014083468471097, 0.7180493522472946033 ) ) ;
#1422 = CARTESIAN_POINT ( 'NONE',  ( -1.088122502837381544, 0.04223057456743095628, -0.7511795018533908852 ) ) ;
#1423 = CARTESIAN_POINT ( 'NONE',  ( -0.9474617957343757224, 0.05666991344398041724, -0.7934832623201187873 ) ) ;
#1424 = B_SPLINE_CURVE_WITH_KNOTS ( 'NONE', 3,
 ( #3183, #1789, #1438, #2486, #698, #673 ),
 .UNSPECIFIED., .F., .F.,
 ( 4, 2, 4 ),
 ( 0.000000000000000000, 0.5000000000000000000, 1.000000000000000000 ),
 .UNSPECIFIED. ) ;
#1425 = CARTESIAN_POINT ( 'NONE',  ( -1.538525208273111566, 0.01331992622116218161, 0.8286975520950687901 ) ) ;
#1426 = EDGE_CURVE ( 'NONE', #667, #1374, #2849, .T. ) ;
#1427 = CARTESIAN_POINT ( 'NONE',  ( 1.411343152126408373, 0.03673881755886124201, -0.8033899379363542703 ) ) ;
#1428 = CARTESIAN_POINT ( 'NONE',  ( -0.9839138080064593339, -1.257365766455156492E-17, 0.6927069017433538090 ) ) ;
#1429 = FACE_OUTER_BOUND ( 'NONE', #3958, .T. ) ;
#1430 = CARTESIAN_POINT ( 'NONE',  ( 0.5385252082731133427, 0.01331992622116200467, 0.8286975520950693452 ) ) ;
#1431 = ADVANCED_FACE ( 'NONE', ( #1135 ), #2638, .T. ) ;
#1432 = CARTESIAN_POINT ( 'NONE',  ( -0.1110973028879333746, 0.08559074299740744574, -0.7683816190609067398 ) ) ;
#1433 = B_SPLINE_CURVE_WITH_KNOTS ( 'NONE', 3,
 ( #4514, #526, #3502, #4231 ),
 .UNSPECIFIED., .F., .F.,
 ( 4, 4 ),
 ( 0.000000000000000000, 1.000000000000000000 ),
 .UNSPECIFIED. ) ;
#1434 = CARTESIAN_POINT ( 'NONE',  ( 1.424796015759566270, 0.02381372425704557719, -0.7990923965397537243 ) ) ;
#1435 = CARTESIAN_POINT ( 'NONE',  ( 0.9998999599679677663, -1.355252715606880543E-17, 0.6876000400320320116 ) ) ;
#1436 = CARTESIAN_POINT ( 'NONE',  ( -1.500100040032032345, -1.355252715606880543E-17, -0.2498999599679679051 ) ) ;
#1437 = CARTESIAN_POINT ( 'NONE',  ( -1.559873465305385398, 0.08648253317408531593, -0.8950645588775861805 ) ) ;
#1438 = CARTESIAN_POINT ( 'NONE',  ( 1.615839286806834307, 0.1200000000000000927, 0.8593688659948790498 ) ) ;
#1439 = ORIENTED_EDGE ( 'NONE', *, *, #4163, .F. ) ;
#1440 = FACE_OUTER_BOUND ( 'NONE', #4673, .T. ) ;
#1441 = CARTESIAN_POINT ( 'NONE',  ( -0.1243605707346431555, 0.1040270620709143057, 0.7272957309025823713 ) ) ;
#1442 = CARTESIAN_POINT ( 'NONE',  ( 0.03979573090258218399, 0.1040270620709143057, -0.8118605707346431277 ) ) ;
#1443 = CARTESIAN_POINT ( 'NONE',  ( -1.124326320599282614, 0.1031714939717093410, -0.7490508297416768047 ) ) ;
#1444 = CARTESIAN_POINT ( 'NONE',  ( -0.9600000000000007416, 0.1200000000000000927, -0.8125000000000000000 ) ) ;
#1445 = EDGE_LOOP ( 'NONE', ( #2902, #3683, #4331 ) ) ;
#1446 = B_SPLINE_SURFACE_WITH_KNOTS ( 'NONE', 3, 3, ( 
 ( #490, #512, #464, #2342, #3433, #2761 ),
 ( #2735, #4187, #1939, #1572, #4471, #3409 ),
 ( #139, #237, #2810, #1329, #1046, #3172 ),
 ( #4622, #3538, #3605, #1022, #643, #616 ),
 ( #2103, #4314, #4337, #3881, #2787, #3929 ),
 ( #1740, #661, #1720, #4240, #2888, #995 ),
 ( #3582, #1404, #2453, #2079, #2497, #1378 ),
 ( #1760, #3856, #3195, #3511, #3953, #4670 ),
 ( #308, #1355, #2864, #3218, #2128, #1428 ),
 ( #688, #332, #1694, #4265, #1784, #3246 ) ),
 .UNSPECIFIED., .F., .F., .F.,
 ( 4, 2, 2, 2, 4 ),
 ( 4, 2, 4 ),
 ( 0.000000000000000000, 0.2500000000000000000, 0.5000000000000000000, 0.7500000000000000000, 1.000000000000000000 ),
 ( 0.000000000000000000, 0.5000000000000000000, 1.000000000000000000 ),
 .UNSPECIFIED. ) ;
#1447 = FILL_AREA_STYLE_COLOUR ( '', #1695 ) ;
#1448 = CARTESIAN_POINT ( 'NONE',  ( -1.625000000000000222, 0.1200000000000000927, 0.8150000000000000577 ) ) ;
#1449 = CARTESIAN_POINT ( 'NONE',  ( -0.5102866688648365345, 0.003191557600172724701, 0.8069875290031306436 ) ) ;
#1450 = CARTESIAN_POINT ( 'NONE',  ( 1.375000000000000000, 0.1200000000000000927, -0.8149999999999995026 ) ) ;
#1451 = CARTESIAN_POINT ( 'NONE',  ( 1.000100040032032123, -1.355252715606880543E-17, -0.6876000400320320116 ) ) ;
#1452 = CARTESIAN_POINT ( 'NONE',  ( 0.5661949388818523499, 0.02117201403232633547, 0.8225999711843833273 ) ) ;
#1453 = LINE ( 'NONE', #798, #10 ) ;
#1454 = CARTESIAN_POINT ( 'NONE',  ( -1.446302447904930677, 0.01331992622116071751, -0.2114747917268872679 ) ) ;
#1455 = CARTESIAN_POINT ( 'NONE',  ( -1.403791184099604905, 0.04345662036820605034, -0.8224829966536469916 ) ) ;
#1456 = EDGE_CURVE ( 'NONE', #597, #907, #3279, .T. ) ;
#1457 = CARTESIAN_POINT ( 'NONE',  ( -1.598201176580518412, 0.04590871196975497559, -0.2185610274166635003 ) ) ;
#1458 = CARTESIAN_POINT ( 'NONE',  ( 1.019738385849948692, 0.002734742325116337140, -0.7150300482400363533 ) ) ;
#1459 = CARTESIAN_POINT ( 'NONE',  ( -1.500100040032032123, -1.355252715606880543E-17, -0.7751000400320319228 ) ) ;
#1460 = AXIS2_PLACEMENT_3D ( 'NONE', #1963, #899, #4169 ) ;
#1461 = ORIENTED_EDGE ( 'NONE', *, *, #4576, .F. ) ;
#1462 = CARTESIAN_POINT ( 'NONE',  ( -1.500000000000000222, 0.000000000000000000, 0.7751000400320319228 ) ) ;
#1463 = CARTESIAN_POINT ( 'NONE',  ( 1.572811074278214649, 0.02205258410723293441, 0.8107172485160168973 ) ) ;
#1464 = CARTESIAN_POINT ( 'NONE',  ( -0.1074558168452210277, 0.05920693847686206435, 0.7218954168942409710 ) ) ;
#1465 = VECTOR ( 'NONE', #2155, 1000.000000000000000 ) ;
#1466 = CARTESIAN_POINT ( 'NONE',  ( -0.5001000400320320116, 0.1250000000000000000, 0.8149999999999993916 ) ) ;
#1467 = CARTESIAN_POINT ( 'NONE',  ( -1.015359511833100248, -2.612478800062961685E-17, -0.6950603447338531415 ) ) ;
#1468 = AXIS2_PLACEMENT_3D ( 'NONE', #948, #4599, #594 ) ;
#1469 = CARTESIAN_POINT ( 'NONE',  ( 0.03979573090258218399, 0.1040270620709143057, -0.8118605707346431277 ) ) ;
#1470 = ORIENTED_EDGE ( 'NONE', *, *, #697, .T. ) ;
#1471 = SURFACE_STYLE_FILL_AREA ( #3972 ) ;
#1472 = CARTESIAN_POINT ( 'NONE',  ( 1.401992690091214744, 0.04717666425225814503, -0.8063632450239788252 ) ) ;
#1473 = DIRECTION ( 'NONE',  ( 0.000000000000000000, 0.000000000000000000, 1.000000000000000000 ) ) ;
#1474 = CARTESIAN_POINT ( 'NONE',  ( 0.6237981602442791429, 0.08997805252451518410, -0.8146160658646046659 ) ) ;
#1475 = CARTESIAN_POINT ( 'NONE',  ( 0.5001000400320320116, 1.355252715606880543E-17, 0.7751000400320319228 ) ) ;
#1476 = CARTESIAN_POINT ( 'NONE',  ( -0.03439541689424156778, 0.05920693847686206435, -0.7949558168452208751 ) ) ;
#1477 = EDGE_CURVE ( 'NONE', #3659, #1564, #405, .T. ) ;
#1478 = CARTESIAN_POINT ( 'NONE',  ( 1.500100040032032123, 0.1250000000000000000, 0.8149999999999993916 ) ) ;
#1479 = CARTESIAN_POINT ( 'NONE',  ( -1.403791184099605127, 0.04345662036820627239, -0.2025170033463551678 ) ) ;
#1480 = DIRECTION ( 'NONE',  ( -1.000000000000000000, 0.000000000000000000, 0.000000000000000000 ) ) ;
#1481 = CARTESIAN_POINT ( 'NONE',  ( -1.438449170258323528, 0.1031714939717083002, -0.8993263205992823028 ) ) ;
#1482 = CARTESIAN_POINT ( 'NONE',  ( -1.500100040032032345, -1.355252715606880543E-17, -0.2498999599679679051 ) ) ;
#1483 = CARTESIAN_POINT ( 'NONE',  ( -1.575203984240433508, 0.02381372425704559800, -0.7990923965397541684 ) ) ;
#1484 = EDGE_CURVE ( 'NONE', #2406, #1344, #1502, .T. ) ;
#1485 = ORIENTED_EDGE ( 'NONE', *, *, #724, .T. ) ;
#1486 = CARTESIAN_POINT ( 'NONE',  ( -0.4602042690974177952, 0.1040270620709143057, 0.8993605707346430389 ) ) ;
#1487 = LINE ( 'NONE', #678, #2143 ) ;
#1488 = CARTESIAN_POINT ( 'NONE',  ( 0.03143897258333543110, 0.04590871196975498947, -0.7857011765805180792 ) ) ;
#1489 = CARTESIAN_POINT ( 'NONE',  ( 0.5153595118331001368, -1.093571300758463501E-17, -0.7825603447338526086 ) ) ;
#1490 = EDGE_LOOP ( 'NONE', ( #1287, #3399, #4395, #3108 ) ) ;
#1491 = LINE ( 'NONE', #4016, #3679 ) ;
#1492 = CARTESIAN_POINT ( 'NONE',  ( -1.519738385849949802, 0.002734742325115811085, 0.8025300482400360425 ) ) ;
#1493 = CARTESIAN_POINT ( 'NONE',  ( 1.394016737679879547, 0.05666991344398105562, 0.8275382042656244108 ) ) ;
#1494 = ORIENTED_EDGE ( 'NONE', *, *, #555, .F. ) ;
#1495 = CARTESIAN_POINT ( 'NONE',  ( -1.446302447904931787, 0.01331992622116279397, 0.8135252082731143641 ) ) ;
#1496 = CARTESIAN_POINT ( 'NONE',  ( 1.000000000000000000, 0.000000000000000000, -0.6876000400320320116 ) ) ;
#1497 = CARTESIAN_POINT ( 'NONE',  ( 0.4289315592944542566, 0.01984042254971251501, -0.7977716575630712237 ) ) ;
#1498 = CARTESIAN_POINT ( 'NONE',  ( 0.6158392868068341963, 0.1200000000000000927, 0.8593688659948790498 ) ) ;
#1499 = CARTESIAN_POINT ( 'NONE',  ( -0.4758854358530099637, 0.02520750528275354091, 0.8504503710106003922 ) ) ;
#1500 = CARTESIAN_POINT ( 'NONE',  ( 1.625000000000000222, 0.1200000000000000927, 0.8149999999999993916 ) ) ;
#1501 = LINE ( 'NONE', #1134, #16 ) ;
#1502 = LINE ( 'NONE', #927, #1612 ) ;
#1503 = ORIENTED_EDGE ( 'NONE', *, *, #4667, .T. ) ;
#1504 = CARTESIAN_POINT ( 'NONE',  ( 0.4017988234194817543, 0.04590871196975496171, -0.8064389725833358558 ) ) ;
#1505 = CARTESIAN_POINT ( 'NONE',  ( -0.1074558168452210277, 0.05920693847686206435, 0.7218954168942409710 ) ) ;
#1506 = UNCERTAINTY_MEASURE_WITH_UNIT (LENGTH_MEASURE( 1.000000000000000082E-05 ), #4687, 'distance_accuracy_value', 'NONE');
#1507 = CARTESIAN_POINT ( 'NONE',  ( 0.9247960157595660480, 0.02381372425704559800, -0.7115923965397540352 ) ) ;
#1508 = CARTESIAN_POINT ( 'NONE',  ( 0.06619493888185105923, 0.02117201403232600587, -0.7350999711843845263 ) ) ;
#1509 = CARTESIAN_POINT ( 'NONE',  ( 0.5752039842404336190, 0.02381372425704561882, -0.7990923965397541684 ) ) ;
#1510 = CARTESIAN_POINT ( 'NONE',  ( -1.039808067888374987, 0.1049917596721290231, 0.8118991895461087349 ) ) ;
#1511 = CARTESIAN_POINT ( 'NONE',  ( 0.8749999999999998890, 0.1200000000000000927, -0.7274999999999992584 ) ) ;
#1512 = CARTESIAN_POINT ( 'NONE',  ( 1.577967804976071919, 0.02716957574868912942, -0.7999372125341572826 ) ) ;
#1513 = ORIENTED_EDGE ( 'NONE', *, *, #4372, .F. ) ;
#1514 = CARTESIAN_POINT ( 'NONE',  ( 1.460000000000000631, 0.1200000000000000927, 0.9000000000000000222 ) ) ;
#1515 = SURFACE_SIDE_STYLE ('',( #1940 ) ) ;
#1516 = CARTESIAN_POINT ( 'NONE',  ( -1.402511772900581821, 0.05540140092753950696, 0.1793304115605692806 ) ) ;
#1517 = CARTESIAN_POINT ( 'NONE',  ( -1.510286668864836868, 0.003191557600172726435, 0.2180124709968693231 ) ) ;
#1518 = CARTESIAN_POINT ( 'NONE',  ( 1.120535513922283011, 0.08826611352744169470, -0.7260737960538642399 ) ) ;
#1519 = DIRECTION ( 'NONE',  ( 0.000000000000000000, 0.000000000000000000, 1.000000000000000000 ) ) ;
#1520 = CARTESIAN_POINT ( 'NONE',  ( -1.475907603460245854, 0.02381372425704563270, -0.1747960157595661868 ) ) ;
#1521 = CARTESIAN_POINT ( 'NONE',  ( -0.4245496289898193498, 0.02520750528243442465, -0.7991145641468215821 ) ) ;
#1522 = DIRECTION ( 'NONE',  ( 0.000000000000000000, 0.000000000000000000, 1.000000000000000000 ) ) ;
#1523 = CARTESIAN_POINT ( 'NONE',  ( 1.625000000000000222, 0.1200000000000000927, 0.8373154507300618610 ) ) ;
#1524 = CARTESIAN_POINT ( 'NONE',  ( 0.3841607131931655816, 0.1200000000000001066, 0.8593688659948787167 ) ) ;
#1525 = VERTEX_POINT ( 'NONE', #3840 ) ;
#1526 = CARTESIAN_POINT ( 'NONE',  ( 0.4614747917268878230, 0.01331992622116174793, -0.8286975520950693452 ) ) ;
#1527 = CARTESIAN_POINT ( 'NONE',  ( -0.03198752900313082959, 0.003191557600172722099, 0.6977866688648366456 ) ) ;
#1528 = CARTESIAN_POINT ( 'NONE',  ( 0.9897133311351630214, 0.003191557600172710389, -0.7194875290031307324 ) ) ;
#1529 =( GEOMETRIC_REPRESENTATION_CONTEXT ( 3 ) GLOBAL_UNCERTAINTY_ASSIGNED_CONTEXT ( ( #1506 ) ) GLOBAL_UNIT_ASSIGNED_CONTEXT ( ( #4687, #3928, #4669 ) ) REPRESENTATION_CONTEXT ( 'NONE', 'WORKASPACE' ) );
#1530 = CARTESIAN_POINT ( 'NONE',  ( -0.5881225028373816555, 0.04223057456743072036, 0.8386795018533901303 ) ) ;
#1531 = CARTESIAN_POINT ( 'NONE',  ( 0.1158392868068340992, 0.1200000000000001343, -0.7718688659948788056 ) ) ;
#1532 = CARTESIAN_POINT ( 'NONE',  ( 0.6074558168452208751, 0.05920693847686206435, -0.8093954168942409932 ) ) ;
#1533 = EDGE_CURVE ( 'NONE', #82, #3191, #2130, .T. ) ;
#1534 = ORIENTED_EDGE ( 'NONE', *, *, #4342, .T. ) ;
#1535 = PRESENTATION_LAYER_ASSIGNMENT (  '', '', ( #4497 ) ) ;
#1536 = CARTESIAN_POINT ( 'NONE',  ( 1.500000000000000000, 0.000000000000000000, 0.7751000400320319228 ) ) ;
#1537 = AXIS2_PLACEMENT_3D ( 'NONE', #4604, #2793, #3225 ) ;
#1538 = B_SPLINE_CURVE_WITH_KNOTS ( 'NONE', 3,
 ( #3654, #380, #3294, #21, #2937, #2196, #399, #1843, #3312, #1497, #419, #2220 ),
 .UNSPECIFIED., .F., .F.,
 ( 4, 2, 2, 2, 2, 4 ),
 ( 0.000000000000000000, 0.2500000000000000000, 0.3749999999999998890, 0.4374999999999999445, 0.5000000000000000000, 1.000000000000000000 ),
 .UNSPECIFIED. ) ;
#1539 = EDGE_CURVE ( 'NONE', #372, #2108, #495, .T. ) ;
#1540 = EDGE_LOOP ( 'NONE', ( #706, #849, #365 ) ) ;
#1541 = CARTESIAN_POINT ( 'NONE',  ( -1.468012470996869379, 0.003191557600172724701, 0.2397133311351632157 ) ) ;
#1542 = CARTESIAN_POINT ( 'NONE',  ( -1.438453574873423069, 0.01509841972869553281, 0.7947294162630368364 ) ) ;
#1543 = CARTESIAN_POINT ( 'NONE',  ( 1.625000000000000000, 0.1200000000000000927, -0.8149999999999995026 ) ) ;
#1544 = CARTESIAN_POINT ( 'NONE',  ( -0.0001000400320322163139, -2.710505431213761085E-17, -0.6876000400320320116 ) ) ;
#1545 = PRESENTATION_LAYER_ASSIGNMENT (  '', '', ( #1230 ) ) ;
#1546 = EDGE_CURVE ( 'NONE', #3715, #3814, #3537, .T. ) ;
#1547 = CARTESIAN_POINT ( 'NONE',  ( 1.070669588439431497, 0.05540140092754015921, 0.7849882270994202882 ) ) ;
#1548 = CARTESIAN_POINT ( 'NONE',  ( -1.750000000000000222, 0.1200000000000000511, 0.9749999999999999778 ) ) ;
#1549 = CARTESIAN_POINT ( 'NONE',  ( -0.3889695092300650137, 0.05823471834417540127, -0.8105379607184532986 ) ) ;
#1550 = CARTESIAN_POINT ( 'NONE',  ( 1.561550829741678914, 0.1031714939717082585, 0.8993263205992823028 ) ) ;
#1551 = CARTESIAN_POINT ( 'NONE',  ( -0.4600000000000006861, 0.1200000000000000927, 0.9000000000000000222 ) ) ;
#1552 = CARTESIAN_POINT ( 'NONE',  ( -1.125000000000000222, 0.1200000000000000927, 0.7274999999999993694 ) ) ;
#1553 = EDGE_LOOP ( 'NONE', ( #2480, #496, #699, #200 ) ) ;
#1554 = CARTESIAN_POINT ( 'NONE',  ( 0.4642827514839806269, 0.02205258410723239665, -0.8478110742782134501 ) ) ;
#1555 = CARTESIAN_POINT ( 'NONE',  ( -0.4600000000000006861, 0.1200000000000001205, 0.9000000000000000222 ) ) ;
#1556 = CARTESIAN_POINT ( 'NONE',  ( 0.9802616141500489766, 0.002734742325115463706, -0.7150300482400354651 ) ) ;
#1557 = CARTESIAN_POINT ( 'NONE',  ( -1.534395416894241748, 0.05920693847686207129, -0.8824558168452207862 ) ) ;
#1558 = CARTESIAN_POINT ( 'NONE',  ( 0.03198752900313071856, 0.003191557600172720797, -0.6977866688648366456 ) ) ;
#1559 = CARTESIAN_POINT ( 'NONE',  ( 0.6249999999999998890, 0.1200000000000001205, -0.8373154507300616389 ) ) ;
#1560 = VERTEX_POINT ( 'NONE', #1232 ) ;
#1561 = CYLINDRICAL_SURFACE ( 'NONE', #4589, 0.1250000000000000000 ) ;
#1562 = PRODUCT_DEFINITION ( 'UNKNOWN', '', #1913, #77 ) ;
#1563 = CARTESIAN_POINT ( 'NONE',  ( 1.583478329896829129, 0.1027437099221050754, -0.8899942215026198644 ) ) ;
#1564 = VERTEX_POINT ( 'NONE', #2664 ) ;
#1565 = CYLINDRICAL_SURFACE ( 'NONE', #3068, 0.1250000000000001110 ) ;
#1566 = CARTESIAN_POINT ( 'NONE',  ( -1.464282751483982237, 0.02205258410723267767, 0.1771889257217862945 ) ) ;
#1567 = EDGE_CURVE ( 'NONE', #1162, #457, #2378, .T. ) ;
#1568 = DIRECTION ( 'NONE',  ( 0.000000000000000000, 1.000000000000000000, 0.000000000000000000 ) ) ;
#1569 = CARTESIAN_POINT ( 'NONE',  ( 1.125000000000000000, 0.1200000000000001205, -0.7274999999999993694 ) ) ;
#1570 = CARTESIAN_POINT ( 'NONE',  ( -0.08812250283738148893, 0.04223057456743095628, -0.7511795018533908852 ) ) ;
#1571 = FACE_OUTER_BOUND ( 'NONE', #2559, .T. ) ;
#1572 = CARTESIAN_POINT ( 'NONE',  ( -0.8850057784973808239, 0.1027437099221060607, 0.7709783298968297949 ) ) ;
#1573 = CARTESIAN_POINT ( 'NONE',  ( -1.468012470996869601, 0.003191557600172720797, -0.7852866688648365567 ) ) ;
#1574 = CARTESIAN_POINT ( 'NONE',  ( 0.03999999999999923755, 0.1200000000000000927, 0.8125000000000000000 ) ) ;
#1575 = EDGE_CURVE ( 'NONE', #2262, #3258, #2442, .T. ) ;
#1576 = CARTESIAN_POINT ( 'NONE',  ( 0.3850057784973822117, 0.1027437099221057554, 0.8584783298968309273 ) ) ;
#1577 = CARTESIAN_POINT ( 'NONE',  ( 0.4716100620636038965, 0.03673881755895247458, 0.8636568478736871279 ) ) ;
#1578 = VERTEX_POINT ( 'NONE', #398 ) ;
#1579 = CARTESIAN_POINT ( 'NONE',  ( -0.0001000400320322163139, -1.355252715606880543E-17, 0.6876000400320320116 ) ) ;
#1580 = CARTESIAN_POINT ( 'NONE',  ( 0.8799354411224129535, 0.08648253317408598206, -0.7473734653053842880 ) ) ;
#1581 = DIRECTION ( 'NONE',  ( 0.000000000000000000, 1.000000000000000000, 0.000000000000000000 ) ) ;
#1582 = CARTESIAN_POINT ( 'NONE',  ( 0.5397957309025821493, 0.1040270620709143057, 0.8993605707346430389 ) ) ;
#1583 = DIRECTION ( 'NONE',  ( 1.000000000000000000, 0.000000000000000000, -0.000000000000000000 ) ) ;
#1584 = CARTESIAN_POINT ( 'NONE',  ( -0.5197383858499493581, 0.002734742325116302011, -0.8025300482400361535 ) ) ;
#1585 = VERTEX_POINT ( 'NONE', #3311 ) ;
#1586 = CARTESIAN_POINT ( 'NONE',  ( 0.6059832623201206747, 0.05666991344398126379, -0.8275382042656228565 ) ) ;
#1587 = EDGE_LOOP ( 'NONE', ( #391, #4375, #873 ) ) ;
#1588 = CARTESIAN_POINT ( 'NONE',  ( 1.620064558877585714, 0.08648253317408449714, -0.8348734653053881960 ) ) ;
#1589 = CARTESIAN_POINT ( 'NONE',  ( 1.415631134005120861, 0.1200000000000001066, 0.8908392868068341075 ) ) ;
#1590 = VERTEX_POINT ( 'NONE', #3329 ) ;
#1591 = B_SPLINE_CURVE_WITH_KNOTS ( 'NONE', 3,
 ( #2874, #1389, #2115, #4323, #295, #1363 ),
 .UNSPECIFIED., .F., .F.,
 ( 4, 2, 4 ),
 ( 0.000000000000000000, 0.5000000000000000000, 1.000000000000000000 ),
 .UNSPECIFIED. ) ;
#1592 = CARTESIAN_POINT ( 'NONE',  ( -1.499899959967968099, 0.000000000000000000, 0.2498999599679679051 ) ) ;
#1593 = LINE ( 'NONE', #888, #2204 ) ;
#1594 = CARTESIAN_POINT ( 'NONE',  ( -0.9614262039461359821, 0.08826611352744170857, -0.8080355139222832328 ) ) ;
#1595 = CARTESIAN_POINT ( 'NONE',  ( -0.1059832623201196478, 0.05666991344397989683, -0.7400382042656256099 ) ) ;
#1596 = CARTESIAN_POINT ( 'NONE',  ( 1.749999999999999778, 0.6380000000000000115, -0.9749999999999999778 ) ) ;
#1597 = CARTESIAN_POINT ( 'NONE',  ( -1.429330411560568725, 0.05540140092753972206, -0.1525117729005810718 ) ) ;
#1598 = FILL_AREA_STYLE_COLOUR ( '', #2286 ) ;
#1599 = CARTESIAN_POINT ( 'NONE',  ( -0.4998999599679679884, 0.000000000000000000, 0.8149999999999993916 ) ) ;
#1600 = ORIENTED_EDGE ( 'NONE', *, *, #3967, .F. ) ;
#1601 = B_SPLINE_CURVE_WITH_KNOTS ( 'NONE', 3,
 ( #3702, #825, #423, #3767, #72, #4026, #2225, #1872, #2267, #3745 ),
 .UNSPECIFIED., .F., .F.,
 ( 4, 2, 2, 2, 4 ),
 ( 0.000000000000000000, 0.2500000000000000000, 0.5000000000000000000, 0.7500000000000000000, 1.000000000000000000 ),
 .UNSPECIFIED. ) ;
#1602 = CARTESIAN_POINT ( 'NONE',  ( 0.4724699517599631471, 0.002734742325116378773, -0.7947383858499487141 ) ) ;
#1603 = CARTESIAN_POINT ( 'NONE',  ( -0.4839138080064592229, 1.487081010110330173E-17, 0.7802069017433538312 ) ) ;
#1604 = CARTESIAN_POINT ( 'NONE',  ( 1.534395416894240860, 0.05920693847686203659, -0.8824558168452210083 ) ) ;
#1605 = LINE ( 'NONE', #3752, #2284 ) ;
#1606 = CARTESIAN_POINT ( 'NONE',  ( -0.6158392868068344184, 0.1200000000000001066, -0.8593688659948789388 ) ) ;
#1607 = EDGE_LOOP ( 'NONE', ( #3176, #3458, #241, #4195 ) ) ;
#1608 = CARTESIAN_POINT ( 'NONE',  ( 0.01972941626303707438, 0.01509841972869554669, 0.7490464251265773754 ) ) ;
#1609 = CARTESIAN_POINT ( 'NONE',  ( 1.024092396539753702, 0.02381372425704560147, -0.7627039842404336190 ) ) ;
#1610 = CARTESIAN_POINT ( 'NONE',  ( 1.614994221502617844, 0.1027437099221038819, -0.8584783298968323706 ) ) ;
#1611 = CARTESIAN_POINT ( 'NONE',  ( 1.125000000000000000, 0.1200000000000000927, 0.7274999999999993694 ) ) ;
#1612 = VECTOR ( 'NONE', #2714, 1000.000000000000000 ) ;
#1613 = ORIENTED_EDGE ( 'NONE', *, *, #2725, .F. ) ;
#1614 = CARTESIAN_POINT ( 'NONE',  ( -1.039999999999999369, 0.1200000000000000927, 0.8125000000000000000 ) ) ;
#1615 = CARTESIAN_POINT ( 'NONE',  ( -1.509916827216179591, -9.738476859320994069E-18, 0.2361835892341971055 ) ) ;
#1616 = DIRECTION ( 'NONE',  ( 0.000000000000000000, 1.000000000000000000, 0.000000000000000000 ) ) ;
#1617 = CARTESIAN_POINT ( 'NONE',  ( 1.038525208273113343, 0.01331992622116167854, -0.7411975520950686569 ) ) ;
#1618 = CARTESIAN_POINT ( 'NONE',  ( -0.4525170033463544739, 0.04345662036820482910, -0.8712088159003961163 ) ) ;
#1619 = VECTOR ( 'NONE', #1314, 1000.000000000000000 ) ;
#1620 = AXIS2_PLACEMENT_3D ( 'NONE', #2372, #3835, #1918 ) ;
#1621 = CARTESIAN_POINT ( 'NONE',  ( 0.06098428215373524058, 0.01553916102156536853, -0.7069071659677143016 ) ) ;
#1622 = CARTESIAN_POINT ( 'NONE',  ( -1.484640488166900640, -1.235749748185859001E-17, -0.7825603447338537189 ) ) ;
#1623 = CARTESIAN_POINT ( 'NONE',  ( 0.4709979949822649115, 0.01391275739033955364, 0.8342826195731534167 ) ) ;
#1624 = DIRECTION ( 'NONE',  ( -6.651547070463221357E-17, 0.000000000000000000, -1.000000000000000000 ) ) ;
#1625 = ORIENTED_EDGE ( 'NONE', *, *, #2528, .F. ) ;
#1626 = CARTESIAN_POINT ( 'NONE',  ( 0.4924396552661474691, 1.649332609059281208E-17, -0.7903595118331007141 ) ) ;
#1627 = CARTESIAN_POINT ( 'NONE',  ( -0.4998999599679679884, 1.355252715606880543E-17, 0.7751000400320319228 ) ) ;
#1628 = EDGE_CURVE ( 'NONE', #3814, #1374, #4069, .T. ) ;
#1629 = CARTESIAN_POINT ( 'NONE',  ( 0.1205355139222831634, 0.08826611352744170857, 0.7260737960538642399 ) ) ;
#1630 = CARTESIAN_POINT ( 'NONE',  ( -0.5000000000000000000, 0.000000000000000000, 0.7751000400320319228 ) ) ;
#1631 = DIRECTION ( 'NONE',  ( 0.000000000000000000, 0.000000000000000000, 1.000000000000000000 ) ) ;
#1632 = ORIENTED_EDGE ( 'NONE', *, *, #27, .F. ) ;
#1633 = CARTESIAN_POINT ( 'NONE',  ( 0.03857379605386396237, 0.08826611352744170857, 0.8080355139222831218 ) ) ;
#1634 = CARTESIAN_POINT ( 'NONE',  ( 1.005206901743353809, -1.257365766455155721E-17, -0.7035861919935407771 ) ) ;
#1635 = EDGE_CURVE ( 'NONE', #3161, #2639, #1453, .T. ) ;
#1636 = CARTESIAN_POINT ( 'NONE',  ( -1.607455816845220653, 0.05920693847686203659, -0.2156045831057583073 ) ) ;
#1637 = CARTESIAN_POINT ( 'NONE',  ( -1.515359511833100914, -1.257226084456076212E-17, 0.7825603447338538299 ) ) ;
#1638 = CARTESIAN_POINT ( 'NONE',  ( 1.427188925721785573, 0.02205258410723177562, 0.8107172485160191178 ) ) ;
#1639 = CARTESIAN_POINT ( 'NONE',  ( 1.000100040032032123, -1.355252715606880543E-17, 0.6876000400320320116 ) ) ;
#1640 = ORIENTED_EDGE ( 'NONE', *, *, #1118, .T. ) ;
#1641 = CARTESIAN_POINT ( 'NONE',  ( -1.600523915659378904, 0.05045558630501184583, 0.2178384142167285320 ) ) ;
#1642 = PRODUCT ( 'EPC2218A', 'EPC2218A', '', ( #3040 ) ) ;
#1643 = CARTESIAN_POINT ( 'NONE',  ( -1.460000000000000187, 0.1200000000000000927, -0.9000000000000000222 ) ) ;
#1644 = CARTESIAN_POINT ( 'NONE',  ( 0.9864502239476451440, -1.439956010332303489E-17, 0.7297021246423101015 ) ) ;
#1645 = CARTESIAN_POINT ( 'NONE',  ( -0.4156311340051213055, 0.1200000000000001066, -0.8908392868068344406 ) ) ;
#1646 = FACE_OUTER_BOUND ( 'NONE', #87, .T. ) ;
#1647 = CARTESIAN_POINT ( 'NONE',  ( -0.9247960157595667141, 0.02381372425704559800, 0.7115923965397540352 ) ) ;
#1648 = CARTESIAN_POINT ( 'NONE',  ( -1.385005778497380380, 0.1027437099221052835, -0.1665216701031717317 ) ) ;
#1649 = CARTESIAN_POINT ( 'NONE',  ( -1.480590776442150869, 0.01554229837694117052, 0.8359899223113924638 ) ) ;
#1650 = SURFACE_STYLE_USAGE ( .BOTH. , #1992 ) ;
#1651 = CARTESIAN_POINT ( 'NONE',  ( 0.5000000000000000000, 0.000000000000000000, 0.7751000400320319228 ) ) ;
#1652 = ORIENTED_EDGE ( 'NONE', *, *, #2755, .F. ) ;
#1653 = CARTESIAN_POINT ( 'NONE',  ( 0.4897133311351631324, 0.003191557600172750288, -0.8069875290031305326 ) ) ;
#1654 = CARTESIAN_POINT ( 'NONE',  ( -0.4384535748734230687, 0.01509841972869553975, 0.7947294162630367254 ) ) ;
#1655 = LINE ( 'NONE', #473, #3976 ) ;
#1656 = CARTESIAN_POINT ( 'NONE',  ( 0.8749999999999998890, 0.1200000000000001066, -0.7498154507300608396 ) ) ;
#1657 = CARTESIAN_POINT ( 'NONE',  ( -0.5138164107658028668, 7.911652512094103701E-18, -0.7849168272161795024 ) ) ;
#1658 = CARTESIAN_POINT ( 'NONE',  ( 0.1243605707346430445, 0.1040270620709143057, 0.7272957309025823713 ) ) ;
#1659 = FACE_OUTER_BOUND ( 'NONE', #1078, .T. ) ;
#1660 = CARTESIAN_POINT ( 'NONE',  ( -1.500100040032032123, -1.355252715606880543E-17, 0.7751000400320319228 ) ) ;
#1661 = CARTESIAN_POINT ( 'NONE',  ( 1.433805061118146984, 0.02117201403232531545, 0.8225999711843857698 ) ) ;
#1662 = CARTESIAN_POINT ( 'NONE',  ( 0.02409239653975358761, 0.02381372425704560147, -0.7627039842404336190 ) ) ;
#1663 = VERTEX_POINT ( 'NONE', #2157 ) ;
#1664 = CARTESIAN_POINT ( 'NONE',  ( -0.6200645588775858252, 0.08648253317408462204, 0.8348734653053863086 ) ) ;
#1665 = CARTESIAN_POINT ( 'NONE',  ( -0.4384491702583228623, 0.1031714939717089247, -0.8993263205992826359 ) ) ;
#1666 = CARTESIAN_POINT ( 'NONE',  ( 0.5752039842404336190, 0.02381372425704561535, 0.7990923965397538353 ) ) ;
#1667 = CARTESIAN_POINT ( 'NONE',  ( -1.483913808006459778, -1.244482423270095320E-17, -0.7802069017433538312 ) ) ;
#1668 = CARTESIAN_POINT ( 'NONE',  ( -1.412628975368917628, 0.1200000000000000511, 0.8999999999999999112 ) ) ;
#1669 = B_SPLINE_SURFACE_WITH_KNOTS ( 'NONE', 3, 3, ( 
 ( #3669, #2889, #4712, #3954, #731, #3583 ),
 ( #3930, #309, #2934, #1107, #4019, #2563 ),
 ( #1761, #3219, #1405, #2192, #4315, #2516 ),
 ( #396, #3196, #1047, #1516, #4397, #1221 ),
 ( #4490, #819, #1914, #4423, #2583, #1198 ),
 ( #3739, #1566, #1174, #3382, #3023, #773 ),
 ( #2216, #4066, #484, #4447, #458, #4091 ),
 ( #795, #2654, #2238, #3404, #3046, #1541 ),
 ( #1935, #840, #2680, #864, #3353, #415 ),
 ( #134, #37, #2287, #1592, #3326, #89 ) ),
 .UNSPECIFIED., .F., .F., .F.,
 ( 4, 2, 2, 2, 4 ),
 ( 4, 2, 4 ),
 ( 0.000000000000000000, 0.2500000000000000000, 0.5000000000000000000, 0.7500000000000000000, 1.000000000000000000 ),
 ( 0.000000000000000000, 0.5000000000000000000, 1.000000000000000000 ),
 .UNSPECIFIED. ) ;
#1670 = CARTESIAN_POINT ( 'NONE',  ( 0.4384535748734230687, 0.01509841972869555189, 0.7947294162630365033 ) ) ;
#1671 = CARTESIAN_POINT ( 'NONE',  ( 0.5314389725833359446, 0.04590871196975503110, 0.8732011765805185455 ) ) ;
#1672 = CARTESIAN_POINT ( 'NONE',  ( -1.005206901743354253, -2.416844583758586929E-17, -0.7035861919935407771 ) ) ;
#1673 = ORIENTED_EDGE ( 'NONE', *, *, #2587, .F. ) ;
#1674 = CARTESIAN_POINT ( 'NONE',  ( 0.4947930982566458580, 1.648913563062054390E-17, -0.7910861919935409103 ) ) ;
#1675 = CARTESIAN_POINT ( 'NONE',  ( -0.4802705837369634079, 0.01509841972869555016, 0.8365464251265770645 ) ) ;
#1676 = CARTESIAN_POINT ( 'NONE',  ( -1.625000000000000222, 0.1200000000000000927, -0.1876845492699381612 ) ) ;
#1677 = CARTESIAN_POINT ( 'NONE',  ( -1.607532262581245153, 0.06057464461912108467, -0.8093835803421970398 ) ) ;
#1678 = CARTESIAN_POINT ( 'NONE',  ( -0.5474829966536449710, 0.04345662036820514829, -0.8712088159003964494 ) ) ;
#1679 = CARTESIAN_POINT ( 'NONE',  ( -1.376201839755746281, 0.08997805252389420860, -0.8146160658645974495 ) ) ;
#1680 = CARTESIAN_POINT ( 'NONE',  ( 1.067273584660807906, 0.01937058920976151774, -0.7089485669040516136 ) ) ;
#1681 = CARTESIAN_POINT ( 'NONE',  ( 1.531987529003130399, 0.003191557600172721665, -0.7852866688648368898 ) ) ;
#1682 = CARTESIAN_POINT ( 'NONE',  ( 0.3756394292653568723, 0.1040270620709142502, 0.8147957309025822825 ) ) ;
#1683 = EDGE_CURVE ( 'NONE', #4114, #3161, #3143, .T. ) ;
#1684 = CARTESIAN_POINT ( 'NONE',  ( -1.529651048564388161, 0.04083945520454535655, -0.1573834328965515172 ) ) ;
#1685 = CARTESIAN_POINT ( 'NONE',  ( 1.019729416263037036, 0.01509841972869554669, 0.7490464251265773754 ) ) ;
#1686 = EDGE_LOOP ( 'NONE', ( #4407, #3072, #4678, #2975 ) ) ;
#1687 = UNCERTAINTY_MEASURE_WITH_UNIT (LENGTH_MEASURE( 1.000000000000000082E-05 ), #4332, 'distance_accuracy_value', 'NONE');
#1688 = CARTESIAN_POINT ( 'NONE',  ( -0.5385737960538650171, 0.08826611352744176409, -0.8955355139222833660 ) ) ;
#1689 = CARTESIAN_POINT ( 'NONE',  ( -1.531987529003130621, 0.003191557600172710389, 0.2397133311351631879 ) ) ;
#1690 = CARTESIAN_POINT ( 'NONE',  ( -1.625000000000000000, 0.1200000000000000511, 0.1634881767759549798 ) ) ;
#1691 = PRESENTATION_LAYER_ASSIGNMENT (  '', '', ( #456 ) ) ;
#1692 = EDGE_CURVE ( 'NONE', #169, #597, #2522, .T. ) ;
#1693 = CARTESIAN_POINT ( 'NONE',  ( -0.4802616141500513636, 0.002734742325116063053, -0.8025300482400372637 ) ) ;
#1694 = CARTESIAN_POINT ( 'NONE',  ( -0.9998999599679679884, -1.355252715606880543E-17, 0.6876000400320320116 ) ) ;
#1695 = COLOUR_RGB ( '',0.7921568627450980005, 0.8196078431372548767, 0.9333333333333333481 ) ;
#1696 = CARTESIAN_POINT ( 'NONE',  ( 0.4998999599679679884, 0.000000000000000000, 0.7751000400320319228 ) ) ;
#1697 = DIRECTION ( 'NONE',  ( 0.000000000000000000, 0.000000000000000000, 1.000000000000000000 ) ) ;
#1698 = ADVANCED_FACE ( 'NONE', ( #2243 ), #1804, .T. ) ;
#1699 = ORIENTED_EDGE ( 'NONE', *, *, #774, .F. ) ;
#1700 = CARTESIAN_POINT ( 'NONE',  ( 1.440717380426846717, 0.01391275739033953629, -0.8040020050177353328 ) ) ;
#1701 = CARTESIAN_POINT ( 'NONE',  ( 1.553697552095068879, 0.01331992622116216947, 0.8135252082731139200 ) ) ;
#1702 = CARTESIAN_POINT ( 'NONE',  ( -0.4947930982566463021, -1.257365766455156492E-17, -0.7910861919935409103 ) ) ;
#1703 = CARTESIAN_POINT ( 'NONE',  ( 0.9680124709968691565, 0.003191557600172705185, -0.6977866688648366456 ) ) ;
#1704 = CARTESIAN_POINT ( 'NONE',  ( -1.438453574873422847, 0.01509841972869552587, -0.2302705837369630748 ) ) ;
#1705 = CARTESIAN_POINT ( 'NONE',  ( -0.1250000000000001110, 0.1200000000000001066, -0.7498154507300608396 ) ) ;
#1706 = DIRECTION ( 'NONE',  ( 0.000000000000000000, -0.000000000000000000, -1.000000000000000000 ) ) ;
#1707 = ORIENTED_EDGE ( 'NONE', *, *, #27, .T. ) ;
#1708 = CARTESIAN_POINT ( 'NONE',  ( -1.478853211616551366, -3.388131789016936348E-18, -0.7818235363157203244 ) ) ;
#1709 = CARTESIAN_POINT ( 'NONE',  ( 1.075450371010311601, 0.02520750528253374451, -0.7116145641468742955 ) ) ;
#1710 = CARTESIAN_POINT ( 'NONE',  ( 1.021448566903907951, 0.01937058920951729296, 0.7547735846604322063 ) ) ;
#1711 = CARTESIAN_POINT ( 'NONE',  ( 1.500100040032031901, -1.355252715606880543E-17, -0.7751000400320321448 ) ) ;
#1712 = CARTESIAN_POINT ( 'NONE',  ( -1.097488227099420399, 0.05540140092754061024, 0.7581695884394294982 ) ) ;
#1713 = CARTESIAN_POINT ( 'NONE',  ( 1.438453574873423069, 0.01509841972869555189, 0.7947294162630365033 ) ) ;
#1714 = CARTESIAN_POINT ( 'NONE',  ( 0.005206901743353819362, -1.257365766455155721E-17, -0.7035861919935407771 ) ) ;
#1715 = ORIENTED_EDGE ( 'NONE', *, *, #4630, .F. ) ;
#1716 = CARTESIAN_POINT ( 'NONE',  ( -1.624360570734643128, 0.1040270620709143334, 0.8147957309025830597 ) ) ;
#1717 = CARTESIAN_POINT ( 'NONE',  ( -0.5615508297416756944, 0.1031714939717098406, 0.8993263205992824139 ) ) ;
#1718 = CARTESIAN_POINT ( 'NONE',  ( -0.4600000000000006861, 0.1200000000000000927, -0.9000000000000001332 ) ) ;
#1719 = DIRECTION ( 'NONE',  ( 0.000000000000000000, 0.000000000000000000, 1.000000000000000000 ) ) ;
#1720 = CARTESIAN_POINT ( 'NONE',  ( -0.9524000288156165839, 0.02117201403232529117, 0.7536949388818525719 ) ) ;
#1721 = CARTESIAN_POINT ( 'NONE',  ( 1.000000000000000000, 0.000000000000000000, -0.6876000400320320116 ) ) ;
#1722 = PLANE ( 'NONE',  #1004 ) ;
#1723 = ORIENTED_EDGE ( 'NONE', *, *, #697, .F. ) ;
#1724 = CARTESIAN_POINT ( 'NONE',  ( -1.584368865994878695, 0.1200000000000000927, 0.1341607131931657482 ) ) ;
#1725 = CARTESIAN_POINT ( 'NONE',  ( 0.9947930982566461910, -1.257365766455157108E-17, 0.7035861919935405551 ) ) ;
#1726 = ADVANCED_FACE ( 'NONE', ( #4400 ), #4175, .T. ) ;
#1727 = FACE_OUTER_BOUND ( 'NONE', #1271, .T. ) ;
#1728 = ORIENTED_EDGE ( 'NONE', *, *, #1628, .F. ) ;
#1729 = CARTESIAN_POINT ( 'NONE',  ( 0.4602042690974170736, 0.1040270620709143612, -0.8993605707346432609 ) ) ;
#1730 = CARTESIAN_POINT ( 'NONE',  ( -0.05987346530538645295, 0.08648253317408537144, 0.8075645588775877126 ) ) ;
#1731 = CARTESIAN_POINT ( 'NONE',  ( -0.03999999999999945266, 0.1200000000000000927, 0.8125000000000000000 ) ) ;
#1732 = CARTESIAN_POINT ( 'NONE',  ( -1.114994221502617844, 0.1027437099221048949, 0.7709783298968313492 ) ) ;
#1733 = CARTESIAN_POINT ( 'NONE',  ( -1.375000000000000444, 0.1200000000000000927, -0.8149999999999999467 ) ) ;
#1734 = CARTESIAN_POINT ( 'NONE',  ( -0.9642827514839836800, 0.02205258410723295870, -0.7603110742782146492 ) ) ;
#1735 = ORIENTED_EDGE ( 'NONE', *, *, #638, .F. ) ;
#1736 = PRESENTATION_STYLE_ASSIGNMENT (( #3603 ) ) ;
#1737 = CARTESIAN_POINT ( 'NONE',  ( -1.583478329896831571, 0.1027437099221056166, 0.8899942215026171999 ) ) ;
#1738 = CARTESIAN_POINT ( 'NONE',  ( -0.5001000400320320116, 0.000000000000000000, 0.7751000400320319228 ) ) ;
#1739 = CARTESIAN_POINT ( 'NONE',  ( 1.062315450730061173, 0.1200000000000001066, -0.8125000000000000000 ) ) ;
#1740 = CARTESIAN_POINT ( 'NONE',  ( -0.9759076034602460759, 0.02381372425704562923, 0.7627039842404336190 ) ) ;
#1741 = CARTESIAN_POINT ( 'NONE',  ( 0.9685610274166641664, 0.04590871196975502416, -0.7857011765805180792 ) ) ;
#1742 = CARTESIAN_POINT ( 'NONE',  ( -1.125000000000000222, 0.1200000000000000927, -0.7274999999999992584 ) ) ;
#1743 = VERTEX_POINT ( 'NONE', #2753 ) ;
#1744 = CARTESIAN_POINT ( 'NONE',  ( 1.490083172783821297, 1.373694215623795056E-17, -0.7888164107658034441 ) ) ;
#1745 = CARTESIAN_POINT ( 'NONE',  ( 0.9694506477527049526, 0.002887014083467463223, 0.7024820457392417783 ) ) ;
#1746 = CARTESIAN_POINT ( 'NONE',  ( -1.611097302887932514, 0.08559074299740701552, -0.1691183809390885695 ) ) ;
#1747 = CARTESIAN_POINT ( 'NONE',  ( 0.6249999999999998890, 0.1200000000000000927, -0.8149999999999995026 ) ) ;
#1748 = CARTESIAN_POINT ( 'NONE',  ( 0.5314389725833358336, 0.04590871196975499641, -0.8732011765805181014 ) ) ;
#1749 = ORIENTED_EDGE ( 'NONE', *, *, #425, .T. ) ;
#1750 = CARTESIAN_POINT ( 'NONE',  ( 0.4614262039461349829, 0.08826611352744176409, -0.8955355139222833660 ) ) ;
#1751 = CARTESIAN_POINT ( 'NONE',  ( -0.03857379605386396237, 0.08826611352744170857, 0.8080355139222831218 ) ) ;
#1752 = DIRECTION ( 'NONE',  ( 0.000000000000000000, 0.000000000000000000, 1.000000000000000000 ) ) ;
#1753 = CARTESIAN_POINT ( 'NONE',  ( -1.075203984240433952, 0.02381372425704562229, 0.7115923965397540352 ) ) ;
#1754 = ADVANCED_FACE ( 'NONE', ( #4542 ), #205, .T. ) ;
#1755 = FACE_OUTER_BOUND ( 'NONE', #96, .T. ) ;
#1756 = FACE_OUTER_BOUND ( 'NONE', #3224, .T. ) ;
#1757 = ORIENTED_EDGE ( 'NONE', *, *, #3586, .T. ) ;
#1758 = CARTESIAN_POINT ( 'NONE',  ( -1.539999999999999813, 0.1200000000000000927, 0.9000000000000000222 ) ) ;
#1759 = CARTESIAN_POINT ( 'NONE',  ( 1.399474443750321262, 0.05045777769026704718, -0.8071616207393509379 ) ) ;
#1760 = CARTESIAN_POINT ( 'NONE',  ( -0.9897133311351632434, 0.003191557600172726435, 0.7194875290031309545 ) ) ;
#1761 = CARTESIAN_POINT ( 'NONE',  ( -1.461426203946135205, 0.08826611352744170857, 0.1294644860777167117 ) ) ;
#1762 = CLOSED_SHELL ( 'NONE', ( #4662, #4688, #3542, #1244, #1042, #2229, #2890, #3671, #354, #1431 ) ) ;
#1763 = CARTESIAN_POINT ( 'NONE',  ( 1.000000000000000000, 0.000000000000000000, 0.6876000400320320116 ) ) ;
#1764 = VERTEX_POINT ( 'NONE', #2727 ) ;
#1765 = CARTESIAN_POINT ( 'NONE',  ( 1.485017954260756667, 0.002887014083468397371, -0.8055493522472939594 ) ) ;
#1766 = CARTESIAN_POINT ( 'NONE',  ( 0.9401265346946136026, 0.08648253317408537144, 0.8075645588775877126 ) ) ;
#1767 = CARTESIAN_POINT ( 'NONE',  ( -1.597488227099419511, 0.05540140092753991635, -0.1793304115605699467 ) ) ;
#1768 = CARTESIAN_POINT ( 'NONE',  ( 1.027530048240036242, 0.002734742325116328466, -0.7072383858499486919 ) ) ;
#1769 = LINE ( 'NONE', #3498, #3531 ) ;
#1770 = FILL_AREA_STYLE_COLOUR ( '', #3818 ) ;
#1771 = VERTEX_POINT ( 'NONE', #1350 ) ;
#1772 = CARTESIAN_POINT ( 'NONE',  ( 0.3756736794007174973, 0.1031714939717081753, -0.8365508297416762717 ) ) ;
#1773 = CARTESIAN_POINT ( 'NONE',  ( -0.06231545073006206775, 0.1200000000000001066, 0.8125000000000000000 ) ) ;
#1774 = VECTOR ( 'NONE', #4056, 1000.000000000000000 ) ;
#1775 = CARTESIAN_POINT ( 'NONE',  ( 0.5000000000000000000, 0.000000000000000000, 0.7751000400320319228 ) ) ;
#1776 = EDGE_CURVE ( 'NONE', #176, #2170, #1361, .T. ) ;
#1777 = CARTESIAN_POINT ( 'NONE',  ( -1.027530048240037130, 0.002734742325115335770, 0.7072383858499481368 ) ) ;
#1778 = CARTESIAN_POINT ( 'NONE',  ( -1.115839286806834529, 0.1200000000000001205, -0.7718688659948784725 ) ) ;
#1779 = CARTESIAN_POINT ( 'NONE',  ( -0.9839138080064591119, -1.061591868151703921E-17, -0.6927069017433538090 ) ) ;
#1780 = ORIENTED_EDGE ( 'NONE', *, *, #826, .T. ) ;
#1781 = ADVANCED_FACE ( 'NONE', ( #1756 ), #1039, .T. ) ;
#1782 = CARTESIAN_POINT ( 'NONE',  ( -1.547482996653646747, 0.04345662036820427399, 0.8712088159003976706 ) ) ;
#1783 = CARTESIAN_POINT ( 'NONE',  ( -0.5843688659948790276, 0.1200000000000001066, 0.8908392868068341075 ) ) ;
#1784 = CARTESIAN_POINT ( 'NONE',  ( -0.9998999599679679884, -1.355252715606880543E-17, 0.6876000400320320116 ) ) ;
#1785 = FACE_OUTER_BOUND ( 'NONE', #3941, .T. ) ;
#1786 = CARTESIAN_POINT ( 'NONE',  ( 0.9802616141500505309, 0.002734742325115842310, 0.7150300482400360202 ) ) ;
#1787 = CARTESIAN_POINT ( 'NONE',  ( -1.513816410765803422, -1.037304240213110295E-17, -0.2400831727838210194 ) ) ;
#1788 = CARTESIAN_POINT ( 'NONE',  ( -1.607455816845221097, 0.05920693847686205047, -0.8093954168942414373 ) ) ;
#1789 = CARTESIAN_POINT ( 'NONE',  ( 1.625000000000000222, 0.1200000000000000927, 0.8373154507300618610 ) ) ;
#1790 = ORIENTED_EDGE ( 'NONE', *, *, #863, .T. ) ;
#1791 = CARTESIAN_POINT ( 'NONE',  ( 1.459999999999999964, 0.1200000000000000927, -0.9000000000000001332 ) ) ;
#1792 = CARTESIAN_POINT ( 'NONE',  ( -0.8750000000000001110, 0.1200000000000000927, -0.7274999999999992584 ) ) ;
#1793 = CARTESIAN_POINT ( 'NONE',  ( -1.062315450730062061, 0.1200000000000001066, 0.8125000000000000000 ) ) ;
#1794 = SURFACE_STYLE_FILL_AREA ( #277 ) ;
#1795 = CARTESIAN_POINT ( 'NONE',  ( -0.9998999599679679884, -1.355252715606880543E-17, -0.6876000400320320116 ) ) ;
#1796 = FILL_AREA_STYLE ('',( #1447 ) ) ;
#1797 = CARTESIAN_POINT ( 'NONE',  ( -0.5357172485160177633, 0.02205258410723269155, 0.8478110742782141163 ) ) ;
#1798 = CARTESIAN_POINT ( 'NONE',  ( 1.500000000000000000, 0.000000000000000000, -0.7751000400320320338 ) ) ;
#1799 = ADVANCED_FACE ( 'NONE', ( #1084 ), #895, .T. ) ;
#1800 = DIRECTION ( 'NONE',  ( 1.000000000000000000, 0.000000000000000000, -0.000000000000000000 ) ) ;
#1801 = B_SPLINE_CURVE_WITH_KNOTS ( 'NONE', 3,
 ( #1916, #1842, #2219, #487, #3763, #1543 ),
 .UNSPECIFIED., .F., .F.,
 ( 4, 2, 4 ),
 ( 0.000000000000000000, 0.5000000000000000000, 1.000000000000000000 ),
 .UNSPECIFIED. ) ;
#1802 = FACE_OUTER_BOUND ( 'NONE', #1034, .T. ) ;
#1803 = CARTESIAN_POINT ( 'NONE',  ( -0.1243605707346431555, 0.1040270620709143057, -0.7272957309025823713 ) ) ;
#1804 = CYLINDRICAL_SURFACE ( 'NONE', #3290, 0.1249999999999998890 ) ;
#1805 = CARTESIAN_POINT ( 'NONE',  ( 1.749999999999999778, 0.1200000000000000511, 0.9749999999999999778 ) ) ;
#1806 = CARTESIAN_POINT ( 'NONE',  ( 0.6250000000000001110, 0.1200000000000000927, 0.8149999999999993916 ) ) ;
#1807 = CARTESIAN_POINT ( 'NONE',  ( -1.402511772900579823, 0.05540140092754011758, -0.8456695884394290763 ) ) ;
#1808 = B_SPLINE_CURVE_WITH_KNOTS ( 'NONE', 3,
 ( #4715, #3562, #3933, #4648, #2935, #2545 ),
 .UNSPECIFIED., .F., .F.,
 ( 4, 2, 4 ),
 ( 0.000000000000000000, 0.5000000000000000000, 1.000000000000000000 ),
 .UNSPECIFIED. ) ;
#1809 = CARTESIAN_POINT ( 'NONE',  ( -1.596208815900396649, 0.04345662036820337193, -0.8224829966536444381 ) ) ;
#1810 = CARTESIAN_POINT ( 'NONE',  ( 0.5399999999999993694, 0.1200000000000000927, -0.9000000000000001332 ) ) ;
#1811 = ORIENTED_EDGE ( 'NONE', *, *, #3783, .F. ) ;
#1812 = CARTESIAN_POINT ( 'NONE',  ( 1.489713331135163354, 0.003191557600172750288, -0.8069875290031305326 ) ) ;
#1813 = CARTESIAN_POINT ( 'NONE',  ( -0.09748822709942038534, 0.05540140092754061024, 0.7581695884394294982 ) ) ;
#1814 = CARTESIAN_POINT ( 'NONE',  ( -1.529651032178729109, 0.04083851718811142700, 0.8676156907367653659 ) ) ;
#1815 = CARTESIAN_POINT ( 'NONE',  ( 0.03857379605386407340, 0.08826611352744170857, -0.8080355139222832328 ) ) ;
#1816 = CARTESIAN_POINT ( 'NONE',  ( -0.5525382042656240555, 0.05666991344398049357, 0.8809832623201186985 ) ) ;
#1817 = CARTESIAN_POINT ( 'NONE',  ( 1.115839286806834085, 0.1200000000000001343, -0.7718688659948788056 ) ) ;
#1818 = CARTESIAN_POINT ( 'NONE',  ( -1.625000000000000222, 0.1200000000000000927, -0.8373154507300615279 ) ) ;
#1819 = ADVANCED_FACE ( 'NONE', ( #2577 ), #602, .T. ) ;
#1820 = CARTESIAN_POINT ( 'NONE',  ( 0.5075603447338532526, 1.649332609059279975E-17, 0.7903595118331000480 ) ) ;
#1821 = DIRECTION ( 'NONE',  ( -0.000000000000000000, -0.000000000000000000, 1.000000000000000000 ) ) ;
#1822 = CARTESIAN_POINT ( 'NONE',  ( -1.084368865994878472, 0.1200000000000001066, 0.8033392868068344184 ) ) ;
#1823 = CARTESIAN_POINT ( 'NONE',  ( -0.4600000000000006861, 0.1200000000000000927, 0.9000000000000000222 ) ) ;
#1824 = CARTESIAN_POINT ( 'NONE',  ( -1.500100040032032345, -1.355252715606880543E-17, -0.2498999599679679051 ) ) ;
#1825 = EDGE_CURVE ( 'NONE', #3280, #553, #3073, .T. ) ;
#1826 = CARTESIAN_POINT ( 'NONE',  ( 1.384160713193165693, 0.1200000000000001066, 0.8593688659948787167 ) ) ;
#1827 = AXIS2_PLACEMENT_3D ( 'NONE', #3925, #2169, #3647 ) ;
#1828 = ORIENTED_EDGE ( 'NONE', *, *, #1825, .F. ) ;
#1829 = CARTESIAN_POINT ( 'NONE',  ( -0.1205355139222833716, 0.08826611352744170857, 0.7260737960538642399 ) ) ;
#1830 = UNCERTAINTY_MEASURE_WITH_UNIT (LENGTH_MEASURE( 1.000000000000000082E-05 ), #3331, 'distance_accuracy_value', 'NONE');
#1831 = VECTOR ( 'NONE', #4708, 1000.000000000000000 ) ;
#1832 = CARTESIAN_POINT ( 'NONE',  ( 0.1110973028879327223, 0.08559074299740611347, -0.7683816190609112917 ) ) ;
#1833 = CARTESIAN_POINT ( 'NONE',  ( -1.009916827216178703, -2.465299171337684462E-17, -0.7013164107658035329 ) ) ;
#1834 = VECTOR ( 'NONE', #1993, 1000.000000000000000 ) ;
#1835 = CARTESIAN_POINT ( 'NONE',  ( 0.5592826195731536165, 0.01391275739034034641, -0.8040020050177348887 ) ) ;
#1836 = ORIENTED_EDGE ( 'NONE', *, *, #4010, .F. ) ;
#1837 =( GEOMETRIC_REPRESENTATION_CONTEXT ( 3 ) GLOBAL_UNCERTAINTY_ASSIGNED_CONTEXT ( ( #4259 ) ) GLOBAL_UNIT_ASSIGNED_CONTEXT ( ( #114, #1867, #1323 ) ) REPRESENTATION_CONTEXT ( 'NONE', 'WORKASPACE' ) );
#1838 = CARTESIAN_POINT ( 'NONE',  ( 1.379935441122414286, 0.08648253317408462204, 0.8348734653053863086 ) ) ;
#1839 = EDGE_LOOP ( 'NONE', ( #2180, #2060 ) ) ;
#1840 = CARTESIAN_POINT ( 'NONE',  ( 0.000000000000000000, 0.000000000000000000, -0.6876000400320320116 ) ) ;
#1841 = ADVANCED_FACE ( 'NONE', ( #2800 ), #1279, .T. ) ;
#1842 = CARTESIAN_POINT ( 'NONE',  ( 1.562315450730061173, 0.1200000000000000927, -0.9000000000000001332 ) ) ;
#1843 = CARTESIAN_POINT ( 'NONE',  ( 0.4073834328962698259, 0.04083945520484695557, -0.8046510485643927346 ) ) ;
#1844 = FACE_OUTER_BOUND ( 'NONE', #818, .T. ) ;
#1845 = CARTESIAN_POINT ( 'NONE',  ( 0.4599999999999999090, 0.1200000000000000927, -0.9000000000000001332 ) ) ;
#1846 = CARTESIAN_POINT ( 'NONE',  ( 0.5267941500419304202, 0.03193953058449548743, 0.8586615916154830552 ) ) ;
#1847 = CARTESIAN_POINT ( 'NONE',  ( 1.584368865994878695, 0.1200000000000000927, 0.8908392868068344406 ) ) ;
#1848 = CARTESIAN_POINT ( 'NONE',  ( -1.492439655266147192, -1.257226084456080372E-17, 0.7903595118331001590 ) ) ;
#1849 = CARTESIAN_POINT ( 'NONE',  ( 1.375000000000000000, 0.1200000000000000927, 0.8149999999999993916 ) ) ;
#1850 = ORIENTED_EDGE ( 'NONE', *, *, #1394, .F. ) ;
#1851 = CARTESIAN_POINT ( 'NONE',  ( 0.4685610274166636113, 0.04590871196975504498, -0.8732011765805181014 ) ) ;
#1852 = CARTESIAN_POINT ( 'NONE',  ( -0.5000000000000000000, 0.000000000000000000, 0.7751000400320319228 ) ) ;
#1853 = CARTESIAN_POINT ( 'NONE',  ( -1.534383532277591611, 0.06057143739800703586, 0.8825302869721991517 ) ) ;
#1854 = B_SPLINE_CURVE_WITH_KNOTS ( 'NONE', 3,
 ( #4133, #4206, #2698, #2395, #861, #3067, #2311, #4539, #155, #1611 ),
 .UNSPECIFIED., .F., .F.,
 ( 4, 2, 2, 2, 4 ),
 ( 0.000000000000000000, 0.2500000000000000000, 0.5000000000000000000, 0.7500000000000000000, 1.000000000000000000 ),
 .UNSPECIFIED. ) ;
#1855 = CARTESIAN_POINT ( 'NONE',  ( -1.066194938881853682, 0.02117201403232502055, -0.7350999711843843043 ) ) ;
#1856 = CARTESIAN_POINT ( 'NONE',  ( 0.5357172485160176523, 0.02205258410723267420, -0.8478110742782135612 ) ) ;
#1857 = CARTESIAN_POINT ( 'NONE',  ( -0.01354977605235471554, -1.439956010332303489E-17, 0.7297021246423101015 ) ) ;
#1858 = CARTESIAN_POINT ( 'NONE',  ( 1.471610062063603452, 0.03673881755895246071, 0.8636568478736870169 ) ) ;
#1859 = CARTESIAN_POINT ( 'NONE',  ( 1.582616342841923762, 0.03105724883122713137, -0.8014504745882692349 ) ) ;
#1860 = CARTESIAN_POINT ( 'NONE',  ( -1.505206901743353809, -1.061591868151710393E-17, 0.7910861919935404662 ) ) ;
#1861 = ORIENTED_EDGE ( 'NONE', *, *, #4414, .T. ) ;
#1862 = CARTESIAN_POINT ( 'NONE',  ( -0.04000000000000010492, 0.1200000000000000927, -0.8125000000000000000 ) ) ;
#1863 =( LENGTH_UNIT ( ) NAMED_UNIT ( * ) SI_UNIT ( .MILLI., .METRE. ) );
#1864 = CARTESIAN_POINT ( 'NONE',  ( -1.385005778497382156, 0.1027437099221083089, 0.8584783298968270415 ) ) ;
#1865 = CARTESIAN_POINT ( 'NONE',  ( 1.125000000000000000, 0.1200000000000001343, -0.7498154507300613947 ) ) ;
#1866 = CARTESIAN_POINT ( 'NONE',  ( 0.03961606586460170165, 0.08997805252430733647, 0.8112981602442705942 ) ) ;
#1867 =( NAMED_UNIT ( * ) PLANE_ANGLE_UNIT ( ) SI_UNIT ( $, .RADIAN. ) );
#1868 = CARTESIAN_POINT ( 'NONE',  ( -1.440717380426846050, 0.01391275739033839311, -0.2209979949822651335 ) ) ;
#1869 = CARTESIAN_POINT ( 'NONE',  ( -1.394016737679879769, 0.05666991344398151359, -0.8275382042656229675 ) ) ;
#1870 = DIRECTION ( 'NONE',  ( 0.000000000000000000, 0.000000000000000000, -1.000000000000000000 ) ) ;
#1871 = CARTESIAN_POINT ( 'NONE',  ( 1.596208815900395317, 0.04345662036820450297, 0.8224829966536472137 ) ) ;
#1872 = CARTESIAN_POINT ( 'NONE',  ( -0.5319875290031306214, 0.003191557600172734242, 0.7852866688648364457 ) ) ;
#1873 = CARTESIAN_POINT ( 'NONE',  ( -1.500100040032032123, -1.355252715606880543E-17, -0.7751000400320319228 ) ) ;
#1874 = CARTESIAN_POINT ( 'NONE',  ( 1.499899959967968099, 0.1250000000000000000, 0.8149999999999993916 ) ) ;
#1875 = ORIENTED_EDGE ( 'NONE', *, *, #4563, .F. ) ;
#1876 = B_SPLINE_CURVE_WITH_KNOTS ( 'NONE', 3,
 ( #3452, #2697, #3400, #1636, #1171, #2282, #4088, #1977, #2650, #154 ),
 .UNSPECIFIED., .F., .F.,
 ( 4, 2, 2, 2, 4 ),
 ( 0.000000000000000000, 0.2500000000000000000, 0.5000000000000000000, 0.7500000000000000000, 1.000000000000000000 ),
 .UNSPECIFIED. ) ;
#1877 = CARTESIAN_POINT ( 'NONE',  ( -0.4156311340051211944, 0.1200000000000000927, 0.8908392868068344406 ) ) ;
#1878 = CARTESIAN_POINT ( 'NONE',  ( 0.9474617957343735020, 0.05666991344398104175, -0.7934832623201205637 ) ) ;
#1879 = CARTESIAN_POINT ( 'NONE',  ( 0.07281107427821334466, 0.02205258410723234808, -0.7232172485160182074 ) ) ;
#1880 = CARTESIAN_POINT ( 'NONE',  ( -1.027530048240038241, 0.002734742325114977550, -0.7072383858499478038 ) ) ;
#1881 = CARTESIAN_POINT ( 'NONE',  ( 0.5843688659948786945, 0.1200000000000001066, -0.8908392868068344406 ) ) ;
#1882 = CARTESIAN_POINT ( 'NONE',  ( -1.013549776052354856, 1.185846126156020012E-17, 0.7297021246423104346 ) ) ;
#1883 = CARTESIAN_POINT ( 'NONE',  ( 1.470348951435609175, 0.04083945520473192953, 0.8676165671036226712 ) ) ;
#1884 = EDGE_CURVE ( 'NONE', #3715, #2694, #2531, .T. ) ;
#1885 = CARTESIAN_POINT ( 'NONE',  ( -1.439010077690631828, 0.01554229837581503314, 0.2305907764428893891 ) ) ;
#1886 = CARTESIAN_POINT ( 'NONE',  ( 1.461426203946135871, 0.08826611352744168082, 0.8955355139222831440 ) ) ;
#1887 = VERTEX_POINT ( 'NONE', #676 ) ;
#1888 = CARTESIAN_POINT ( 'NONE',  ( -1.424796015759566714, 0.02381372425704560841, 0.7990923965397542794 ) ) ;
#1889 = CARTESIAN_POINT ( 'NONE',  ( 1.105983262320120453, 0.05666991344398148583, -0.7400382042656228343 ) ) ;
#1890 = CARTESIAN_POINT ( 'NONE',  ( -1.480261614150050420, 0.002734742325116396554, -0.2224699517599630638 ) ) ;
#1891 = CARTESIAN_POINT ( 'NONE',  ( -1.465604583105758696, 0.05920693847686203659, -0.8824558168452207862 ) ) ;
#1892 = CARTESIAN_POINT ( 'NONE',  ( 1.605983262320119120, 0.05666991344398036867, 0.8275382042656233006 ) ) ;
#1893 = DIRECTION ( 'NONE',  ( 0.000000000000000000, 0.000000000000000000, -1.000000000000000000 ) ) ;
#1894 = DIRECTION ( 'NONE',  ( -1.000000000000000000, 0.000000000000000000, 0.000000000000000000 ) ) ;
#1895 = ORIENTED_EDGE ( 'NONE', *, *, #2194, .F. ) ;
#1896 = CARTESIAN_POINT ( 'NONE',  ( 0.4025117729005819878, 0.05540140092754021472, -0.8456695884394291873 ) ) ;
#1897 = CARTESIAN_POINT ( 'NONE',  ( -0.009916827216179457602, -1.208073086881606247E-17, 0.7013164107658030888 ) ) ;
#1898 = CARTESIAN_POINT ( 'NONE',  ( 0.5124907548355102094, 0.005266798912041689186, 0.8143839475721236232 ) ) ;
#1899 = CARTESIAN_POINT ( 'NONE',  ( 0.9524000288156134753, 0.02117201403232558260, -0.7536949388818521278 ) ) ;
#1900 = CARTESIAN_POINT ( 'NONE',  ( -0.5001000400320320116, 0.000000000000000000, 0.7751000400320319228 ) ) ;
#1901 = CARTESIAN_POINT ( 'NONE',  ( -1.538692523111915067, 0.08960018990674649408, 0.8960385296858617288 ) ) ;
#1902 = CARTESIAN_POINT ( 'NONE',  ( -1.014982045739243777, 0.002887014083468202649, -0.7180493522472940482 ) ) ;
#1903 = CARTESIAN_POINT ( 'NONE',  ( 0.000000000000000000, 0.000000000000000000, 0.000000000000000000 ) ) ;
#1904 = CARTESIAN_POINT ( 'NONE',  ( 0.5319875290031303994, 0.003191557600172721665, -0.7852866688648368898 ) ) ;
#1905 = ORIENTED_EDGE ( 'NONE', *, *, #4163, .T. ) ;
#1906 =( GEOMETRIC_REPRESENTATION_CONTEXT ( 3 ) GLOBAL_UNCERTAINTY_ASSIGNED_CONTEXT ( ( #4031 ) ) GLOBAL_UNIT_ASSIGNED_CONTEXT ( ( #707, #3192, #2172 ) ) REPRESENTATION_CONTEXT ( 'NONE', 'WORKASPACE' ) );
#1907 = EDGE_CURVE ( 'NONE', #2573, #1344, #335, .T. ) ;
#1908 = CARTESIAN_POINT ( 'NONE',  ( 0.8924677374182885536, 0.06057464461987861065, -0.7218835803422080089 ) ) ;
#1909 = CARTESIAN_POINT ( 'NONE',  ( 1.624326320599282170, 0.1031714939717065793, -0.8365508297416802685 ) ) ;
#1910 = AXIS2_PLACEMENT_3D ( 'NONE', #4416, #2951, #2260 ) ;
#1911 = ORIENTED_EDGE ( 'NONE', *, *, #2447, .F. ) ;
#1912 = EDGE_CURVE ( 'NONE', #2001, #3747, #4679, .T. ) ;
#1913 = PRODUCT_DEFINITION_FORMATION_WITH_SPECIFIED_SOURCE ( 'ANY', '', #1642, .NOT_KNOWN. ) ;
#1914 = CARTESIAN_POINT ( 'NONE',  ( -1.436320498146609115, 0.04223057456743051219, 0.1618774971626175951 ) ) ;
#1915 = CARTESIAN_POINT ( 'NONE',  ( -1.429330411560567615, 0.05540140092753903511, 0.8724882270994159805 ) ) ;
#1916 = CARTESIAN_POINT ( 'NONE',  ( 1.539999999999999369, 0.1200000000000000927, -0.9000000000000001332 ) ) ;
#1917 = CARTESIAN_POINT ( 'NONE',  ( -0.01028666886483697342, 0.003191557600172710389, -0.7194875290031307324 ) ) ;
#1918 = DIRECTION ( 'NONE',  ( 1.000000000000000000, 0.000000000000000000, 0.000000000000000000 ) ) ;
#1919 = CARTESIAN_POINT ( 'NONE',  ( -1.461426203946135205, 0.08826611352744170857, -0.1294644860777167117 ) ) ;
#1920 = CARTESIAN_POINT ( 'NONE',  ( 0.3756394292653568723, 0.1040270620709142502, 0.8147957309025822825 ) ) ;
#1921 = CARTESIAN_POINT ( 'NONE',  ( -0.4156311340051211944, 0.1200000000000000927, 0.8908392868068344406 ) ) ;
#1922 = CARTESIAN_POINT ( 'NONE',  ( -1.539999999999999813, 0.1200000000000000927, -0.9000000000000000222 ) ) ;
#1923 = VERTEX_POINT ( 'NONE', #1462 ) ;
#1924 = CARTESIAN_POINT ( 'NONE',  ( -0.1243605707346431555, 0.1040270620709143057, 0.7272957309025823713 ) ) ;
#1925 = CARTESIAN_POINT ( 'NONE',  ( 1.500000000000000000, 0.000000000000000000, -0.7751000400320320338 ) ) ;
#1926 = DIRECTION ( 'NONE',  ( -0.000000000000000000, -0.000000000000000000, 1.000000000000000000 ) ) ;
#1927 = CARTESIAN_POINT ( 'NONE',  ( 0.01381641076580314431, -1.110046455730801917E-17, -0.6974168272161791471 ) ) ;
#1928 = CARTESIAN_POINT ( 'NONE',  ( 0.9376845492699379392, 0.1200000000000001205, -0.8125000000000000000 ) ) ;
#1929 = CARTESIAN_POINT ( 'NONE',  ( -1.061546425126577375, 0.01509841972869551026, -0.7072294162630367031 ) ) ;
#1930 = CARTESIAN_POINT ( 'NONE',  ( 0.5001000400320319006, -1.355252715606880543E-17, -0.7751000400320321448 ) ) ;
#1931 = ORIENTED_EDGE ( 'NONE', *, *, #3938, .F. ) ;
#1932 = CARTESIAN_POINT ( 'NONE',  ( 1.611097302887932736, 0.08559074299740633551, -0.8558816190609116470 ) ) ;
#1933 = CARTESIAN_POINT ( 'NONE',  ( -1.516086191993541554, -1.257365766455151715E-17, 0.7802069017433541642 ) ) ;
#1934 = EDGE_LOOP ( 'NONE', ( #266, #4684, #1811 ) ) ;
#1935 = CARTESIAN_POINT ( 'NONE',  ( -1.494793098256646191, 2.936608474551761588E-18, 0.2339138080064589731 ) ) ;
#1936 = CARTESIAN_POINT ( 'NONE',  ( -1.468561027416663611, 0.04590871196975498947, 0.8732011765805184345 ) ) ;
#1937 = CARTESIAN_POINT ( 'NONE',  ( -0.9759076034602464089, 0.02381372425704560147, -0.7627039842404336190 ) ) ;
#1938 = ADVANCED_FACE ( 'NONE', ( #1440 ), #2164, .T. ) ;
#1939 = CARTESIAN_POINT ( 'NONE',  ( -0.9165216701031686508, 0.1027437099221055472, 0.8024942215026182879 ) ) ;
#1940 = SURFACE_STYLE_FILL_AREA ( #491 ) ;
#1941 = CARTESIAN_POINT ( 'NONE',  ( -1.447461795734375611, 0.05666991344398067398, -0.1440167376798795196 ) ) ;
#1942 = CARTESIAN_POINT ( 'NONE',  ( 0.3750000000000000000, 0.1200000000000001205, 0.8373154507300614169 ) ) ;
#1943 = ORIENTED_EDGE ( 'NONE', *, *, #836, .F. ) ;
#1944 = CARTESIAN_POINT ( 'NONE',  ( 0.4861835892341971888, 7.911652512094103701E-18, -0.7849168272161795024 ) ) ;
#1945 = CARTESIAN_POINT ( 'NONE',  ( -0.4247960157595663810, 0.02381372425704561535, 0.7990923965397538353 ) ) ;
#1946 = CARTESIAN_POINT ( 'NONE',  ( 0.9525170033463556951, 0.04345662036820483604, -0.7837088159003960941 ) ) ;
#1947 = CARTESIAN_POINT ( 'NONE',  ( 0.03198752900313071856, 0.003191557600172715593, 0.6977866688648366456 ) ) ;
#1948 = DIRECTION ( 'NONE',  ( -1.000000000000000000, 0.000000000000000000, 0.000000000000000000 ) ) ;
#1949 = CARTESIAN_POINT ( 'NONE',  ( -0.5319875290031303994, 0.003191557600172719063, -0.7852866688648367788 ) ) ;
#1950 = ORIENTED_EDGE ( 'NONE', *, *, #2899, .F. ) ;
#1951 = CARTESIAN_POINT ( 'NONE',  ( 0.03439541689424091553, 0.05920693847686206435, 0.7949558168452207640 ) ) ;
#1952 = CARTESIAN_POINT ( 'NONE',  ( 1.034395416894240860, 0.05920693847686203659, -0.7949558168452208751 ) ) ;
#1953 = CARTESIAN_POINT ( 'NONE',  ( 1.559873465305386286, 0.08648253317408530205, -0.8950645588775879569 ) ) ;
#1954 = CARTESIAN_POINT ( 'NONE',  ( 1.749999999999999778, 0.1200000000000000511, 0.9749999999999999778 ) ) ;
#1955 = ORIENTED_EDGE ( 'NONE', *, *, #1394, .T. ) ;
#1956 = EDGE_CURVE ( 'NONE', #2406, #1564, #4422, .T. ) ;
#1957 = DIRECTION ( 'NONE',  ( 0.000000000000000000, -0.000000000000000000, -1.000000000000000000 ) ) ;
#1958 = CARTESIAN_POINT ( 'NONE',  ( 1.059282619573153950, 0.01391275739033963690, -0.7165020050177355326 ) ) ;
#1959 = CARTESIAN_POINT ( 'NONE',  ( 0.5160861919935408881, 1.487081010110330173E-17, 0.7802069017433538312 ) ) ;
#1960 = CARTESIAN_POINT ( 'NONE',  ( -1.492439655266147192, -1.257226084456080372E-17, -0.7903595118331001590 ) ) ;
#1961 = EDGE_CURVE ( 'NONE', #1247, #530, #3281, .T. ) ;
#1962 = CARTESIAN_POINT ( 'NONE',  ( 0.4191183809390909287, 0.08559074299740683511, 0.8860973028879348679 ) ) ;
#1963 = CARTESIAN_POINT ( 'NONE',  ( -1.550000000000000266, 0.5879999999999999671, -0.7750000000000000222 ) ) ;
#1964 = ORIENTED_EDGE ( 'NONE', *, *, #4361, .F. ) ;
#1965 = CARTESIAN_POINT ( 'NONE',  ( 0.4846404881668997522, 4.842746802305119129E-18, -0.7825603447338528307 ) ) ;
#1966 = CARTESIAN_POINT ( 'NONE',  ( 0.9156311340051215275, 0.1200000000000001066, 0.8033392868068344184 ) ) ;
#1967 = LINE ( 'NONE', #809, #1774 ) ;
#1968 = ADVANCED_FACE ( 'NONE', ( #3641 ), #3915, .T. ) ;
#1969 = CARTESIAN_POINT ( 'NONE',  ( 0.9642827514839807934, 0.02205258410723263951, -0.7603110742782137610 ) ) ;
#1970 = CARTESIAN_POINT ( 'NONE',  ( -1.489713331135163354, 0.003191557600172738578, 0.2180124709968691565 ) ) ;
#1971 = LINE ( 'NONE', #4127, #3054 ) ;
#1972 = CARTESIAN_POINT ( 'NONE',  ( -0.5343954168942417482, 0.05920693847686211292, -0.8824558168452210083 ) ) ;
#1973 = ORIENTED_EDGE ( 'NONE', *, *, #545, .F. ) ;
#1974 = B_SPLINE_CURVE_WITH_KNOTS ( 'NONE', 3,
 ( #1862, #1092, #2933, #4378, #4018, #2542, #749, #2190, #3668, #1840 ),
 .UNSPECIFIED., .F., .F.,
 ( 4, 2, 2, 2, 4 ),
 ( 0.000000000000000000, 0.2500000000000000000, 0.5000000000000000000, 0.7500000000000000000, 1.000000000000000000 ),
 .UNSPECIFIED. ) ;
#1975 = CARTESIAN_POINT ( 'NONE',  ( 0.09620881590039571940, 0.04345662036820475971, 0.7349829966536471915 ) ) ;
#1976 = DIRECTION ( 'NONE',  ( 1.000000000000000000, 0.000000000000000000, 0.000000000000000000 ) ) ;
#1977 = CARTESIAN_POINT ( 'NONE',  ( -1.531987529003130621, 0.003191557600172710389, -0.2397133311351631879 ) ) ;
#1978 = CARTESIAN_POINT ( 'NONE',  ( 0.3925441831547791804, 0.05920693847686203659, 0.8093954168942409932 ) ) ;
#1979 = CARTESIAN_POINT ( 'NONE',  ( -1.539808067888374099, 0.1049917596721289953, -0.1256008104538911818 ) ) ;
#1980 = AXIS2_PLACEMENT_3D ( 'NONE', #3445, #2670, #4533 ) ;
#1981 = CARTESIAN_POINT ( 'NONE',  ( 1.030549352247294381, 0.002887014083468384361, 0.7024820457392424444 ) ) ;
#1982 = ORIENTED_EDGE ( 'NONE', *, *, #3666, .T. ) ;
#1983 = CARTESIAN_POINT ( 'NONE',  ( -0.5400000000000001465, 0.1200000000000000927, -0.9000000000000001332 ) ) ;
#1984 = VECTOR ( 'NONE', #4704, 1000.000000000000000 ) ;
#1985 = CARTESIAN_POINT ( 'NONE',  ( -1.530549352247294381, 0.002887014083467213423, 0.2350179542607569172 ) ) ;
#1986 = CARTESIAN_POINT ( 'NONE',  ( 1.625000000000000000, 0.1200000000000000927, -0.8149999999999995026 ) ) ;
#1987 = CARTESIAN_POINT ( 'NONE',  ( -0.4474617957343756669, 0.05666991344398043112, -0.8809832623201188095 ) ) ;
#1988 = AXIS2_PLACEMENT_3D ( 'NONE', #2706, #2658, #2341 ) ;
#1989 = CARTESIAN_POINT ( 'NONE',  ( 0.07545037101031136506, 0.02520750528253373063, -0.7116145641468739624 ) ) ;
#1990 = CARTESIAN_POINT ( 'NONE',  ( -1.475907603460245854, 0.02381372425704560147, -0.8502039842404339742 ) ) ;
#1991 = CARTESIAN_POINT ( 'NONE',  ( -1.475884064126369521, 0.02521010545095985975, 0.8504537906471507647 ) ) ;
#1992 = SURFACE_SIDE_STYLE ('',( #4526 ) ) ;
#1993 = DIRECTION ( 'NONE',  ( 1.000000000000000000, 0.000000000000000000, -0.000000000000000000 ) ) ;
#1994 = CARTESIAN_POINT ( 'NONE',  ( -1.039795730902583148, 0.1040270620709143057, -0.8118605707346431277 ) ) ;
#1995 = ORIENTED_EDGE ( 'NONE', *, *, #2863, .T. ) ;
#1996 = CARTESIAN_POINT ( 'NONE',  ( 0.4998999599679677663, 1.355252715606880543E-17, -0.7751000400320320338 ) ) ;
#1997 = CARTESIAN_POINT ( 'NONE',  ( -0.4998999599679679884, 1.355252715606880543E-17, 0.7751000400320319228 ) ) ;
#1998 = CARTESIAN_POINT ( 'NONE',  ( 0.1249999999999998890, 0.1200000000000000927, 0.7274999999999993694 ) ) ;
#1999 = EDGE_CURVE ( 'NONE', #1923, #4064, #2494, .T. ) ;
#2000 = CARTESIAN_POINT ( 'NONE',  ( -0.5728110742782143161, 0.02205258410723267420, -0.8107172485160175635 ) ) ;
#2001 = VERTEX_POINT ( 'NONE', #4580 ) ;
#2002 = CARTESIAN_POINT ( 'NONE',  ( 0.005206901743353819362, -1.061591868151703921E-17, 0.7035861919935408881 ) ) ;
#2003 = CYLINDRICAL_SURFACE ( 'NONE', #3667, 0.1249999999999998890 ) ;
#2004 = CARTESIAN_POINT ( 'NONE',  ( -0.6005255562496792932, 0.05045777769026704718, -0.8071616207393511599 ) ) ;
#2005 = CARTESIAN_POINT ( 'NONE',  ( -1.531363245023970476, 0.04717666425168060007, -0.1519926900916804269 ) ) ;
#2006 = CARTESIAN_POINT ( 'NONE',  ( 1.000100040032032123, -1.355252715606880543E-17, 0.6876000400320320116 ) ) ;
#2007 = ORIENTED_EDGE ( 'NONE', *, *, #395, .T. ) ;
#2008 = DIRECTION ( 'NONE',  ( -1.000000000000000000, 0.000000000000000000, 0.000000000000000000 ) ) ;
#2009 = CARTESIAN_POINT ( 'NONE',  ( -1.566194938881850351, 0.02117201403232704671, 0.2024000288156138361 ) ) ;
#2010 = CARTESIAN_POINT ( 'NONE',  ( -0.5843688659948790276, 0.1200000000000001066, 0.8908392868068341075 ) ) ;
#2011 = CARTESIAN_POINT ( 'NONE',  ( -0.4861835892341970222, -1.133959597996856881E-17, -0.7849168272161790583 ) ) ;
#2012 = LINE ( 'NONE', #2292, #3680 ) ;
#2013 = CARTESIAN_POINT ( 'NONE',  ( -1.480261614150051086, 0.002734742325115818024, -0.8025300482400360425 ) ) ;
#2014 = CARTESIAN_POINT ( 'NONE',  ( -0.1250000000000001110, 0.1200000000000000927, -0.7274999999999992584 ) ) ;
#2015 = CARTESIAN_POINT ( 'NONE',  ( 0.4802705837369633524, 0.01509841972869552587, 0.8365464251265770645 ) ) ;
#2016 = CARTESIAN_POINT ( 'NONE',  ( 0.5974882270994192890, 0.05540140092753960410, 0.8456695884394307416 ) ) ;
#2017 = ORIENTED_EDGE ( 'NONE', *, *, #3178, .F. ) ;
#2018 = CARTESIAN_POINT ( 'NONE',  ( 0.4384535748734232907, 0.01509841972869549985, -0.7947294162630368364 ) ) ;
#2019 = CARTESIAN_POINT ( 'NONE',  ( -0.4998999599679679884, 1.355252715606880543E-17, 0.7751000400320319228 ) ) ;
#2020 = ADVANCED_FACE ( 'NONE', ( #4120 ), #562, .T. ) ;
#2021 = CARTESIAN_POINT ( 'NONE',  ( -1.500000000000000000, 0.000000000000000000, -0.2498999599679679051 ) ) ;
#2022 = CARTESIAN_POINT ( 'NONE',  ( -0.5475999711843858586, 0.02117201403232592608, -0.8411949388818515949 ) ) ;
#2023 = CARTESIAN_POINT ( 'NONE',  ( 0.1249999999999998890, 0.1200000000000000927, 0.7274999999999993694 ) ) ;
#2024 = CARTESIAN_POINT ( 'NONE',  ( 1.115839286806834085, 0.1200000000000001066, 0.7718688659948789166 ) ) ;
#2025 = ADVANCED_FACE ( 'NONE', ( #1785 ), #3614, .F. ) ;
#2026 = CARTESIAN_POINT ( 'NONE',  ( -0.5710684407055457434, 0.01984042254971255317, -0.7977716575630710016 ) ) ;
#2027 = CARTESIAN_POINT ( 'NONE',  ( -1.522771657562191239, 0.01984042254780477368, -0.1789315592964399182 ) ) ;
#2028 = CARTESIAN_POINT ( 'NONE',  ( 1.105983262320119342, 0.05666991344397979274, 0.7400382042656264980 ) ) ;
#2029 = VERTEX_POINT ( 'NONE', #975 ) ;
#2030 = CARTESIAN_POINT ( 'NONE',  ( -1.559282619573154172, 0.01391275739034083560, 0.2209979949822650502 ) ) ;
#2031 = CARTESIAN_POINT ( 'NONE',  ( -0.5385737960538642399, 0.08826611352744168082, 0.8955355139222831440 ) ) ;
#2032 = CARTESIAN_POINT ( 'NONE',  ( -0.3940167376798793808, 0.05666991344398126379, -0.8275382042656228565 ) ) ;
#2033 = CARTESIAN_POINT ( 'NONE',  ( -1.550000000000000266, 0.5879999999999999671, -0.7750000000000000222 ) ) ;
#2034 = CARTESIAN_POINT ( 'NONE',  ( -1.460383864223225858, 0.08998351934622138282, 0.8987983790922960958 ) ) ;
#2035 = CARTESIAN_POINT ( 'NONE',  ( 0.4850179542607577776, 0.002887014083468543955, 0.8055493522472949586 ) ) ;
#2036 = FACE_OUTER_BOUND ( 'NONE', #1553, .T. ) ;
#2037 = ORIENTED_EDGE ( 'NONE', *, *, #4109, .F. ) ;
#2038 = CARTESIAN_POINT ( 'NONE',  ( 1.401798823419481810, 0.04590871196975496171, -0.8064389725833358558 ) ) ;
#2039 = CARTESIAN_POINT ( 'NONE',  ( -0.4338050611181475946, 0.02117201403232633547, 0.8225999711843833273 ) ) ;
#2040 = CARTESIAN_POINT ( 'NONE',  ( 0.4998999599679679884, 0.1250000000000000000, 0.8149999999999993916 ) ) ;
#2041 = CARTESIAN_POINT ( 'NONE',  ( 0.9947930982566457470, -2.416844583758586929E-17, -0.7035861919935407771 ) ) ;
#2042 = CARTESIAN_POINT ( 'NONE',  ( -1.571068440704318947, 0.01984042254853360041, -0.7977716575625276585 ) ) ;
#2043 = CARTESIAN_POINT ( 'NONE',  ( 0.04759997118438340225, 0.02117201403232529117, 0.7536949388818525719 ) ) ;
#2044 = CARTESIAN_POINT ( 'NONE',  ( 1.021146788384101223, -3.811648262644349985E-18, -0.6943235363159283580 ) ) ;
#2045 = CARTESIAN_POINT ( 'NONE',  ( 1.519729416263036370, 0.01509841972869552587, -0.8365464251265770645 ) ) ;
#2046 = CARTESIAN_POINT ( 'NONE',  ( -1.053697552095068879, 0.01331992622116266560, 0.7260252082731135648 ) ) ;
#2047 = CARTESIAN_POINT ( 'NONE',  ( 1.031438972583335945, 0.04590871196975503110, 0.7857011765805180792 ) ) ;
#2048 = ORIENTED_EDGE ( 'NONE', *, *, #3762, .F. ) ;
#2049 = FILL_AREA_STYLE ('',( #2423 ) ) ;
#2050 = CARTESIAN_POINT ( 'NONE',  ( -1.561550829741679802, 0.1031714939717082308, 0.8993263205992823028 ) ) ;
#2051 = DIRECTION ( 'NONE',  ( 0.000000000000000000, -1.000000000000000000, 0.000000000000000000 ) ) ;
#2052 = VECTOR ( 'NONE', #2179, 1000.000000000000000 ) ;
#2053 = CARTESIAN_POINT ( 'NONE',  ( -0.4802705837369635744, 0.01509841972869552587, -0.8365464251265770645 ) ) ;
#2054 = ADVANCED_FACE ( 'NONE', ( #338 ), #3197, .F. ) ;
#2055 = CARTESIAN_POINT ( 'NONE',  ( 1.125000000000000000, 0.1200000000000000927, 0.7274999999999993694 ) ) ;
#2056 = CARTESIAN_POINT ( 'NONE',  ( -0.4600000000000006861, 0.1200000000000000927, -0.9000000000000001332 ) ) ;
#2057 = CARTESIAN_POINT ( 'NONE',  ( -1.473205858697089310, 0.03193905676469841609, 0.8586610984482023756 ) ) ;
#2058 = CARTESIAN_POINT ( 'NONE',  ( -0.0001000400320322163139, 0.000000000000000000, -0.7274999999999993694 ) ) ;
#2059 = CARTESIAN_POINT ( 'NONE',  ( 0.02753004824003631862, 0.002734742325116328466, -0.7072383858499486919 ) ) ;
#2060 = ORIENTED_EDGE ( 'NONE', *, *, #4630, .T. ) ;
#2061 = CARTESIAN_POINT ( 'NONE',  ( 1.486183589234197244, 7.911652512094103701E-18, -0.7849168272161795024 ) ) ;
#2062 = CARTESIAN_POINT ( 'NONE',  ( 1.514982045739241778, 0.002887014083468397371, 0.8055493522472944035 ) ) ;
#2063 = CARTESIAN_POINT ( 'NONE',  ( 0.9524000288156162508, 0.02117201403232585322, 0.7536949388818529050 ) ) ;
#2064 = AXIS2_PLACEMENT_3D ( 'NONE', #2467, #3576, #1752 ) ;
#2065 = CARTESIAN_POINT ( 'NONE',  ( -0.9732058499580683586, 0.03193953058457141281, 0.7711615916155624140 ) ) ;
#2066 = CARTESIAN_POINT ( 'NONE',  ( -1.592616567103555481, 0.04083945520466070178, -0.8046510485643896260 ) ) ;
#2067 = CARTESIAN_POINT ( 'NONE',  ( -1.531987529003131732, 0.003191557600172712991, 0.7852866688648367788 ) ) ;
#2068 = EDGE_LOOP ( 'NONE', ( #3427, #3594, #133 ) ) ;
#2069 = CARTESIAN_POINT ( 'NONE',  ( -0.8750000000000001110, 0.1200000000000000927, 0.7274999999999993694 ) ) ;
#2070 = CARTESIAN_POINT ( 'NONE',  ( -0.9220321950238202779, 0.02716957574877589335, -0.7124372125342008921 ) ) ;
#2071 = CARTESIAN_POINT ( 'NONE',  ( 1.510286668864836424, 0.003191557600172719930, -0.8069875290031306436 ) ) ;
#2072 = CARTESIAN_POINT ( 'NONE',  ( -1.000100040032032345, 0.000000000000000000, -0.7274999999999993694 ) ) ;
#2073 = CARTESIAN_POINT ( 'NONE',  ( -1.384160713193165915, 0.1200000000000001066, -0.8593688659948791608 ) ) ;
#2074 = CARTESIAN_POINT ( 'NONE',  ( 1.034395416894240860, 0.05920693847686206435, 0.7949558168452207640 ) ) ;
#2075 = ORIENTED_EDGE ( 'NONE', *, *, #555, .T. ) ;
#2076 = EDGE_CURVE ( 'NONE', #82, #206, #1593, .T. ) ;
#2077 = CARTESIAN_POINT ( 'NONE',  ( -0.5982011765805180792, 0.04590871196975504498, 0.8064389725833360778 ) ) ;
#2078 = DIRECTION ( 'NONE',  ( 1.000000000000000000, 0.000000000000000000, -0.000000000000000000 ) ) ;
#2079 = CARTESIAN_POINT ( 'NONE',  ( -0.9463024479049310100, 0.01331992622116176007, 0.7260252082731131207 ) ) ;
#2080 = CARTESIAN_POINT ( 'NONE',  ( -1.500100040032032345, 0.000000000000000000, -0.2099999999999999090 ) ) ;
#2081 = ADVANCED_FACE ( 'NONE', ( #3833 ), #3047, .T. ) ;
#2082 = CARTESIAN_POINT ( 'NONE',  ( -1.460383934135372819, 0.08997805252627076589, -0.1262018397556503302 ) ) ;
#2083 = CARTESIAN_POINT ( 'NONE',  ( 0.5834783298968313492, 0.1027437099221057276, 0.8899942215026174219 ) ) ;
#2084 = EDGE_LOOP ( 'NONE', ( #4203, #2628, #1875 ) ) ;
#2085 = CARTESIAN_POINT ( 'NONE',  ( -1.598201176580518412, 0.04590871196975497559, 0.2185610274166635003 ) ) ;
#2086 = CARTESIAN_POINT ( 'NONE',  ( 1.527530048240036686, 0.002734742325115862693, 0.7947383858499480480 ) ) ;
#2087 = CARTESIAN_POINT ( 'NONE',  ( -0.5000000000000000000, 0.000000000000000000, 0.7751000400320319228 ) ) ;
#2088 = CARTESIAN_POINT ( 'NONE',  ( 0.1158392868068340992, 0.1200000000000001343, -0.7718688659948788056 ) ) ;
#2089 = EDGE_CURVE ( 'NONE', #2406, #1585, #3132, .T. ) ;
#2090 = CARTESIAN_POINT ( 'NONE',  ( 1.375639429265356872, 0.1040270620709142502, 0.8147957309025822825 ) ) ;
#2091 = CARTESIAN_POINT ( 'NONE',  ( -1.575203984240433508, 0.02381372425704559800, 0.7990923965397541684 ) ) ;
#2092 = ORIENTED_EDGE ( 'NONE', *, *, #3093, .T. ) ;
#2093 = CARTESIAN_POINT ( 'NONE',  ( 1.575203984240433730, 0.02381372425704561535, 0.7990923965397538353 ) ) ;
#2094 = CARTESIAN_POINT ( 'NONE',  ( -0.06154642512657738235, 0.01509841972869553801, 0.7072294162630367031 ) ) ;
#2095 = CARTESIAN_POINT ( 'NONE',  ( 1.019407165967558537, 0.01553916102132733325, 0.7484842821533074231 ) ) ;
#2096 = CARTESIAN_POINT ( 'NONE',  ( 1.538525208273112899, 0.01331992622116195610, -0.8286975520950680130 ) ) ;
#2097 = CARTESIAN_POINT ( 'NONE',  ( -1.031987529003130843, 0.003191557600172722099, 0.6977866688648366456 ) ) ;
#2098 = CARTESIAN_POINT ( 'NONE',  ( -1.024092396539754146, 0.02381372425704562229, -0.7627039842404336190 ) ) ;
#2099 = CARTESIAN_POINT ( 'NONE',  ( -0.9191183809390914838, 0.08559074299740665470, -0.7985973028879357338 ) ) ;
#2100 = ORIENTED_EDGE ( 'NONE', *, *, #2899, .T. ) ;
#2101 =( NAMED_UNIT ( * ) PLANE_ANGLE_UNIT ( ) SI_UNIT ( $, .RADIAN. ) );
#2102 = CARTESIAN_POINT ( 'NONE',  ( -1.563679501853391995, 0.04223057456742844440, 0.8631225028373833430 ) ) ;
#2103 = CARTESIAN_POINT ( 'NONE',  ( -0.9685610274166640554, 0.04590871196975503110, 0.7857011765805180792 ) ) ;
#2104 = CARTESIAN_POINT ( 'NONE',  ( 0.6249999999999998890, 0.1200000000000000927, -0.8149999999999995026 ) ) ;
#2105 = CARTESIAN_POINT ( 'NONE',  ( -1.475885435852736682, 0.02520750528327126913, -0.1745496289887184527 ) ) ;
#2106 = FILL_AREA_STYLE_COLOUR ( '', #1014 ) ;
#2107 = CARTESIAN_POINT ( 'NONE',  ( 0.5001000400320320116, 1.355252715606880543E-17, 0.7751000400320319228 ) ) ;
#2108 = VERTEX_POINT ( 'NONE', #1643 ) ;
#2109 = CARTESIAN_POINT ( 'NONE',  ( -1.620535513922283011, 0.08826611352744170857, 0.2114262039461350384 ) ) ;
#2110 = ADVANCED_FACE ( 'NONE', ( #4546 ), #3465, .F. ) ;
#2111 = CARTESIAN_POINT ( 'NONE',  ( 0.9656045831057591400, 0.05920693847686203659, 0.7949558168452207640 ) ) ;
#2112 = CARTESIAN_POINT ( 'NONE',  ( -1.580881619060908738, 0.08559074299740777880, -0.1389026971120646547 ) ) ;
#2113 = CARTESIAN_POINT ( 'NONE',  ( 0.03999999999999923755, 0.1200000000000000927, 0.8125000000000000000 ) ) ;
#2114 = B_SPLINE_SURFACE_WITH_KNOTS ( 'NONE', 3, 3, ( 
 ( #710, #2151, #3379, #1589, #2213, #3760 ),
 ( #2630, #2651, #4089, #1196, #2189, #2953 ),
 ( #481, #1838, #4418, #132, #394, #1886 ),
 ( #35, #1493, #3350, #817, #837, #4394 ),
 ( #63, #1148, #4063, #2236, #434, #3071 ),
 ( #3874, #1638, #1661, #3527, #1246, #254 ),
 ( #1713, #4157, #884, #3165, #1321, #2726 ),
 ( #3119, #4615, #559, #3095, #2752, #4541 ),
 ( #1349, #2781, #4181, #3504, #2335, #3798 ),
 ( #4134, #528, #2420, #962, #4208, #2312 ) ),
 .UNSPECIFIED., .F., .F., .F.,
 ( 4, 2, 2, 2, 4 ),
 ( 4, 2, 4 ),
 ( 0.000000000000000000, 0.2500000000000000000, 0.5000000000000000000, 0.7500000000000000000, 1.000000000000000000 ),
 ( 0.000000000000000000, 0.5000000000000000000, 1.000000000000000000 ),
 .UNSPECIFIED. ) ;
#2115 = CARTESIAN_POINT ( 'NONE',  ( 0.9156311340051215275, 0.1200000000000001066, 0.8033392868068344184 ) ) ;
#2116 = ORIENTED_EDGE ( 'NONE', *, *, #3315, .T. ) ;
#2117 = DIRECTION ( 'NONE',  ( 0.000000000000000000, 0.000000000000000000, -1.000000000000000000 ) ) ;
#2118 = EDGE_CURVE ( 'NONE', #1390, #457, #103, .T. ) ;
#2119 = DIRECTION ( 'NONE',  ( 0.000000000000000000, 0.000000000000000000, 1.000000000000000000 ) ) ;
#2120 = CARTESIAN_POINT ( 'NONE',  ( -1.107455816845221097, 0.05920693847686206435, 0.7218954168942409710 ) ) ;
#2121 = CARTESIAN_POINT ( 'NONE',  ( -1.034395416894241526, 0.05920693847686206435, -0.7949558168452208751 ) ) ;
#2122 = CARTESIAN_POINT ( 'NONE',  ( -0.8925441831547793470, 0.05920693847686207129, -0.7218954168942409710 ) ) ;
#2123 = ORIENTED_EDGE ( 'NONE', *, *, #4100, .T. ) ;
#2124 = CARTESIAN_POINT ( 'NONE',  ( -1.460204269097417296, 0.1040270620709143057, -0.8993605707346430389 ) ) ;
#2125 = CARTESIAN_POINT ( 'NONE',  ( -1.605983262320119564, 0.05666991344397943192, 0.8275382042656245218 ) ) ;
#2126 = CARTESIAN_POINT ( 'NONE',  ( -0.5240923965397540352, 0.02381372425704559800, 0.8502039842404339742 ) ) ;
#2127 = DIRECTION ( 'NONE',  ( 1.000000000000000000, 0.000000000000000000, -0.000000000000000000 ) ) ;
#2128 = CARTESIAN_POINT ( 'NONE',  ( -0.9846404881669000853, -1.257226084456080834E-17, 0.6950603447338526975 ) ) ;
#2129 = CYLINDRICAL_SURFACE ( 'NONE', #4668, 0.1250000000000000000 ) ;
#2130 = CIRCLE ( 'NONE', #1460, 0.1000000000000001582 ) ;
#2131 = CARTESIAN_POINT ( 'NONE',  ( -0.08347832989683326432, 0.1027437099221051170, -0.8024942215026177328 ) ) ;
#2132 = PRESENTATION_LAYER_ASSIGNMENT (  '', '', ( #325 ) ) ;
#2133 = ORIENTED_EDGE ( 'NONE', *, *, #2616, .T. ) ;
#2134 = CARTESIAN_POINT ( 'NONE',  ( 1.472469951759963092, 0.002734742325116378773, -0.7947383858499487141 ) ) ;
#2135 = CARTESIAN_POINT ( 'NONE',  ( 0.9924396552661471915, -1.257226084456081451E-17, 0.7028595118331000258 ) ) ;
#2136 = CARTESIAN_POINT ( 'NONE',  ( -1.566194938881850351, 0.02117201403232704671, -0.2024000288156138361 ) ) ;
#2137 = AXIS2_PLACEMENT_3D ( 'NONE', #3015, #4107, #1697 ) ;
#2138 = CARTESIAN_POINT ( 'NONE',  ( -1.605983262320119564, 0.05666991344397943192, -0.8275382042656245218 ) ) ;
#2139 = VERTEX_POINT ( 'NONE', #1954 ) ;
#2140 = CARTESIAN_POINT ( 'NONE',  ( 0.9577978753546120272, -2.286988957586609375E-17, -0.7010497760533379585 ) ) ;
#2141 = CARTESIAN_POINT ( 'NONE',  ( 0.009916827216179240762, -1.110046455730802225E-17, 0.7013164107658030888 ) ) ;
#2142 = CARTESIAN_POINT ( 'NONE',  ( -0.03979573090258262114, 0.1040270620709143057, 0.8118605707346431277 ) ) ;
#2143 = VECTOR ( 'NONE', #3597, 1000.000000000000000 ) ;
#2144 = EDGE_CURVE ( 'NONE', #2350, #4345, #1854, .T. ) ;
#2145 = CARTESIAN_POINT ( 'NONE',  ( -1.120535513922283455, 0.08826611352744170857, 0.7260737960538642399 ) ) ;
#2146 = VECTOR ( 'NONE', #2235, 1000.000000000000000 ) ;
#2147 = B_SPLINE_CURVE_WITH_KNOTS ( 'NONE', 3,
 ( #1630, #582, #3088, #1006, #4301, #2901, #1343, #4700, #3230, #1077 ),
 .UNSPECIFIED., .F., .F.,
 ( 4, 2, 2, 2, 4 ),
 ( 0.000000000000000000, 0.2500000000000000000, 0.5000000000000000000, 0.7500000000000000000, 1.000000000000000000 ),
 .UNSPECIFIED. ) ;
#2148 = CARTESIAN_POINT ( 'NONE',  ( -1.080881619060908294, 0.08559074299740682124, -0.7985973028879318480 ) ) ;
#2149 = CARTESIAN_POINT ( 'NONE',  ( -0.9680124709968692676, 0.003191557600172720797, -0.6977866688648366456 ) ) ;
#2150 = SURFACE_SIDE_STYLE ('',( #659 ) ) ;
#2151 = CARTESIAN_POINT ( 'NONE',  ( 1.375000000000000000, 0.1200000000000001205, 0.8373154507300614169 ) ) ;
#2152 = CARTESIAN_POINT ( 'NONE',  ( -0.3750000000000000555, 0.1200000000000000927, -0.8149999999999995026 ) ) ;
#2153 = CARTESIAN_POINT ( 'NONE',  ( -1.539999999999999813, 0.1250000000000000000, 0.2498999599679679051 ) ) ;
#2154 = B_SPLINE_CURVE_WITH_KNOTS ( 'NONE', 3,
 ( #4199, #1003, #3817, #3497, #2434, #932, #4607, #4628, #2065, #4582, #2817, #2385 ),
 .UNSPECIFIED., .F., .F.,
 ( 4, 2, 2, 2, 2, 4 ),
 ( 0.000000000000000000, 0.2499999999999995559, 0.3749999999999993339, 0.4374999999999992228, 0.4999999999999991118, 1.000000000000000000 ),
 .UNSPECIFIED. ) ;
#2155 = DIRECTION ( 'NONE',  ( -1.000000000000000000, 0.000000000000000000, 0.000000000000000000 ) ) ;
#2156 = CARTESIAN_POINT ( 'NONE',  ( 0.5728110742782145381, 0.02205258410723293441, 0.8107172485160168973 ) ) ;
#2157 = CARTESIAN_POINT ( 'NONE',  ( 1.375000000000000000, 0.1200000000000000927, 0.8149999999999993916 ) ) ;
#2158 = CARTESIAN_POINT ( 'NONE',  ( 1.499899959967967877, 1.355252715606880543E-17, -0.7751000400320320338 ) ) ;
#2159 = CARTESIAN_POINT ( 'NONE',  ( 0.000000000000000000, 0.1200000000000000511, 0.000000000000000000 ) ) ;
#2160 = CARTESIAN_POINT ( 'NONE',  ( 0.9293304115605673932, 0.05540140092754008289, 0.7849882270994170685 ) ) ;
#2161 = CARTESIAN_POINT ( 'NONE',  ( -1.500100040032032345, -1.355252715606880543E-17, -0.2498999599679679051 ) ) ;
#2162 = CARTESIAN_POINT ( 'NONE',  ( -1.583478329896831571, 0.1027437099221056166, -0.8899942215026171999 ) ) ;
#2163 = ORIENTED_EDGE ( 'NONE', *, *, #1533, .T. ) ;
#2164 = CYLINDRICAL_SURFACE ( 'NONE', #841, 0.1250000000000000000 ) ;
#2165 = CARTESIAN_POINT ( 'NONE',  ( -0.1205355139222833716, 0.08826611352744170857, 0.7260737960538642399 ) ) ;
#2166 = UNCERTAINTY_MEASURE_WITH_UNIT (LENGTH_MEASURE( 1.000000000000000082E-05 ), #476, 'distance_accuracy_value', 'NONE');
#2167 = CARTESIAN_POINT ( 'NONE',  ( 0.06154642512657705622, 0.01509841972869553628, -0.7072294162630367031 ) ) ;
#2168 = CARTESIAN_POINT ( 'NONE',  ( -1.415631134005121083, 0.1200000000000001066, -0.8908392868068341075 ) ) ;
#2169 = DIRECTION ( 'NONE',  ( -1.000000000000000000, 0.000000000000000000, 0.000000000000000000 ) ) ;
#2170 = VERTEX_POINT ( 'NONE', #1245 ) ;
#2171 = EDGE_CURVE ( 'NONE', #2783, #4666, #557, .T. ) ;
#2172 =( NAMED_UNIT ( * ) SI_UNIT ( $, .STERADIAN. ) SOLID_ANGLE_UNIT ( ) );
#2173 = LINE ( 'NONE', #4377, #2595 ) ;
#2174 = CARTESIAN_POINT ( 'NONE',  ( 0.5275300482400367974, 0.002734742325115862693, 0.7947383858499480480 ) ) ;
#2175 = CARTESIAN_POINT ( 'NONE',  ( -1.492439655266147192, 2.940798934524030151E-18, -0.2346404881668995857 ) ) ;
#2176 = CARTESIAN_POINT ( 'NONE',  ( -1.375000000000000444, 0.1200000000000001205, -0.8373154507300614169 ) ) ;
#2177 = CARTESIAN_POINT ( 'NONE',  ( -1.500100040032032345, -1.355252715606880543E-17, -0.2498999599679679051 ) ) ;
#2178 = CARTESIAN_POINT ( 'NONE',  ( -1.611097302887933180, 0.08559074299740820901, -0.8558816190609094265 ) ) ;
#2179 = DIRECTION ( 'NONE',  ( -0.000000000000000000, -0.000000000000000000, 1.000000000000000000 ) ) ;
#2180 = ORIENTED_EDGE ( 'NONE', *, *, #3380, .T. ) ;
#2181 = CARTESIAN_POINT ( 'NONE',  ( 1.000000000000000000, 0.000000000000000000, -0.6876000400320320116 ) ) ;
#2182 = CARTESIAN_POINT ( 'NONE',  ( 0.3794644860777167672, 0.08826611352744172245, -0.8135737960538642621 ) ) ;
#2183 = DIRECTION ( 'NONE',  ( 1.000000000000000000, 0.000000000000000000, 0.000000000000000000 ) ) ;
#2184 = CYLINDRICAL_SURFACE ( 'NONE', #3065, 0.1250000000000000000 ) ;
#2185 = CARTESIAN_POINT ( 'NONE',  ( -1.031987529003130843, 0.003191557600172705185, -0.6977866688648366456 ) ) ;
#2186 = CARTESIAN_POINT ( 'NONE',  ( -0.9118774971626167902, 0.04223057456742991544, -0.7511795018533902191 ) ) ;
#2187 = ORIENTED_EDGE ( 'NONE', *, *, #1956, .F. ) ;
#2188 = CARTESIAN_POINT ( 'NONE',  ( 0.8885295856879027454, 0.06768328392767712642, -0.7231339966864285262 ) ) ;
#2189 = CARTESIAN_POINT ( 'NONE',  ( 1.438449170258324417, 0.1031714939717098406, 0.8993263205992824139 ) ) ;
#2190 = CARTESIAN_POINT ( 'NONE',  ( -0.01028666886483697342, 0.003191557600172710389, -0.7194875290031307324 ) ) ;
#2191 = B_SPLINE_CURVE_WITH_KNOTS ( 'NONE', 3,
 ( #1330, #970, #2539, #4442, #3066, #3043, #4488, #3849, #2555, #3661 ),
 .UNSPECIFIED., .F., .F.,
 ( 4, 2, 2, 2, 4 ),
 ( 0.000000000000000000, 0.2500000000000000000, 0.5000000000000000000, 0.7500000000000000000, 1.000000000000000000 ),
 .UNSPECIFIED. ) ;
#2192 = CARTESIAN_POINT ( 'NONE',  ( -1.388902697112065709, 0.08559074299740720981, 0.1691183809390894022 ) ) ;
#2193 = CARTESIAN_POINT ( 'NONE',  ( -0.1075322625817116406, 0.06057464461987860371, -0.7218835803422080089 ) ) ;
#2194 = EDGE_CURVE ( 'NONE', #1374, #3814, #3895, .T. ) ;
#2195 = CARTESIAN_POINT ( 'NONE',  ( 1.114994221502619176, 0.1027437099221060607, 0.7709783298968297949 ) ) ;
#2196 = CARTESIAN_POINT ( 'NONE',  ( 0.3994744437503204293, 0.05045777769026704024, -0.8071616207393508269 ) ) ;
#2197 = CARTESIAN_POINT ( 'NONE',  ( -1.388902697112067264, 0.08559074299740676572, -0.8558816190609113139 ) ) ;
#2198 = CARTESIAN_POINT ( 'NONE',  ( 1.570669588439433273, 0.05540140092753966655, 0.8724882270994189781 ) ) ;
#2199 = CARTESIAN_POINT ( 'NONE',  ( -1.624360570734643128, 0.1040270620709143334, -0.8147957309025830597 ) ) ;
#2200 = STYLED_ITEM ( 'NONE', ( #2536 ), #1205 ) ;
#2201 = CARTESIAN_POINT ( 'NONE',  ( -1.016086191993540888, -1.061591868151710238E-17, 0.6927069017433538090 ) ) ;
#2202 = ORIENTED_EDGE ( 'NONE', *, *, #2976, .F. ) ;
#2203 = CARTESIAN_POINT ( 'NONE',  ( -0.03054935224729507515, 0.002887014083467463223, 0.7024820457392417783 ) ) ;
#2204 = VECTOR ( 'NONE', #4137, 1000.000000000000000 ) ;
#2205 = CARTESIAN_POINT ( 'NONE',  ( 0.1249999999999998890, 0.1200000000000001205, -0.7274999999999993694 ) ) ;
#2206 =( NAMED_UNIT ( * ) PLANE_ANGLE_UNIT ( ) SI_UNIT ( $, .RADIAN. ) );
#2207 = AXIS2_PLACEMENT_3D ( 'NONE', #3879, #944, #3150 ) ;
#2208 = AXIS2_PLACEMENT_3D ( 'NONE', #1805, #733, #2636 ) ;
#2209 = CARTESIAN_POINT ( 'NONE',  ( 0.5808816190609086272, 0.08559074299740673797, -0.8860973028879358671 ) ) ;
#2210 = VERTEX_POINT ( 'NONE', #3551 ) ;
#2211 = CARTESIAN_POINT ( 'NONE',  ( -0.4998999599679679884, 0.1250000000000000000, 0.8149999999999993916 ) ) ;
#2212 = CARTESIAN_POINT ( 'NONE',  ( -0.5399999999999994804, 0.1200000000000000927, -0.9000000000000001332 ) ) ;
#2213 = CARTESIAN_POINT ( 'NONE',  ( 1.437684549269939271, 0.1200000000000000927, 0.9000000000000000222 ) ) ;
#2214 = EDGE_LOOP ( 'NONE', ( #770, #470, #1149, #4102 ) ) ;
#2215 = ADVANCED_FACE ( 'NONE', ( #2855 ), #2473, .T. ) ;
#2216 = CARTESIAN_POINT ( 'NONE',  ( -1.480270583736963408, 0.01509841972869555189, 0.1884535748734227634 ) ) ;
#2217 = CARTESIAN_POINT ( 'NONE',  ( 1.459999999999999964, 0.1200000000000000927, -0.9000000000000001332 ) ) ;
#2218 = CARTESIAN_POINT ( 'NONE',  ( -1.505206901743354031, -9.024018867986849104E-18, 0.2339138080064591951 ) ) ;
#2219 = CARTESIAN_POINT ( 'NONE',  ( 1.584368865994878695, 0.1200000000000001066, -0.8908392868068344406 ) ) ;
#2220 = CARTESIAN_POINT ( 'NONE',  ( 0.4999999999999998890, 0.000000000000000000, -0.7751000400320320338 ) ) ;
#2221 = CARTESIAN_POINT ( 'NONE',  ( -0.04000000000000010492, 0.000000000000000000, 0.7274999999999999245 ) ) ;
#2222 = CARTESIAN_POINT ( 'NONE',  ( -0.4644620392815385079, 0.05823471834463995328, 0.8860304907704180666 ) ) ;
#2223 = EDGE_CURVE ( 'NONE', #692, #1923, #4428, .T. ) ;
#2224 = CYLINDRICAL_SURFACE ( 'NONE', #708, 0.1000000000000001582 ) ;
#2225 = CARTESIAN_POINT ( 'NONE',  ( -0.5615464251265769313, 0.01509841972869555189, 0.7947294162630365033 ) ) ;
#2226 = CARTESIAN_POINT ( 'NONE',  ( -1.559282619573153283, 0.01391275739034059968, -0.8040020050177357769 ) ) ;
#2227 = EDGE_LOOP ( 'NONE', ( #3090, #3917, #1632 ) ) ;
#2228 = FACE_OUTER_BOUND ( 'NONE', #1587, .T. ) ;
#2229 = ADVANCED_FACE ( 'NONE', ( #1142 ), #2184, .T. ) ;
#2230 = CARTESIAN_POINT ( 'NONE',  ( 0.9156311340051206393, 0.1200000000000001205, -0.8033392868068338633 ) ) ;
#2231 = CARTESIAN_POINT ( 'NONE',  ( 0.1074558168452207085, 0.05920693847686207129, -0.7218954168942409710 ) ) ;
#2232 = CARTESIAN_POINT ( 'NONE',  ( 0.5149820457392420003, 0.002887014083468545690, -0.8055493522472949586 ) ) ;
#2233 = CARTESIAN_POINT ( 'NONE',  ( -1.031363245023969810, 0.04717666425168059313, 0.7855073099083195176 ) ) ;
#2234 = CARTESIAN_POINT ( 'NONE',  ( -0.9156311340051213055, 0.1200000000000001343, -0.8033392868068341963 ) ) ;
#2235 = DIRECTION ( 'NONE',  ( 1.000000000000000000, 0.000000000000000000, -0.000000000000000000 ) ) ;
#2236 = CARTESIAN_POINT ( 'NONE',  ( 1.436320498146609559, 0.04223057456743026239, 0.8631225028373820107 ) ) ;
#2237 = VERTEX_POINT ( 'NONE', #3319 ) ;
#2238 = CARTESIAN_POINT ( 'NONE',  ( -1.480261614150050420, 0.002734742325116396554, 0.2224699517599630638 ) ) ;
#2239 = DIRECTION ( 'NONE',  ( 6.651547070463221357E-17, -0.000000000000000000, 1.000000000000000000 ) ) ;
#2240 = CARTESIAN_POINT ( 'NONE',  ( -1.379935441122414952, 0.08648253317408431673, 0.8348734653053880850 ) ) ;
#2241 = CARTESIAN_POINT ( 'NONE',  ( 1.062315450730061173, 0.1200000000000001066, -0.8125000000000000000 ) ) ;
#2242 = CARTESIAN_POINT ( 'NONE',  ( -0.009916827216178590240, -2.465299171337684462E-17, -0.7013164107658035329 ) ) ;
#2243 = FACE_OUTER_BOUND ( 'NONE', #4434, .T. ) ;
#2244 = CARTESIAN_POINT ( 'NONE',  ( -1.464282751483982237, 0.02205258410723267767, -0.1771889257217862945 ) ) ;
#2245 = DIRECTION ( 'NONE',  ( 0.000000000000000000, -1.000000000000000000, 0.000000000000000000 ) ) ;
#2246 = CARTESIAN_POINT ( 'NONE',  ( -1.429330411560567615, 0.05540140092753903511, -0.8724882270994159805 ) ) ;
#2247 = CARTESIAN_POINT ( 'NONE',  ( 1.559873465305384510, 0.08648253317408537144, 0.8950645588775860695 ) ) ;
#2248 = LINE ( 'NONE', #540, #1834 ) ;
#2249 = ADVANCED_FACE ( 'NONE', ( #763 ), #4600, .T. ) ;
#2250 = ORIENTED_EDGE ( 'NONE', *, *, #2076, .F. ) ;
#2251 = CARTESIAN_POINT ( 'NONE',  ( -0.5321616207393468079, 0.05045777768999813728, 0.8755255562494781429 ) ) ;
#2252 = CARTESIAN_POINT ( 'NONE',  ( 0.8749999999999998890, 0.1200000000000000927, -0.7274999999999993694 ) ) ;
#2253 = CARTESIAN_POINT ( 'NONE',  ( -1.040000000000000036, 0.1200000000000000927, -0.8125000000000000000 ) ) ;
#2254 = CARTESIAN_POINT ( 'NONE',  ( -1.539999999999999813, 0.1200000000000000927, 0.9000000000000000222 ) ) ;
#2255 = ADVANCED_FACE ( 'NONE', ( #2791 ), #1722, .F. ) ;
#2256 = CARTESIAN_POINT ( 'NONE',  ( -1.072811074278215093, 0.02205258410723151541, -0.7232172485160178743 ) ) ;
#2257 = B_SPLINE_CURVE_WITH_KNOTS ( 'NONE', 3,
 ( #980, #1057, #2436, #3889, #2506, #1748, #3206, #4655, #3964, #1810 ),
 .UNSPECIFIED., .F., .F.,
 ( 4, 2, 2, 2, 4 ),
 ( 0.000000000000000000, 0.2500000000000000000, 0.5000000000000000000, 0.7500000000000000000, 1.000000000000000000 ),
 .UNSPECIFIED. ) ;
#2258 = CARTESIAN_POINT ( 'NONE',  ( 0.6205355139222831218, 0.08826611352744170857, -0.8135737960538642621 ) ) ;
#2259 = ORIENTED_EDGE ( 'NONE', *, *, #1303, .T. ) ;
#2260 = DIRECTION ( 'NONE',  ( 0.000000000000000000, 0.000000000000000000, 1.000000000000000000 ) ) ;
#2261 = LINE ( 'NONE', #4180, #4291 ) ;
#2262 = VERTEX_POINT ( 'NONE', #4243 ) ;
#2263 = B_SPLINE_CURVE_WITH_KNOTS ( 'NONE', 3,
 ( #1925, #4105, #3394, #4079, #122, #4437, #1604, #1237, #4461, #3340 ),
 .UNSPECIFIED., .F., .F.,
 ( 4, 2, 2, 2, 4 ),
 ( 0.000000000000000000, 0.2500000000000000000, 0.5000000000000000000, 0.7500000000000000000, 1.000000000000000000 ),
 .UNSPECIFIED. ) ;
#2264 = CARTESIAN_POINT ( 'NONE',  ( 1.034395416894240860, 0.05920693847686203659, -0.7949558168452208751 ) ) ;
#2265 = CARTESIAN_POINT ( 'NONE',  ( -1.486183589234196800, 9.304482487264469634E-20, -0.2400831727838209362 ) ) ;
#2266 = CARTESIAN_POINT ( 'NONE',  ( -1.379464486077717211, 0.08826611352744169470, -0.8135737960538648172 ) ) ;
#2267 = CARTESIAN_POINT ( 'NONE',  ( -0.5160861919935408881, 2.597195021034514269E-18, 0.7802069017433539422 ) ) ;
#2268 = CARTESIAN_POINT ( 'NONE',  ( -0.3750000000000000000, 0.1200000000000000927, 0.8373154507300618610 ) ) ;
#2269 = ORIENTED_EDGE ( 'NONE', *, *, #956, .F. ) ;
#2270 = CARTESIAN_POINT ( 'NONE',  ( -0.02900200501773555345, 0.01391275739033961262, 0.7467826195731537275 ) ) ;
#2271 = CYLINDRICAL_SURFACE ( 'NONE', #2526, 0.1250000000000000000 ) ;
#2272 = FACE_OUTER_BOUND ( 'NONE', #3587, .T. ) ;
#2273 = VECTOR ( 'NONE', #4339, 1000.000000000000000 ) ;
#2274 = DIRECTION ( 'NONE',  ( -0.000000000000000000, 1.000000000000000000, -0.000000000000000000 ) ) ;
#2275 = FACE_OUTER_BOUND ( 'NONE', #3787, .T. ) ;
#2276 = DIRECTION ( 'NONE',  ( 0.000000000000000000, -0.000000000000000000, -1.000000000000000000 ) ) ;
#2277 = CARTESIAN_POINT ( 'NONE',  ( -1.019738385849950912, 0.002734742325115463706, -0.7150300482400354651 ) ) ;
#2278 = CARTESIAN_POINT ( 'NONE',  ( 0.5636795018533907742, 0.04223057456742946442, -0.8631225028373831210 ) ) ;
#2279 = CARTESIAN_POINT ( 'NONE',  ( -0.03980806788837417537, 0.1049917596721290231, 0.8118991895461085129 ) ) ;
#2280 = MECHANICAL_DESIGN_GEOMETRIC_PRESENTATION_REPRESENTATION (  '', ( #3827 ), #702 ) ;
#2281 = ADVANCED_FACE ( 'NONE', ( #646 ), #2430, .T. ) ;
#2282 = CARTESIAN_POINT ( 'NONE',  ( -1.575203984240433730, 0.02381372425704557719, -0.2259076034602455485 ) ) ;
#2283 = CARTESIAN_POINT ( 'NONE',  ( -1.513816410765802978, -1.208073086881602395E-17, 0.7849168272161801685 ) ) ;
#2284 = VECTOR ( 'NONE', #1926, 1000.000000000000000 ) ;
#2285 = ORIENTED_EDGE ( 'NONE', *, *, #3586, .F. ) ;
#2286 = COLOUR_RGB ( '',0.7921568627450980005, 0.8196078431372548767, 0.9333333333333333481 ) ;
#2287 = CARTESIAN_POINT ( 'NONE',  ( -1.499899959967968099, 0.000000000000000000, 0.2498999599679679051 ) ) ;
#2288 = SURFACE_STYLE_FILL_AREA ( #3672 ) ;
#2289 = CARTESIAN_POINT ( 'NONE',  ( -1.411877497162618456, 0.04223057456743115751, 0.8386795018533926838 ) ) ;
#2290 = CARTESIAN_POINT ( 'NONE',  ( 1.047482996653646303, 0.04345662036820454460, -0.7837088159003952059 ) ) ;
#2291 = CARTESIAN_POINT ( 'NONE',  ( -0.1074558168452210277, 0.05920693847686204353, -0.7218954168942409710 ) ) ;
#2292 = CARTESIAN_POINT ( 'NONE',  ( -1.539999999999999813, 0.1200000000000000927, 0.1249999999999998612 ) ) ;
#2293 = CARTESIAN_POINT ( 'NONE',  ( -1.440126534694613492, 0.08648253317408516327, -0.1299354411224138695 ) ) ;
#2294 = CARTESIAN_POINT ( 'NONE',  ( 0.3794644860777168782, 0.08826611352744162531, 0.8135737960538640401 ) ) ;
#2295 = CARTESIAN_POINT ( 'NONE',  ( 0.3841607131931655816, 0.1200000000000001066, -0.8593688659948789388 ) ) ;
#2296 = CARTESIAN_POINT ( 'NONE',  ( 0.02144856690390834278, 0.01937058920951729990, 0.7547735846604325394 ) ) ;
#2297 = ORIENTED_EDGE ( 'NONE', *, *, #4653, .F. ) ;
#2298 = CARTESIAN_POINT ( 'NONE',  ( -1.438453574873423069, 0.01509841972869553281, 0.7947294162630368364 ) ) ;
#2299 = CARTESIAN_POINT ( 'NONE',  ( 1.519729416263036592, 0.01509841972869555016, 0.8365464251265770645 ) ) ;
#2300 = CARTESIAN_POINT ( 'NONE',  ( -0.4656045831057590290, 0.05920693847686205741, 0.8824558168452206752 ) ) ;
#2301 = UNCERTAINTY_MEASURE_WITH_UNIT (LENGTH_MEASURE( 1.000000000000000082E-05 ), #2866, 'distance_accuracy_value', 'NONE');
#2302 = FACE_OUTER_BOUND ( 'NONE', #3757, .T. ) ;
#2303 = PLANE ( 'NONE',  #3368 ) ;
#2304 = CARTESIAN_POINT ( 'NONE',  ( -0.5397957309025829264, 0.1040270620709143612, -0.8993605707346432609 ) ) ;
#2305 = B_SPLINE_CURVE_WITH_KNOTS ( 'NONE', 3,
 ( #3592, #2090, #2746, #978, #3182, #246, #3569, #2772, #4608, #4201 ),
 .UNSPECIFIED., .F., .F.,
 ( 4, 2, 2, 2, 4 ),
 ( 0.000000000000000000, 0.2500000000000000000, 0.5000000000000000000, 0.7500000000000000000, 1.000000000000000000 ),
 .UNSPECIFIED. ) ;
#2306 = VERTEX_POINT ( 'NONE', #2405 ) ;
#2307 = CARTESIAN_POINT ( 'NONE',  ( 0.08088161906090918229, 0.08559074299740658531, 0.7985973028879326252 ) ) ;
#2308 = ADVANCED_FACE ( 'NONE', ( #2036 ), #265, .T. ) ;
#2309 = CARTESIAN_POINT ( 'NONE',  ( 1.125000000000000000, 0.1200000000000000927, -0.7274999999999992584 ) ) ;
#2310 = CARTESIAN_POINT ( 'NONE',  ( 1.605983262320120453, 0.05666991344398126379, -0.8275382042656228565 ) ) ;
#2311 = CARTESIAN_POINT ( 'NONE',  ( 1.107455816845220875, 0.05920693847686204353, 0.7218954168942409710 ) ) ;
#2312 = CARTESIAN_POINT ( 'NONE',  ( 1.499899959967968099, 0.000000000000000000, 0.7751000400320319228 ) ) ;
#2313 = ADVANCED_FACE ( 'NONE', ( #2275 ), #2729, .T. ) ;
#2314 = ORIENTED_EDGE ( 'NONE', *, *, #3388, .F. ) ;
#2315 = CARTESIAN_POINT ( 'NONE',  ( -1.750000000000000222, 0.1200000000000000511, 0.9749999999999999778 ) ) ;
#2316 = CARTESIAN_POINT ( 'NONE',  ( -1.519738385849950468, 0.002734742325114883441, 0.2224699517599625920 ) ) ;
#2317 = CARTESIAN_POINT ( 'NONE',  ( -1.465604583105758696, 0.05920693847686203659, 0.8824558168452207862 ) ) ;
#2318 = CARTESIAN_POINT ( 'NONE',  ( 1.031438972583335500, 0.04590871196975498947, -0.7857011765805180792 ) ) ;
#2319 = EDGE_CURVE ( 'NONE', #2306, #2001, #1808, .T. ) ;
#2320 = CARTESIAN_POINT ( 'NONE',  ( 0.1110304907700838534, 0.05823471834431837024, -0.7230379607184558299 ) ) ;
#2321 = CARTESIAN_POINT ( 'NONE',  ( -1.436320498146609115, 0.04223057456743051219, -0.1618774971626175951 ) ) ;
#2322 = CARTESIAN_POINT ( 'NONE',  ( 1.000100040032032123, -1.355252715606880543E-17, -0.6876000400320320116 ) ) ;
#2323 = CARTESIAN_POINT ( 'NONE',  ( 0.4118774971626182890, 0.04223057456743072036, 0.8386795018533901303 ) ) ;
#2324 = DIRECTION ( 'NONE',  ( 0.000000000000000000, 1.000000000000000000, 0.000000000000000000 ) ) ;
#2325 = ORIENTED_EDGE ( 'NONE', *, *, #141, .T. ) ;
#2326 = CARTESIAN_POINT ( 'NONE',  ( 1.379935441122412065, 0.08648253317408516327, -0.8348734653053891952 ) ) ;
#2327 = CARTESIAN_POINT ( 'NONE',  ( -0.4685610274166640554, 0.04590871196975503110, 0.8732011765805185455 ) ) ;
#2328 = CARTESIAN_POINT ( 'NONE',  ( 0.9614262039461354270, 0.08826611352744170857, -0.8080355139222832328 ) ) ;
#2329 = DIRECTION ( 'NONE',  ( 0.000000000000000000, -0.000000000000000000, 1.000000000000000000 ) ) ;
#2330 = CARTESIAN_POINT ( 'NONE',  ( 0.8841607131931654706, 0.1200000000000001205, -0.7718688659948784725 ) ) ;
#2331 = CARTESIAN_POINT ( 'NONE',  ( -0.6149942215026192871, 0.1027437099221050060, -0.8584783298968288179 ) ) ;
#2332 = EDGE_LOOP ( 'NONE', ( #2814, #1895, #1104, #2652 ) ) ;
#2333 = CARTESIAN_POINT ( 'NONE',  ( 0.1205355139222831634, 0.08826611352744170857, 0.7260737960538642399 ) ) ;
#2334 = CARTESIAN_POINT ( 'NONE',  ( -1.460000000000000187, 0.1200000000000000927, -0.1249999999999998890 ) ) ;
#2335 = CARTESIAN_POINT ( 'NONE',  ( 1.492439655266147192, 9.802663115080044010E-19, 0.7903595118331001590 ) ) ;
#2336 = CARTESIAN_POINT ( 'NONE',  ( 1.098201176580517968, 0.04590871196975496865, 0.7189389725833359446 ) ) ;
#2337 = VERTEX_POINT ( 'NONE', #666 ) ;
#2338 = CARTESIAN_POINT ( 'NONE',  ( 0.3750000000000000000, 0.1200000000000001205, 0.8373154507300614169 ) ) ;
#2339 = CARTESIAN_POINT ( 'NONE',  ( -1.514982045739243111, 0.002887014083467635828, 0.2194506477527050081 ) ) ;
#2340 = CARTESIAN_POINT ( 'NONE',  ( -0.4709979949822650780, 0.01391275739033955190, -0.8342826195731534167 ) ) ;
#2341 = DIRECTION ( 'NONE',  ( 0.000000000000000000, -0.000000000000000000, -1.000000000000000000 ) ) ;
#2342 = CARTESIAN_POINT ( 'NONE',  ( -0.8841607131931659147, 0.1200000000000001066, 0.7718688659948789166 ) ) ;
#2343 = CARTESIAN_POINT ( 'NONE',  ( -1.375000000000000000, 0.1200000000000000927, -0.1876845492699382167 ) ) ;
#2344 = DIRECTION ( 'NONE',  ( 0.000000000000000000, 0.000000000000000000, -1.000000000000000000 ) ) ;
#2345 = ADVANCED_FACE ( 'NONE', ( #1802 ), #4693, .T. ) ;
#2346 = CARTESIAN_POINT ( 'NONE',  ( 0.4947930982566461910, 9.788694915172482134E-19, 0.7910861919935406883 ) ) ;
#2347 = DIRECTION ( 'NONE',  ( 0.000000000000000000, 1.000000000000000000, 0.000000000000000000 ) ) ;
#2348 = B_SPLINE_SURFACE_WITH_KNOTS ( 'NONE', 3, 3, ( 
 ( #4273, #1676, #1340, #4225, #954, #2409 ),
 ( #3865, #600, #2795, #737, #2872, #4720 ),
 ( #2940, #3962, #1746, #2112, #315, #2898 ),
 ( #4005, #4025, #1767, #1031, #362, #4698 ),
 ( #1457, #1414, #3937, #2569, #695, #1055 ),
 ( #4321, #3204, #2136, #2919, #3617, #718 ),
 ( #3568, #4343, #4652, #3656, #4365, #671 ),
 ( #2504, #340, #2848, #2484, #1386, #4299 ),
 ( #2551, #3228, #1787, #3297, #383, #3254 ),
 ( #1436, #2161, #1482, #2177, #1074, #1824 ) ),
 .UNSPECIFIED., .F., .F., .F.,
 ( 4, 2, 2, 2, 4 ),
 ( 4, 2, 4 ),
 ( 0.000000000000000000, 0.2500000000000000000, 0.5000000000000000000, 0.7500000000000000000, 1.000000000000000000 ),
 ( 0.000000000000000000, 0.5000000000000000000, 1.000000000000000000 ),
 .UNSPECIFIED. ) ;
#2349 = CARTESIAN_POINT ( 'NONE',  ( -1.010286668864837090, 0.003191557600172710389, -0.7194875290031307324 ) ) ;
#2350 = VERTEX_POINT ( 'NONE', #1763 ) ;
#2351 = CARTESIAN_POINT ( 'NONE',  ( -1.375639429265357316, 0.1040270620709143057, 0.8147957309025829487 ) ) ;
#2352 = CARTESIAN_POINT ( 'NONE',  ( 1.575203984240433730, 0.02381372425704561535, 0.7990923965397538353 ) ) ;
#2353 = CARTESIAN_POINT ( 'NONE',  ( 0.8799354411224138417, 0.08648253317408433061, 0.7473734653053881738 ) ) ;
#2354 = CARTESIAN_POINT ( 'NONE',  ( 0.9998999599679677663, -2.710505431213761085E-17, -0.6876000400320320116 ) ) ;
#2355 = CARTESIAN_POINT ( 'NONE',  ( -1.460204269097417296, 0.1040270620709143057, 0.1256394292653567890 ) ) ;
#2356 = CARTESIAN_POINT ( 'NONE',  ( -0.5001000400320322337, 1.355252715606880543E-17, -0.7751000400320320338 ) ) ;
#2357 = ORIENTED_EDGE ( 'NONE', *, *, #3060, .F. ) ;
#2358 = CARTESIAN_POINT ( 'NONE',  ( 0.03054935224729442289, 0.002887014083468384361, 0.7024820457392424444 ) ) ;
#2359 = CARTESIAN_POINT ( 'NONE',  ( 1.000100040032032123, 0.1250000000000000000, 0.7274999999999993694 ) ) ;
#2360 = CARTESIAN_POINT ( 'NONE',  ( 1.035537960718450501, 0.05823471834403119718, 0.7985304907697853283 ) ) ;
#2361 = VECTOR ( 'NONE', #3806, 1000.000000000000000 ) ;
#2362 = CARTESIAN_POINT ( 'NONE',  ( 1.566194938881852350, 0.02117201403232679344, -0.8225999711843832163 ) ) ;
#2363 = CARTESIAN_POINT ( 'NONE',  ( -1.500100040032032123, -1.355252715606880543E-17, 0.7751000400320319228 ) ) ;
#2364 = CARTESIAN_POINT ( 'NONE',  ( -1.532161620739340480, 0.05045777768956290210, -0.1494744437508477297 ) ) ;
#2365 = CARTESIAN_POINT ( 'NONE',  ( 1.072811074278213761, 0.02205258410723261869, 0.7232172485160170972 ) ) ;
#2366 = ORIENTED_EDGE ( 'NONE', *, *, #1539, .T. ) ;
#2367 = CARTESIAN_POINT ( 'NONE',  ( -1.550000000000000266, 0.6380000000000000115, -0.6749999999999998224 ) ) ;
#2368 = CARTESIAN_POINT ( 'NONE',  ( -1.505206901743354031, -9.024018867986849104E-18, 0.2339138080064591951 ) ) ;
#2369 = CARTESIAN_POINT ( 'NONE',  ( -0.4897133311351636875, 0.003191557600172719930, -0.8069875290031306436 ) ) ;
#2370 = VECTOR ( 'NONE', #1123, 1000.000000000000000 ) ;
#2371 = B_SPLINE_CURVE_WITH_KNOTS ( 'NONE', 3,
 ( #933, #222, #2819, #672, #3205, #2113 ),
 .UNSPECIFIED., .F., .F.,
 ( 4, 2, 4 ),
 ( 0.000000000000000000, 0.5000000000000000000, 1.000000000000000000 ),
 .UNSPECIFIED. ) ;
#2372 = CARTESIAN_POINT ( 'NONE',  ( 0.5001000400320320116, 0.1250000000000000000, 0.8149999999999993916 ) ) ;
#2373 = EDGE_CURVE ( 'NONE', #3853, #193, #3408, .T. ) ;
#2374 = CARTESIAN_POINT ( 'NONE',  ( -1.375673679400717386, 0.1031714939717090218, -0.1884491702583236394 ) ) ;
#2375 = CARTESIAN_POINT ( 'NONE',  ( 0.9947930982566457470, -2.416844583758586929E-17, -0.7035861919935407771 ) ) ;
#2376 = CARTESIAN_POINT ( 'NONE',  ( 0.4247960157595664921, 0.02381372425704564311, 0.7990923965397539463 ) ) ;
#2377 = VECTOR ( 'NONE', #4049, 1000.000000000000000 ) ;
#2378 = B_SPLINE_CURVE_WITH_KNOTS ( 'NONE', 3,
 ( #542, #3467, #3133, #119, #4577, #192, #1309, #848, #1577, #827, #4551, #1651 ),
 .UNSPECIFIED., .F., .F.,
 ( 4, 2, 2, 2, 2, 4 ),
 ( 0.000000000000000000, 0.2499999999999998890, 0.3749999999999996669, 0.4374999999999997224, 0.4999999999999996669, 1.000000000000000000 ),
 .UNSPECIFIED. ) ;
#2379 = CARTESIAN_POINT ( 'NONE',  ( 0.6200645588775874906, 0.08648253317408531593, 0.8348734653053885291 ) ) ;
#2380 = CARTESIAN_POINT ( 'NONE',  ( 0.02411456414676990678, 0.02520750528233654461, 0.7629503710100520308 ) ) ;
#2381 = VERTEX_POINT ( 'NONE', #1050 ) ;
#2382 = CARTESIAN_POINT ( 'NONE',  ( 0.4850179542607568339, 0.002887014083468397371, -0.8055493522472939594 ) ) ;
#2383 = EDGE_CURVE ( 'NONE', #2381, #2783, #336, .T. ) ;
#2384 = CARTESIAN_POINT ( 'NONE',  ( -0.4407173804268467165, 0.01391275739034006885, 0.8040020050177361099 ) ) ;
#2385 = CARTESIAN_POINT ( 'NONE',  ( -0.9600000000000007416, 0.1200000000000000927, 0.8125000000000000000 ) ) ;
#2386 = CARTESIAN_POINT ( 'NONE',  ( 0.5623154507300611726, 0.1200000000000000927, -0.9000000000000001332 ) ) ;
#2387 = B_SPLINE_SURFACE_WITH_KNOTS ( 'NONE', 3, 3, ( 
 ( #1283, #3471, #3110, #1966, #3496, #3440 ),
 ( #3816, #3084, #1260, #2770, #3864, #2717 ),
 ( #4172, #2353, #546, #4197, #1766, #4696 ),
 ( #1384, #2524, #4320, #2160, #4651, #2111 ),
 ( #2896, #2460, #976, #1002, #1339, #3615 ),
 ( #3986, #314, #1054, #2063, #268, #3545 ),
 ( #2433, #4298, #4341, #2503, #291, #649 ),
 ( #694, #1745, #2845, #1786, #669, #3961 ),
 ( #3157, #2483, #2794, #3253, #2135, #1725 ),
 ( #3913, #339, #3226, #1435, #717, #3887 ) ),
 .UNSPECIFIED., .F., .F., .F.,
 ( 4, 2, 2, 2, 4 ),
 ( 4, 2, 4 ),
 ( 0.000000000000000000, 0.2500000000000000000, 0.5000000000000000000, 0.7500000000000000000, 1.000000000000000000 ),
 ( 0.000000000000000000, 0.5000000000000000000, 1.000000000000000000 ),
 .UNSPECIFIED. ) ;
#2388 = CARTESIAN_POINT ( 'NONE',  ( -0.5001000400320322337, 1.355252715606880543E-17, -0.7751000400320320338 ) ) ;
#2389 = ORIENTED_EDGE ( 'NONE', *, *, #1368, .F. ) ;
#2390 = CARTESIAN_POINT ( 'NONE',  ( 0.06231545073006120039, 0.1200000000000001205, 0.8125000000000000000 ) ) ;
#2391 = EDGE_CURVE ( 'NONE', #3814, #2694, #4479, .T. ) ;
#2392 = DIRECTION ( 'NONE',  ( 0.000000000000000000, 0.000000000000000000, -1.000000000000000000 ) ) ;
#2393 = ADVANCED_BREP_SHAPE_REPRESENTATION ( 'EPC2218A', ( #4410, #4360, #2575, #1241, #1126, #2718, #2580, #1288, #1205, #2708, #1316 ), #1396 ) ;
#2394 = CARTESIAN_POINT ( 'NONE',  ( 1.572811074278214205, 0.02205258410723325707, -0.8107172485160168973 ) ) ;
#2395 = CARTESIAN_POINT ( 'NONE',  ( 1.061546425126577153, 0.01509841972869551720, 0.7072294162630367031 ) ) ;
#2396 = CARTESIAN_POINT ( 'NONE',  ( 1.052538204265624389, 0.05666991344398129848, 0.7934832623201201196 ) ) ;
#2397 = ORIENTED_EDGE ( 'NONE', *, *, #4392, .T. ) ;
#2398 = PRESENTATION_STYLE_ASSIGNMENT (( #1295 ) ) ;
#2399 = CARTESIAN_POINT ( 'NONE',  ( 1.526450474588348705, 0.03105724883139205153, 0.8576163428421079704 ) ) ;
#2400 = CARTESIAN_POINT ( 'NONE',  ( 0.9772283424378076511, 0.01984042254780774700, 0.7585684407035631072 ) ) ;
#2401 = CARTESIAN_POINT ( 'NONE',  ( -0.4642827514839823477, 0.02205258410723267420, -0.8478110742782135612 ) ) ;
#2402 = DIRECTION ( 'NONE',  ( 3.584139413175220764E-16, 0.000000000000000000, 1.000000000000000000 ) ) ;
#2403 = CARTESIAN_POINT ( 'NONE',  ( -1.475061630071347940, 0.02717184769238926295, 0.8529706279605872021 ) ) ;
#2404 = CARTESIAN_POINT ( 'NONE',  ( 0.4685610274166641664, 0.04590871196975498253, 0.8732011765805184345 ) ) ;
#2405 = CARTESIAN_POINT ( 'NONE',  ( -1.539999999999999813, 0.1200000000000000927, -0.1249999999999998612 ) ) ;
#2406 = VERTEX_POINT ( 'NONE', #4067 ) ;
#2407 = CARTESIAN_POINT ( 'NONE',  ( 1.452517003346355029, 0.04345662036820514829, -0.8712088159003964494 ) ) ;
#2408 = CARTESIAN_POINT ( 'NONE',  ( -0.4524000288156164173, 0.02117201403232605791, 0.8411949388818515949 ) ) ;
#2409 = CARTESIAN_POINT ( 'NONE',  ( -1.539999999999999813, 0.1200000000000000927, -0.1249999999999998890 ) ) ;
#2410 = EDGE_CURVE ( 'NONE', #746, #176, #2653, .T. ) ;
#2411 = CARTESIAN_POINT ( 'NONE',  ( 0.5843688659948786945, 0.1200000000000001066, -0.8908392868068344406 ) ) ;
#2412 = CARTESIAN_POINT ( 'NONE',  ( -0.08436886599487934679, 0.1200000000000001205, -0.8033392868068338633 ) ) ;
#2413 = CARTESIAN_POINT ( 'NONE',  ( -0.5808816190609102925, 0.08559074299740646041, -0.8860973028879343127 ) ) ;
#2414 = CARTESIAN_POINT ( 'NONE',  ( 0.03571724851601656980, 0.02205258410723178256, 0.7603110742782146492 ) ) ;
#2415 = CARTESIAN_POINT ( 'NONE',  ( 1.038573796053863907, 0.08826611352744170857, -0.8080355139222832328 ) ) ;
#2416 = CARTESIAN_POINT ( 'NONE',  ( 1.006823536315824219, -2.858736196983263644E-18, 0.7086467883837754833 ) ) ;
#2417 = EDGE_CURVE ( 'NONE', #457, #4487, #1224, .T. ) ;
#2418 = CARTESIAN_POINT ( 'NONE',  ( 1.509916827216179369, -1.215786989845665625E-17, -0.7888164107658030000 ) ) ;
#2419 = CARTESIAN_POINT ( 'NONE',  ( -1.066194938881852572, 0.02117201403232512116, 0.7350999711843846374 ) ) ;
#2420 = CARTESIAN_POINT ( 'NONE',  ( 1.499899959967968099, 0.000000000000000000, 0.7751000400320319228 ) ) ;
#2421 = CARTESIAN_POINT ( 'NONE',  ( 1.024092396539754146, 0.02381372425704562923, 0.7627039842404336190 ) ) ;
#2422 = VERTEX_POINT ( 'NONE', #1496 ) ;
#2423 = FILL_AREA_STYLE_COLOUR ( '', #3606 ) ;
#2424 = CARTESIAN_POINT ( 'NONE',  ( -1.507560344733852808, -9.342597135924576393E-18, 0.2346404881668996967 ) ) ;
#2425 = CARTESIAN_POINT ( 'NONE',  ( -0.5397957309025823713, 0.1040270620709142779, 0.8993605707346430389 ) ) ;
#2426 = CARTESIAN_POINT ( 'NONE',  ( -0.0001000400320322163139, -2.710505431213761085E-17, -0.6876000400320320116 ) ) ;
#2427 = CARTESIAN_POINT ( 'NONE',  ( -1.375000000000000444, 0.1200000000000000927, -0.8149999999999999467 ) ) ;
#2428 = CARTESIAN_POINT ( 'NONE',  ( -0.04000000000000010492, 0.1200000000000000927, -0.8125000000000000000 ) ) ;
#2429 = CARTESIAN_POINT ( 'NONE',  ( 0.4025117729005797118, 0.05540140092754029799, 0.8456695884394312968 ) ) ;
#2430 = CYLINDRICAL_SURFACE ( 'NONE', #14, 0.1250000000000000000 ) ;
#2431 = VERTEX_POINT ( 'NONE', #417 ) ;
#2432 = CARTESIAN_POINT ( 'NONE',  ( -1.539999999999999813, 0.1200000000000000927, 0.1249999999999998890 ) ) ;
#2433 = CARTESIAN_POINT ( 'NONE',  ( 0.9384535748734226246, 0.01509841972869553801, 0.7072294162630367031 ) ) ;
#2434 = CARTESIAN_POINT ( 'NONE',  ( -0.9785514330960920493, 0.01937058920951729990, 0.7547735846604322063 ) ) ;
#2435 = CARTESIAN_POINT ( 'NONE',  ( -1.625000000000000222, 0.1200000000000000927, -0.8373154507300615279 ) ) ;
#2436 = CARTESIAN_POINT ( 'NONE',  ( 0.5102866688648363125, 0.003191557600172719930, -0.8069875290031306436 ) ) ;
#2437 = EDGE_LOOP ( 'NONE', ( #2075, #426, #507, #2674 ) ) ;
#2438 = CARTESIAN_POINT ( 'NONE',  ( 1.465604583105758252, 0.05920693847686211292, -0.8824558168452210083 ) ) ;
#2439 = CARTESIAN_POINT ( 'NONE',  ( -0.08436886599487848637, 0.1200000000000001066, 0.8033392868068344184 ) ) ;
#2440 = LINE ( 'NONE', #635, #2461 ) ;
#2441 = CARTESIAN_POINT ( 'NONE',  ( -1.124326320599282614, 0.1031714939717076479, 0.7490508297416788031 ) ) ;
#2442 = B_SPLINE_CURVE_WITH_KNOTS ( 'NONE', 3,
 ( #3107, #144, #4193, #469, #2296, #2380, #3768, #3635, #2611, #418, #1866, #4426 ),
 .UNSPECIFIED., .F., .F.,
 ( 4, 2, 2, 2, 2, 4 ),
 ( 0.000000000000000000, 0.2499999999999997780, 0.3749999999999996669, 0.4374999999999996114, 0.4999999999999995004, 1.000000000000000000 ),
 .UNSPECIFIED. ) ;
#2443 = CARTESIAN_POINT ( 'NONE',  ( -1.120535513922283455, 0.08826611352744170857, -0.7260737960538642399 ) ) ;
#2444 = CARTESIAN_POINT ( 'NONE',  ( 1.063679501853392217, 0.04223057456743066485, 0.7756225028373823216 ) ) ;
#2445 = ORIENTED_EDGE ( 'NONE', *, *, #4392, .F. ) ;
#2446 = VECTOR ( 'NONE', #2402, 1000.000000000000000 ) ;
#2447 = EDGE_CURVE ( 'NONE', #4035, #3659, #1801, .T. ) ;
#2448 = CARTESIAN_POINT ( 'NONE',  ( 0.4156311340051209724, 0.1200000000000001066, 0.8908392868068341075 ) ) ;
#2449 = CARTESIAN_POINT ( 'NONE',  ( -1.611097302887933180, 0.08559074299740820901, 0.8558816190609094265 ) ) ;
#2450 = CARTESIAN_POINT ( 'NONE',  ( -0.6074558168452208751, 0.05920693847686203659, 0.8093954168942409932 ) ) ;
#2451 = VECTOR ( 'NONE', #2117, 1000.000000000000000 ) ;
#2452 = CARTESIAN_POINT ( 'NONE',  ( -0.4017988234194818653, 0.04590871196975502416, -0.8064389725833360778 ) ) ;
#2453 = CARTESIAN_POINT ( 'NONE',  ( -0.9614747917268864352, 0.01331992622116179303, 0.7411975520950689900 ) ) ;
#2454 = CARTESIAN_POINT ( 'NONE',  ( 0.9998999599679677663, 0.1250000000000000000, 0.7274999999999993694 ) ) ;
#2455 = CARTESIAN_POINT ( 'NONE',  ( -1.107532262581712112, 0.06057464461987861065, -0.7218835803422080089 ) ) ;
#2456 = CARTESIAN_POINT ( 'NONE',  ( 0.6158392868068341963, 0.1200000000000000927, 0.8593688659948790498 ) ) ;
#2457 = AXIS2_PLACEMENT_3D ( 'NONE', #2966, #4077, #2183 ) ;
#2458 = ORIENTED_EDGE ( 'NONE', *, *, #4420, .T. ) ;
#2459 = CARTESIAN_POINT ( 'NONE',  ( -1.552538204265623945, 0.05666991344397971642, 0.1440167376798809906 ) ) ;
#2460 = CARTESIAN_POINT ( 'NONE',  ( 0.9037911840996040169, 0.04345662036820605728, 0.7349829966536457482 ) ) ;
#2461 = VECTOR ( 'NONE', #275, 1000.000000000000000 ) ;
#2462 = CARTESIAN_POINT ( 'NONE',  ( 0.4600000000000005751, 0.1250000000000000000, -0.7751000400320320338 ) ) ;
#2463 = CARTESIAN_POINT ( 'NONE',  ( -1.561546425126577819, 0.01509841972869551199, 0.7947294162630368364 ) ) ;
#2464 = ORIENTED_EDGE ( 'NONE', *, *, #3758, .F. ) ;
#2465 = CARTESIAN_POINT ( 'NONE',  ( 0.3749999999999998890, 0.1200000000000000927, -0.8149999999999996136 ) ) ;
#2466 = CARTESIAN_POINT ( 'NONE',  ( -0.04759997118438372837, 0.02117201403232585322, 0.7536949388818529050 ) ) ;
#2467 = CARTESIAN_POINT ( 'NONE',  ( -1.550000000000000266, 0.6380000000000000115, -0.7750000000000000222 ) ) ;
#2468 = CARTESIAN_POINT ( 'NONE',  ( -1.000100040032032345, -1.355252715606880543E-17, 0.6876000400320320116 ) ) ;
#2469 = PRODUCT_RELATED_PRODUCT_CATEGORY ( 'part', '', ( #1642 ) ) ;
#2470 = CARTESIAN_POINT ( 'NONE',  ( -1.063679501853389775, 0.04223057456743035953, -0.7756225028373825436 ) ) ;
#2471 = CARTESIAN_POINT ( 'NONE',  ( -0.8756394292653569833, 0.1040270620709142918, -0.7272957309025823713 ) ) ;
#2472 = ORIENTED_EDGE ( 'NONE', *, *, #2089, .F. ) ;
#2473 = B_SPLINE_SURFACE_WITH_KNOTS ( 'NONE', 3, 3, ( 
 ( #276, #3236, #4306, #2510, #1793, #3525 ),
 ( #1037, #2441, #1732, #3969, #4327, #3922 ),
 ( #2145, #1062, #655, #2490, #3577, #4681 ),
 ( #2120, #4255, #1712, #3945, #2826, #253 ),
 ( #703, #3188, #301, #3623, #608, #346 ),
 ( #1753, #636, #2419, #3262, #3212, #2779 ),
 ( #679, #4636, #2046, #3598, #4614, #4664 ),
 ( #2097, #323, #1777, #3164, #1421, #1348 ),
 ( #2878, #1395, #4233, #961, #3873, #1370 ),
 ( #4281, #2802, #2468, #1119, #6, #3341 ) ),
 .UNSPECIFIED., .F., .F., .F.,
 ( 4, 2, 2, 2, 4 ),
 ( 4, 2, 4 ),
 ( 0.000000000000000000, 0.2500000000000000000, 0.5000000000000000000, 0.7500000000000000000, 1.000000000000000000 ),
 ( 0.000000000000000000, 0.5000000000000000000, 1.000000000000000000 ),
 .UNSPECIFIED. ) ;
#2474 = ADVANCED_FACE ( 'NONE', ( #4115 ), #1024, .T. ) ;
#2475 = CARTESIAN_POINT ( 'NONE',  ( -0.5623154507300608396, 0.1200000000000000927, 0.9000000000000000222 ) ) ;
#2476 = CARTESIAN_POINT ( 'NONE',  ( -0.3750000000000001110, 0.1200000000000001205, -0.8373154507300616389 ) ) ;
#2477 = DIRECTION ( 'NONE',  ( 0.000000000000000000, 0.000000000000000000, 1.000000000000000000 ) ) ;
#2478 = CARTESIAN_POINT ( 'NONE',  ( 0.5153595118331001368, 1.485677825361663721E-17, 0.7825603447338532748 ) ) ;
#2479 = EDGE_CURVE ( 'NONE', #2783, #2029, #109, .T. ) ;
#2480 = ORIENTED_EDGE ( 'NONE', *, *, #4109, .T. ) ;
#2481 = CARTESIAN_POINT ( 'NONE',  ( 1.480261614150050864, 0.002734742325116302011, -0.8025300482400361535 ) ) ;
#2482 = CARTESIAN_POINT ( 'NONE',  ( 1.515359511833100248, 1.485677825361663721E-17, 0.7825603447338532748 ) ) ;
#2483 = CARTESIAN_POINT ( 'NONE',  ( 0.9846404881668998632, -1.061172822154483267E-17, 0.6950603447338531415 ) ) ;
#2484 = CARTESIAN_POINT ( 'NONE',  ( -1.519738385849950468, 0.002734742325114883441, -0.2224699517599625920 ) ) ;
#2485 = CARTESIAN_POINT ( 'NONE',  ( -1.539999999999999591, 0.1200000000000001205, -0.9000000000000000222 ) ) ;
#2486 = CARTESIAN_POINT ( 'NONE',  ( 1.584368865994878695, 0.1200000000000000927, 0.8908392868068344406 ) ) ;
#2487 = ORIENTED_EDGE ( 'NONE', *, *, #1567, .F. ) ;
#2488 = CARTESIAN_POINT ( 'NONE',  ( 0.4191183809390897630, 0.08559074299740646041, -0.8860973028879343127 ) ) ;
#2489 = CARTESIAN_POINT ( 'NONE',  ( -0.08812250283738300161, 0.04223057456743078281, 0.7511795018533903301 ) ) ;
#2490 = CARTESIAN_POINT ( 'NONE',  ( -1.080881619060908738, 0.08559074299740665470, 0.7985973028879357338 ) ) ;
#2491 = CARTESIAN_POINT ( 'NONE',  ( -1.437684549269939271, 0.1200000000000000927, -0.9000000000000000222 ) ) ;
#2492 = CARTESIAN_POINT ( 'NONE',  ( -0.9165216701031705382, 0.1027437099221055611, -0.8024942215026190651 ) ) ;
#2493 = EDGE_LOOP ( 'NONE', ( #4130, #4061, #2458, #1973 ) ) ;
#2494 = B_SPLINE_CURVE_WITH_KNOTS ( 'NONE', 3,
 ( #1208, #850, #3494, #2298, #4146, #218, #4171, #194, #2351, #3109 ),
 .UNSPECIFIED., .F., .F.,
 ( 4, 2, 2, 2, 4 ),
 ( 0.000000000000000000, 0.2500000000000000000, 0.5000000000000000000, 0.7500000000000000000, 1.000000000000000000 ),
 .UNSPECIFIED. ) ;
#2495 = CARTESIAN_POINT ( 'NONE',  ( -1.535717248516016875, 0.02205258410723326748, 0.8478110742782122289 ) ) ;
#2496 = CARTESIAN_POINT ( 'NONE',  ( -0.6250000000000000000, 0.1200000000000001205, 0.8373154507300614169 ) ) ;
#2497 = CARTESIAN_POINT ( 'NONE',  ( -0.9407173804268460504, 0.01391275739033966292, 0.7165020050177355326 ) ) ;
#2498 = LINE ( 'NONE', #3632, #4050 ) ;
#2499 = LINE ( 'NONE', #4647, #4511 ) ;
#2500 = B_SPLINE_CURVE_WITH_KNOTS ( 'NONE', 3,
 ( #568, #4523, #920, #2707, #1647, #4571, #3103, #163, #1253, #4141 ),
 .UNSPECIFIED., .F., .F.,
 ( 4, 2, 2, 2, 4 ),
 ( 0.000000000000000000, 0.2500000000000000000, 0.5000000000000000000, 0.7500000000000000000, 1.000000000000000000 ),
 .UNSPECIFIED. ) ;
#2501 = ORIENTED_EDGE ( 'NONE', *, *, #1080, .T. ) ;
#2502 = CARTESIAN_POINT ( 'NONE',  ( 1.468012470996869601, 0.003191557600172719063, -0.7852866688648367788 ) ) ;
#2503 = CARTESIAN_POINT ( 'NONE',  ( 0.9614747917268868793, 0.01331992622116215733, 0.7411975520950689900 ) ) ;
#2504 = CARTESIAN_POINT ( 'NONE',  ( -1.531987529003130621, 0.003191557600172710389, -0.2397133311351631879 ) ) ;
#2505 = CARTESIAN_POINT ( 'NONE',  ( -1.620064558877587269, 0.08648253317408639840, -0.8348734653053864196 ) ) ;
#2506 = CARTESIAN_POINT ( 'NONE',  ( 0.5240923965397538131, 0.02381372425704560147, -0.8502039842404334191 ) ) ;
#2507 = ORIENTED_EDGE ( 'NONE', *, *, #489, .F. ) ;
#2508 = CARTESIAN_POINT ( 'NONE',  ( 1.625000000000000222, 0.1200000000000000927, 0.8149999999999993916 ) ) ;
#2509 = CARTESIAN_POINT ( 'NONE',  ( -0.9173836571580191723, 0.03105724883127840286, -0.7139504745882939707 ) ) ;
#2510 = CARTESIAN_POINT ( 'NONE',  ( -1.084368865994878472, 0.1200000000000001066, 0.8033392868068344184 ) ) ;
#2511 = FACE_OUTER_BOUND ( 'NONE', #3346, .T. ) ;
#2512 = CARTESIAN_POINT ( 'NONE',  ( -0.9947930982566461910, -1.257365766455155721E-17, -0.7035861919935407771 ) ) ;
#2513 = ORIENTED_EDGE ( 'NONE', *, *, #2391, .T. ) ;
#2514 = CARTESIAN_POINT ( 'NONE',  ( -1.561546425126577819, 0.01509841972869551199, 0.7947294162630368364 ) ) ;
#2515 = CARTESIAN_POINT ( 'NONE',  ( 1.457797875354940764, 1.863472483959461054E-17, -0.7885497760532336198 ) ) ;
#2516 = CARTESIAN_POINT ( 'NONE',  ( -1.379464486077716767, 0.08826611352744170857, 0.2114262039461352050 ) ) ;
#2517 =( GEOMETRIC_REPRESENTATION_CONTEXT ( 3 ) GLOBAL_UNCERTAINTY_ASSIGNED_CONTEXT ( ( #2166 ) ) GLOBAL_UNIT_ASSIGNED_CONTEXT ( ( #476, #2206, #3687 ) ) REPRESENTATION_CONTEXT ( 'NONE', 'WORKASPACE' ) );
#2518 = CARTESIAN_POINT ( 'NONE',  ( -1.121039691697433005, 0.08960415999811008336, -0.7261925755460422183 ) ) ;
#2519 = DIRECTION ( 'NONE',  ( -6.651547070463221357E-17, 0.000000000000000000, -1.000000000000000000 ) ) ;
#2520 = CARTESIAN_POINT ( 'NONE',  ( -0.1149942215026200504, 0.1027437099221060052, -0.7709783298968290177 ) ) ;
#2521 = ADVANCED_FACE ( 'NONE', ( #664 ), #4267, .T. ) ;
#2522 = LINE ( 'NONE', #3293, #2273 ) ;
#2523 = CARTESIAN_POINT ( 'NONE',  ( 1.499899959967967877, 1.355252715606880543E-17, -0.7751000400320320338 ) ) ;
#2524 = CARTESIAN_POINT ( 'NONE',  ( 0.8940167376798791032, 0.05666991344398145808, 0.7400382042656228343 ) ) ;
#2525 = CARTESIAN_POINT ( 'NONE',  ( 0.03999999999999923755, 0.1200000000000000927, -0.8125000000000000000 ) ) ;
#2526 = AXIS2_PLACEMENT_3D ( 'NONE', #2040, #625, #1159 ) ;
#2527 = CARTESIAN_POINT ( 'NONE',  ( -1.519738385849949802, 0.002734742325115811085, -0.8025300482400360425 ) ) ;
#2528 = EDGE_CURVE ( 'NONE', #3258, #4467, #3291, .T. ) ;
#2529 = SURFACE_STYLE_USAGE ( .BOTH. , #3916 ) ;
#2530 = ORIENTED_EDGE ( 'NONE', *, *, #482, .T. ) ;
#2531 = LINE ( 'NONE', #3620, #3893 ) ;
#2532 = FACE_OUTER_BOUND ( 'NONE', #2227, .T. ) ;
#2533 = VECTOR ( 'NONE', #3859, 1000.000000000000000 ) ;
#2534 = CARTESIAN_POINT ( 'NONE',  ( 0.08088161906090853004, 0.08559074299740665470, -0.7985973028879357338 ) ) ;
#2535 = EDGE_CURVE ( 'NONE', #4258, #193, #2659, .T. ) ;
#2536 = PRESENTATION_STYLE_ASSIGNMENT (( #4637 ) ) ;
#2537 = CARTESIAN_POINT ( 'NONE',  ( -0.9685610274166646105, 0.04590871196975498947, -0.7857011765805180792 ) ) ;
#2538 = ORIENTED_EDGE ( 'NONE', *, *, #1118, .F. ) ;
#2539 = CARTESIAN_POINT ( 'NONE',  ( 0.8794644860777166562, 0.08826611352744170857, 0.7260737960538642399 ) ) ;
#2540 = CARTESIAN_POINT ( 'NONE',  ( -1.510286668864836646, 0.003191557600172729037, 0.8069875290031304216 ) ) ;
#2541 = CARTESIAN_POINT ( 'NONE',  ( -0.5138164107658030888, 2.212931176100266659E-18, 0.7849168272161795024 ) ) ;
#2542 = CARTESIAN_POINT ( 'NONE',  ( -0.02409239653975402129, 0.02381372425704562229, -0.7627039842404336190 ) ) ;
#2543 = CYLINDRICAL_SURFACE ( 'NONE', #844, 0.1250000000000001110 ) ;
#2544 = B_SPLINE_SURFACE_WITH_KNOTS ( 'NONE', 3, 3, ( 
 ( #1420, #3260, #344, #2439, #1773, #273 ),
 ( #1441, #2823, #3968, #299, #723, #2142 ),
 ( #2165, #631, #3596, #3642, #1730, #1751 ),
 ( #1464, #5, #1813, #2925, #3186, #677 ),
 ( #4634, #3209, #2489, #1366, #4278, #321 ),
 ( #3233, #3574, #1009, #2466, #3919, #654 ),
 ( #2094, #2877, #1060, #4030, #2270, #1163 ),
 ( #1527, #2203, #98, #4370, #471, #427 ),
 ( #386, #4104, #446, #1897, #1187, #1116 ),
 ( #121, #2574, #4436, #2641, #1579, #4055 ) ),
 .UNSPECIFIED., .F., .F., .F.,
 ( 4, 2, 2, 2, 4 ),
 ( 4, 2, 4 ),
 ( 0.000000000000000000, 0.2500000000000000000, 0.5000000000000000000, 0.7500000000000000000, 1.000000000000000000 ),
 ( 0.000000000000000000, 0.5000000000000000000, 1.000000000000000000 ),
 .UNSPECIFIED. ) ;
#2545 = CARTESIAN_POINT ( 'NONE',  ( -1.625000000000000000, 0.1200000000000000927, -0.2099999999999999090 ) ) ;
#2546 = CARTESIAN_POINT ( 'NONE',  ( -0.08088161906090832187, 0.08559074299740682124, -0.7985973028879318480 ) ) ;
#2547 = B_SPLINE_CURVE_WITH_KNOTS ( 'NONE', 3,
 ( #2644, #4174, #1970, #3473, #811, #4481, #1190, #904, #2355, #3370 ),
 .UNSPECIFIED., .F., .F.,
 ( 4, 2, 2, 2, 4 ),
 ( 0.000000000000000000, 0.2500000000000000000, 0.5000000000000000000, 0.7500000000000000000, 1.000000000000000000 ),
 .UNSPECIFIED. ) ;
#2548 = CARTESIAN_POINT ( 'NONE',  ( 1.125000000000000000, 0.1200000000000000927, 0.7274999999999993694 ) ) ;
#2549 = CARTESIAN_POINT ( 'NONE',  ( -1.401798823419482032, 0.04590871196975498947, -0.2185610274166635836 ) ) ;
#2550 = CARTESIAN_POINT ( 'NONE',  ( -0.4173836571580762933, 0.03105724883122713831, -0.8014504745882694570 ) ) ;
#2551 = CARTESIAN_POINT ( 'NONE',  ( -1.516086191993541110, -1.061591868151706387E-17, -0.2447930982566459690 ) ) ;
#2552 = CARTESIAN_POINT ( 'NONE',  ( -1.524092396539754146, 0.02381372425704565005, -0.8502039842404336412 ) ) ;
#2553 = ORIENTED_EDGE ( 'NONE', *, *, #831, .T. ) ;
#2554 = CARTESIAN_POINT ( 'NONE',  ( -0.5313632450239752503, 0.04717666425203761310, 0.8730073099086076427 ) ) ;
#2555 = CARTESIAN_POINT ( 'NONE',  ( 0.9839138080064591119, -1.061591868151710238E-17, 0.6927069017433538090 ) ) ;
#2556 = EDGE_CURVE ( 'NONE', #1560, #3704, #1379, .T. ) ;
#2557 = CARTESIAN_POINT ( 'NONE',  ( 0.07520398424043354957, 0.02381372425704561882, -0.7115923965397540352 ) ) ;
#2558 = CARTESIAN_POINT ( 'NONE',  ( -0.8889026971120672638, 0.08559074299740611347, -0.7683816190609112917 ) ) ;
#2559 = EDGE_LOOP ( 'NONE', ( #1513, #256, #2297, #1600, #4421, #3097, #4183, #4579 ) ) ;
#2560 = CARTESIAN_POINT ( 'NONE',  ( -0.9376845492699388274, 0.1200000000000001066, -0.8125000000000000000 ) ) ;
#2561 = EDGE_CURVE ( 'NONE', #4487, #457, #2608, .T. ) ;
#2562 = CARTESIAN_POINT ( 'NONE',  ( -0.5399999999999994804, 0.1200000000000000927, 0.9000000000000000222 ) ) ;
#2563 = CARTESIAN_POINT ( 'NONE',  ( -1.375639429265356872, 0.1040270620709142918, 0.2102042690974171013 ) ) ;
#2564 = CARTESIAN_POINT ( 'NONE',  ( 0.5149820457392417783, 0.002887014083468397371, 0.8055493522472944035 ) ) ;
#2565 = CARTESIAN_POINT ( 'NONE',  ( 1.115839286806834085, 0.1200000000000001066, 0.7718688659948789166 ) ) ;
#2566 = LINE ( 'NONE', #2589, #3829 ) ;
#2567 = CYLINDRICAL_SURFACE ( 'NONE', #3982, 0.1250000000000000000 ) ;
#2568 = CARTESIAN_POINT ( 'NONE',  ( -0.3762018397557208016, 0.08997805252451519797, -0.8146160658646047770 ) ) ;
#2569 = CARTESIAN_POINT ( 'NONE',  ( -1.563679501853393328, 0.04223057456742939503, -0.1618774971626184278 ) ) ;
#2570 = LINE ( 'NONE', #45, #2377 ) ;
#2571 = CARTESIAN_POINT ( 'NONE',  ( -1.500100040032032123, -1.355252715606880543E-17, -0.7751000400320319228 ) ) ;
#2572 = CARTESIAN_POINT ( 'NONE',  ( -1.120535513922283455, 0.08826611352744170857, 0.7260737960538642399 ) ) ;
#2573 = VERTEX_POINT ( 'NONE', #2217 ) ;
#2574 = CARTESIAN_POINT ( 'NONE',  ( -0.0001000400320322163139, -1.355252715606880543E-17, 0.6876000400320320116 ) ) ;
#2575 = MANIFOLD_SOLID_BREP ( 'Fillet2', #1141 ) ;
#2576 = DIRECTION ( 'NONE',  ( -1.000000000000000000, 0.000000000000000000, 0.000000000000000000 ) ) ;
#2577 = FACE_OUTER_BOUND ( 'NONE', #1220, .T. ) ;
#2578 = ORIENTED_EDGE ( 'NONE', *, *, #4312, .T. ) ;
#2579 = CARTESIAN_POINT ( 'NONE',  ( -0.6250000000000001110, 0.1200000000000000927, -0.8149999999999995026 ) ) ;
#2580 = MANIFOLD_SOLID_BREP ( 'LPattern1[2]', #317 ) ;
#2581 = EDGE_CURVE ( 'NONE', #2029, #4666, #1236, .T. ) ;
#2582 = EDGE_LOOP ( 'NONE', ( #1470, #337, #3738, #2665 ) ) ;
#2583 = CARTESIAN_POINT ( 'NONE',  ( -1.403791184099605127, 0.04345662036820627239, 0.2025170033463551678 ) ) ;
#2584 = CARTESIAN_POINT ( 'NONE',  ( -1.375000000000000444, 0.1200000000000001205, 0.8373154507300614169 ) ) ;
#2585 = CARTESIAN_POINT ( 'NONE',  ( 1.039999999999999147, 0.1200000000000000927, -0.8125000000000000000 ) ) ;
#2586 = CARTESIAN_POINT ( 'NONE',  ( -0.04759997118438655250, 0.02117201403232558260, -0.7536949388818521278 ) ) ;
#2587 = EDGE_CURVE ( 'NONE', #1058, #3890, #917, .T. ) ;
#2588 = CARTESIAN_POINT ( 'NONE',  ( 1.039999999999999147, 0.1200000000000001205, 0.8125000000000000000 ) ) ;
#2589 = CARTESIAN_POINT ( 'NONE',  ( -1.375000000000000444, 0.1200000000000000927, 0.8149999999999999467 ) ) ;
#2590 = PLANE ( 'NONE',  #778 ) ;
#2591 = CARTESIAN_POINT ( 'NONE',  ( -0.4735495254116519059, 0.03105724883139205847, 0.8576163428421079704 ) ) ;
#2592 = CARTESIAN_POINT ( 'NONE',  ( 1.607455816845220875, 0.05920693847686205047, 0.8093954168942411043 ) ) ;
#2593 = CARTESIAN_POINT ( 'NONE',  ( -1.499899959967968321, -1.355252715606880543E-17, 0.7751000400320319228 ) ) ;
#2594 = CARTESIAN_POINT ( 'NONE',  ( -1.598201176580518190, 0.04590871196975499641, -0.8064389725833362998 ) ) ;
#2595 = VECTOR ( 'NONE', #2078, 1000.000000000000000 ) ;
#2596 = VERTEX_POINT ( 'NONE', #3801 ) ;
#2597 = CARTESIAN_POINT ( 'NONE',  ( -0.5296510485643910471, 0.04083945520473192953, 0.8676165671036226712 ) ) ;
#2598 = VECTOR ( 'NONE', #2008, 1000.000000000000000 ) ;
#2599 = CARTESIAN_POINT ( 'NONE',  ( 0.9685610274166641664, 0.04590871196975502416, -0.7857011765805180792 ) ) ;
#2600 = CARTESIAN_POINT ( 'NONE',  ( 0.1249999999999998890, 0.1200000000000001343, -0.7498154507300613947 ) ) ;
#2601 = AXIS2_PLACEMENT_3D ( 'NONE', #88, #2887, #1473 ) ;
#2602 = CARTESIAN_POINT ( 'NONE',  ( 0.5305493522472943813, 0.002887014083467763330, -0.7899820457392430217 ) ) ;
#2603 = ORIENTED_EDGE ( 'NONE', *, *, #2319, .T. ) ;
#2604 = CARTESIAN_POINT ( 'NONE',  ( 0.8756008104538516301, 0.1049917596731103353, -0.7273080678883864225 ) ) ;
#2605 = LINE ( 'NONE', #2212, #2146 ) ;
#2606 = ORIENTED_EDGE ( 'NONE', *, *, #836, .T. ) ;
#2607 = EDGE_CURVE ( 'NONE', #1162, #1390, #1177, .T. ) ;
#2608 = LINE ( 'NONE', #1175, #3145 ) ;
#2609 = CARTESIAN_POINT ( 'NONE',  ( -1.403791184099604905, 0.04345662036820605034, 0.8224829966536469916 ) ) ;
#2610 = CARTESIAN_POINT ( 'NONE',  ( -0.007560344733852347038, -2.416425537761359803E-17, -0.7028595118331005809 ) ) ;
#2611 = CARTESIAN_POINT ( 'NONE',  ( 0.02679415004193177324, 0.03193953058457141281, 0.7711615916155621919 ) ) ;
#2612 = CARTESIAN_POINT ( 'NONE',  ( -1.468012470996869379, 0.003191557600172724701, -0.2397133311351632157 ) ) ;
#2613 = CARTESIAN_POINT ( 'NONE',  ( 1.500100040032032123, 1.355252715606880543E-17, 0.7751000400320319228 ) ) ;
#2614 = CARTESIAN_POINT ( 'NONE',  ( -1.375000000000000444, 0.1200000000000001205, -0.8149999999999999467 ) ) ;
#2615 = FACE_OUTER_BOUND ( 'NONE', #794, .T. ) ;
#2616 = EDGE_CURVE ( 'NONE', #2337, #3898, #2903, .T. ) ;
#2617 = CARTESIAN_POINT ( 'NONE',  ( 1.010286668864836868, 0.003191557600172719930, -0.7194875290031306214 ) ) ;
#2618 = CARTESIAN_POINT ( 'NONE',  ( -1.486183589234197688, -1.238900742982586388E-17, 0.7849168272161801685 ) ) ;
#2619 = CYLINDRICAL_SURFACE ( 'NONE', #2839, 0.1250000000000001110 ) ;
#2620 = FACE_OUTER_BOUND ( 'NONE', #3011, .T. ) ;
#2621 = VERTEX_POINT ( 'NONE', #158 ) ;
#2622 = CARTESIAN_POINT ( 'NONE',  ( -0.5399999999999994804, 0.1200000000000000927, 0.9000000000000000222 ) ) ;
#2623 = CARTESIAN_POINT ( 'NONE',  ( 0.8756394292653568723, 0.1040270620709143057, -0.7272957309025823713 ) ) ;
#2624 = CARTESIAN_POINT ( 'NONE',  ( -0.5290020050177350885, 0.01391275739033955364, 0.8342826195731534167 ) ) ;
#2625 = CARTESIAN_POINT ( 'NONE',  ( 0.05928261957315397734, 0.01391275739033963690, -0.7165020050177355326 ) ) ;
#2626 = CARTESIAN_POINT ( 'NONE',  ( -1.030549352247295269, 0.002887014083467231637, -0.7024820457392416673 ) ) ;
#2627 = CARTESIAN_POINT ( 'NONE',  ( 0.5240923965397538131, 0.02381372425704560147, -0.8502039842404334191 ) ) ;
#2628 = ORIENTED_EDGE ( 'NONE', *, *, #3060, .T. ) ;
#2629 = CARTESIAN_POINT ( 'NONE',  ( 0.8789603083025667729, 0.08960415999811006948, -0.7261925755460423293 ) ) ;
#2630 = CARTESIAN_POINT ( 'NONE',  ( 1.375639429265356872, 0.1040270620709142502, 0.8147957309025822825 ) ) ;
#2631 = ORIENTED_EDGE ( 'NONE', *, *, #2319, .F. ) ;
#2632 = PRESENTATION_STYLE_ASSIGNMENT (( #460 ) ) ;
#2633 = CARTESIAN_POINT ( 'NONE',  ( -1.394016737679879769, 0.05666991344398151359, 0.8275382042656229675 ) ) ;
#2634 = CARTESIAN_POINT ( 'NONE',  ( 1.114994221502618066, 0.1027437099221049366, -0.7709783298968311271 ) ) ;
#2635 = CARTESIAN_POINT ( 'NONE',  ( 1.005206901743353809, -1.061591868151703921E-17, 0.7035861919935408881 ) ) ;
#2636 = DIRECTION ( 'NONE',  ( -1.000000000000000000, 0.000000000000000000, 0.000000000000000000 ) ) ;
#2637 = CARTESIAN_POINT ( 'NONE',  ( -1.375673679400718052, 0.1031714939717113255, -0.8365508297416746064 ) ) ;
#2638 = CYLINDRICAL_SURFACE ( 'NONE', #838, 0.1250000000000000000 ) ;
#2639 = VERTEX_POINT ( 'NONE', #2367 ) ;
#2640 = CARTESIAN_POINT ( 'NONE',  ( 0.4037911840996039614, 0.04345662036820484297, -0.8224829966536453263 ) ) ;
#2641 = CARTESIAN_POINT ( 'NONE',  ( -0.0001000400320322163139, -1.355252715606880543E-17, 0.6876000400320320116 ) ) ;
#2642 = DIRECTION ( 'NONE',  ( 0.000000000000000000, -1.000000000000000000, 0.000000000000000000 ) ) ;
#2643 = CARTESIAN_POINT ( 'NONE',  ( 0.9602042690974169625, 0.1040270620709143057, -0.8118605707346431277 ) ) ;
#2644 = CARTESIAN_POINT ( 'NONE',  ( -1.500000000000000000, 0.000000000000000000, 0.2498999599679679051 ) ) ;
#2645 = CARTESIAN_POINT ( 'NONE',  ( 0.9600000000000005196, 0.1250000000000000000, 0.6876000400320320116 ) ) ;
#2646 = CARTESIAN_POINT ( 'NONE',  ( -1.000100040032032345, -2.710505431213761085E-17, -0.6876000400320320116 ) ) ;
#2647 = CARTESIAN_POINT ( 'NONE',  ( 0.5397957309025821493, 0.1040270620709142779, -0.8993605707346432609 ) ) ;
#2648 = ORIENTED_EDGE ( 'NONE', *, *, #230, .T. ) ;
#2649 = LINE ( 'NONE', #33, #2370 ) ;
#2650 = CARTESIAN_POINT ( 'NONE',  ( -1.516086191993541110, -1.061591868151706387E-17, -0.2447930982566459690 ) ) ;
#2651 = CARTESIAN_POINT ( 'NONE',  ( 1.375673679400717608, 0.1031714939717079532, 0.8365508297416788253 ) ) ;
#2652 = ORIENTED_EDGE ( 'NONE', *, *, #478, .T. ) ;
#2653 = B_SPLINE_CURVE_WITH_KNOTS ( 'NONE', 3,
 ( #397, #137, #2683, #4450, #2193, #3695, #3328, #4398, #4139, #2656, #3673, #4493 ),
 .UNSPECIFIED., .F., .F.,
 ( 4, 2, 2, 2, 2, 4 ),
 ( 0.000000000000000000, 0.2499999999999993339, 0.3749999999999991118, 0.4374999999999991673, 0.4999999999999992228, 1.000000000000000000 ),
 .UNSPECIFIED. ) ;
#2654 = CARTESIAN_POINT ( 'NONE',  ( -1.485017954260757778, 0.002887014083467927261, 0.2194506477527054800 ) ) ;
#2655 = CARTESIAN_POINT ( 'NONE',  ( -1.460204269097417296, 0.1040270620709143057, 0.8993605707346430389 ) ) ;
#2656 = CARTESIAN_POINT ( 'NONE',  ( -0.07106844070578233197, 0.01984042254993970134, -0.7102716575631760065 ) ) ;
#2657 = CARTESIAN_POINT ( 'NONE',  ( -0.03054935224729529025, 0.002887014083467231637, -0.7024820457392416673 ) ) ;
#2658 = DIRECTION ( 'NONE',  ( 0.000000000000000000, -1.000000000000000000, 0.000000000000000000 ) ) ;
#2659 = B_SPLINE_CURVE_WITH_KNOTS ( 'NONE', 3,
 ( #1025, #3608, #3633, #3272, #2812, #2105, #4646, #3908, #3955, #3248, #2082, #1407 ),
 .UNSPECIFIED., .F., .F.,
 ( 4, 2, 2, 2, 2, 4 ),
 ( 0.000000000000000000, 0.2499999999999996669, 0.3750000000000001665, 0.4375000000000000555, 0.5000000000000000000, 1.000000000000000000 ),
 .UNSPECIFIED. ) ;
#2660 = CARTESIAN_POINT ( 'NONE',  ( 0.02114678838410129560, -5.241016361135983348E-18, -0.6943235363159283580 ) ) ;
#2661 = CARTESIAN_POINT ( 'NONE',  ( -1.499899959967968321, -1.355252715606880543E-17, -0.7751000400320319228 ) ) ;
#2662 = CARTESIAN_POINT ( 'NONE',  ( 0.4602042690974176287, 0.1040270620709142779, 0.8993605707346430389 ) ) ;
#2663 = EDGE_CURVE ( 'NONE', #1771, #2596, #184, .T. ) ;
#2664 = CARTESIAN_POINT ( 'NONE',  ( 1.625000000000000222, 0.1200000000000000927, 0.8149999999999993916 ) ) ;
#2665 = ORIENTED_EDGE ( 'NONE', *, *, #489, .T. ) ;
#2666 = CARTESIAN_POINT ( 'NONE',  ( 1.464282751483980682, 0.02205258410723239665, -0.8478110742782134501 ) ) ;
#2667 = CARTESIAN_POINT ( 'NONE',  ( -0.4709979949822642453, 0.01391275739033974966, 0.8342826195731539718 ) ) ;
#2668 = CARTESIAN_POINT ( 'NONE',  ( 0.9656045831057584738, 0.05920693847686206435, -0.7949558168452208751 ) ) ;
#2669 = CARTESIAN_POINT ( 'NONE',  ( -1.375000000000000222, 0.1200000000000000927, -0.2100000000000000200 ) ) ;
#2670 = DIRECTION ( 'NONE',  ( -0.000000000000000000, 1.000000000000000000, -0.000000000000000000 ) ) ;
#2671 = CARTESIAN_POINT ( 'NONE',  ( -0.5982011765805183012, 0.04590871196975496171, -0.8064389725833358558 ) ) ;
#2672 = ORIENTED_EDGE ( 'NONE', *, *, #1961, .F. ) ;
#2673 = CARTESIAN_POINT ( 'NONE',  ( 0.5385737960538641289, 0.08826611352744168082, -0.8955355139222833660 ) ) ;
#2674 = ORIENTED_EDGE ( 'NONE', *, *, #2863, .F. ) ;
#2675 = CARTESIAN_POINT ( 'NONE',  ( 1.539999999999999369, 0.1200000000000000927, -0.9000000000000001332 ) ) ;
#2676 = CARTESIAN_POINT ( 'NONE',  ( -1.500100040032032123, -1.355252715606880543E-17, 0.7751000400320319228 ) ) ;
#2677 = AXIS2_PLACEMENT_3D ( 'NONE', #2462, #316, #3137 ) ;
#2678 = ORIENTED_EDGE ( 'NONE', *, *, #2771, .F. ) ;
#2679 = AXIS2_PLACEMENT_3D ( 'NONE', #360, #3008, #4363 ) ;
#2680 = CARTESIAN_POINT ( 'NONE',  ( -1.490083172783820853, 1.977778523243326740E-18, 0.2361835892341970222 ) ) ;
#2681 = CARTESIAN_POINT ( 'NONE',  ( 1.524114564146990425, 0.02520750528275354438, 0.8504503710106007253 ) ) ;
#2682 = CARTESIAN_POINT ( 'NONE',  ( -1.433805061118147206, 0.02117201403232489218, 0.8225999711843834383 ) ) ;
#2683 = CARTESIAN_POINT ( 'NONE',  ( -0.1210396916974331299, 0.08960415999811006948, -0.7261925755460421072 ) ) ;
#2684 = CARTESIAN_POINT ( 'NONE',  ( -0.03571724851601917883, 0.02205258410723263951, -0.7603110742782137610 ) ) ;
#2685 = CARTESIAN_POINT ( 'NONE',  ( 0.1237981602442875945, 0.08997805252472156068, -0.7271160658646074193 ) ) ;
#2686 = CARTESIAN_POINT ( 'NONE',  ( -1.469450647752705397, 0.002887014083467297123, -0.7899820457392410233 ) ) ;
#2687 = CARTESIAN_POINT ( 'NONE',  ( 1.005206901743353809, -1.257365766455155721E-17, -0.7035861919935407771 ) ) ;
#2688 = CARTESIAN_POINT ( 'NONE',  ( -1.539795730902582926, 0.1040270620709142779, 0.1256394292653568168 ) ) ;
#2689 = ORIENTED_EDGE ( 'NONE', *, *, #2663, .T. ) ;
#2690 = CARTESIAN_POINT ( 'NONE',  ( 1.461426203946134983, 0.08826611352744176409, -0.8955355139222833660 ) ) ;
#2691 = CARTESIAN_POINT ( 'NONE',  ( -0.4363204981466082266, 0.04223057456742995014, 0.8631225028373838981 ) ) ;
#2692 = CARTESIAN_POINT ( 'NONE',  ( 0.8749999999999998890, 0.1200000000000001066, -0.7498154507300608396 ) ) ;
#2693 = CARTESIAN_POINT ( 'NONE',  ( -0.5001000400320322337, 1.355252715606880543E-17, -0.7751000400320320338 ) ) ;
#2694 = VERTEX_POINT ( 'NONE', #3123 ) ;
#2695 = CARTESIAN_POINT ( 'NONE',  ( 0.08347832989683132143, 0.1027437099221055472, 0.8024942215026182879 ) ) ;
#2696 = CARTESIAN_POINT ( 'NONE',  ( 1.062315450730061173, 0.1200000000000001205, 0.8125000000000000000 ) ) ;
#2697 = CARTESIAN_POINT ( 'NONE',  ( -1.624360570734643128, 0.1040270620709143057, -0.2102042690974169625 ) ) ;
#2698 = CARTESIAN_POINT ( 'NONE',  ( 1.031987529003130621, 0.003191557600172715593, 0.6977866688648366456 ) ) ;
#2699 = ORIENTED_EDGE ( 'NONE', *, *, #1125, .F. ) ;
#2700 = ADVANCED_FACE ( 'NONE', ( #4211 ), #965, .F. ) ;
#2701 = CARTESIAN_POINT ( 'NONE',  ( -0.5314389725833363887, 0.04590871196975504498, -0.8732011765805181014 ) ) ;
#2702 = CARTESIAN_POINT ( 'NONE',  ( -1.572811074278212651, 0.02205258410723348605, 0.2142827514839805714 ) ) ;
#2703 = CARTESIAN_POINT ( 'NONE',  ( 1.000000000000000000, 0.000000000000000000, 0.6876000400320320116 ) ) ;
#2704 = CARTESIAN_POINT ( 'NONE',  ( 1.075203984240433508, 0.02381372425704561882, -0.7115923965397540352 ) ) ;
#2705 = CARTESIAN_POINT ( 'NONE',  ( -0.3889026971120671528, 0.08559074299740633551, -0.8558816190609116470 ) ) ;
#2706 = CARTESIAN_POINT ( 'NONE',  ( 1.000000000000000000, 0.1200000000000000511, 0.000000000000000000 ) ) ;
#2707 = CARTESIAN_POINT ( 'NONE',  ( -0.9384535748734229577, 0.01509841972869551720, 0.7072294162630367031 ) ) ;
#2708 = MANIFOLD_SOLID_BREP ( 'Combine1', #160 ) ;
#2709 = CARTESIAN_POINT ( 'NONE',  ( -1.436320498146609559, 0.04223057456743072036, -0.8631225028373832320 ) ) ;
#2710 = CARTESIAN_POINT ( 'NONE',  ( 0.4999999999999998890, 0.000000000000000000, -0.7751000400320320338 ) ) ;
#2711 = CARTESIAN_POINT ( 'NONE',  ( 0.4407173804268458284, 0.01391275739033981038, 0.8040020050177358879 ) ) ;
#2712 = B_SPLINE_CURVE_WITH_KNOTS ( 'NONE', 3,
 ( #1285, #3037, #4462, #1262, #2719, #2253 ),
 .UNSPECIFIED., .F., .F.,
 ( 4, 2, 4 ),
 ( 0.000000000000000000, 0.5000000000000000000, 1.000000000000000000 ),
 .UNSPECIFIED. ) ;
#2713 = CARTESIAN_POINT ( 'NONE',  ( 0.4156311340051205283, 0.1200000000000001066, -0.8908392868068341075 ) ) ;
#2714 = DIRECTION ( 'NONE',  ( -6.651547070463221357E-17, -0.000000000000000000, -1.000000000000000000 ) ) ;
#2715 = ORIENTED_EDGE ( 'NONE', *, *, #1303, .F. ) ;
#2716 = CARTESIAN_POINT ( 'NONE',  ( 0.4694506477527055632, 0.002887014083468545690, -0.7899820457392424666 ) ) ;
#2717 = CARTESIAN_POINT ( 'NONE',  ( 0.9602042690974174066, 0.1040270620709143057, 0.8118605707346431277 ) ) ;
#2718 = MANIFOLD_SOLID_BREP ( 'LPattern1[1]', #3070 ) ;
#2719 = CARTESIAN_POINT ( 'NONE',  ( -1.062315450730062061, 0.1200000000000001205, -0.8125000000000000000 ) ) ;
#2720 = CARTESIAN_POINT ( 'NONE',  ( -0.5615464251265767093, 0.01509841972869549985, -0.7947294162630368364 ) ) ;
#2721 = EDGE_LOOP ( 'NONE', ( #828, #4465 ) ) ;
#2722 = CARTESIAN_POINT ( 'NONE',  ( 0.02900200501773587958, 0.01391275739033973058, 0.7467826195731542827 ) ) ;
#2723 = CARTESIAN_POINT ( 'NONE',  ( -1.750000000000000222, 0.1200000000000000511, -0.9749999999999999778 ) ) ;
#2724 = CARTESIAN_POINT ( 'NONE',  ( -0.6210396916973890402, 0.08960415999796042530, -0.8136925755460401311 ) ) ;
#2725 = EDGE_CURVE ( 'NONE', #692, #1417, #3287, .T. ) ;
#2726 = CARTESIAN_POINT ( 'NONE',  ( 1.480270583736963408, 0.01509841972869552587, 0.8365464251265770645 ) ) ;
#2727 = CARTESIAN_POINT ( 'NONE',  ( 1.039999999999999147, 0.1200000000000000927, 0.8125000000000000000 ) ) ;
#2728 = ORIENTED_EDGE ( 'NONE', *, *, #1546, .T. ) ;
#2729 = B_SPLINE_SURFACE_WITH_KNOTS ( 'NONE', 3, 3, ( 
 ( #3753, #3175, #619, #2456, #240, #4624 ),
 ( #1582, #3038, #2083, #1212, #596, #2813 ),
 ( #102, #3154, #2741, #925, #2379, #4602 ),
 ( #1334, #3839, #573, #2016, #3490, #215 ),
 ( #1671, #3131, #4575, #1306, #1380, #4000 ),
 ( #4379, #3585, #357, #1452, #2156, #3957 ),
 ( #3652, #3199, #1430, #2915, #2838, #2867 ),
 ( #4020, #2564, #3273, #2174, #1108, #3250 ),
 ( #4295, #1820, #3610, #3292, #2478, #690 ),
 ( #1069, #1409, #751, #18, #2107, #1475 ) ),
 .UNSPECIFIED., .F., .F., .F.,
 ( 4, 2, 2, 2, 4 ),
 ( 4, 2, 4 ),
 ( 0.000000000000000000, 0.2500000000000000000, 0.5000000000000000000, 0.7500000000000000000, 1.000000000000000000 ),
 ( 0.000000000000000000, 0.5000000000000000000, 1.000000000000000000 ),
 .UNSPECIFIED. ) ;
#2730 = CARTESIAN_POINT ( 'NONE',  ( -0.5102866688648368676, 0.003191557600172750288, -0.8069875290031305326 ) ) ;
#2731 = CARTESIAN_POINT ( 'NONE',  ( -1.539999999999999591, 0.1200000000000001205, 0.9000000000000000222 ) ) ;
#2732 = CARTESIAN_POINT ( 'NONE',  ( 0.9656164196578094217, 0.06057464461872701100, 0.7950322625810020138 ) ) ;
#2733 = ADVANCED_FACE ( 'NONE', ( #1401 ), #1086, .T. ) ;
#2734 = CARTESIAN_POINT ( 'NONE',  ( -0.4191183809390913728, 0.08559074299740673797, -0.8860973028879358671 ) ) ;
#2735 = CARTESIAN_POINT ( 'NONE',  ( -0.9602042690974178507, 0.1040270620709143057, 0.8118605707346431277 ) ) ;
#2736 = CARTESIAN_POINT ( 'NONE',  ( -1.480270583736963186, 0.01509841972869552587, -0.8365464251265770645 ) ) ;
#2737 = B_SPLINE_CURVE_WITH_KNOTS ( 'NONE', 3,
 ( #2087, #3936, #3590, #1413, #3360, #1499, #94, #2591, #3313, #2222, #4430, #1823 ),
 .UNSPECIFIED., .F., .F.,
 ( 4, 2, 2, 2, 2, 4 ),
 ( 0.000000000000000000, 0.2499999999999996669, 0.3749999999999993894, 0.4374999999999999445, 0.5000000000000005551, 1.000000000000000000 ),
 .UNSPECIFIED. ) ;
#2738 = LINE ( 'NONE', #262, #3149 ) ;
#2739 = CARTESIAN_POINT ( 'NONE',  ( 1.015359511833100248, -1.061172822154476950E-17, -0.6950603447338526975 ) ) ;
#2740 = CARTESIAN_POINT ( 'NONE',  ( 0.4846404881668998632, 2.616814148484204694E-18, 0.7825603447338531637 ) ) ;
#2741 = CARTESIAN_POINT ( 'NONE',  ( 0.5808816190609080721, 0.08559074299740714042, 0.8860973028879343127 ) ) ;
#2742 = ORIENTED_EDGE ( 'NONE', *, *, #2447, .T. ) ;
#2743 = CARTESIAN_POINT ( 'NONE',  ( 0.4680124709968696006, 0.003191557600172719063, -0.7852866688648367788 ) ) ;
#2744 = CARTESIAN_POINT ( 'NONE',  ( -0.4861835892341970222, 1.526345486598207953E-17, 0.7849168272161795024 ) ) ;
#2745 = CARTESIAN_POINT ( 'NONE',  ( 0.9998999599679677663, -2.710505431213761085E-17, -0.6876000400320320116 ) ) ;
#2746 = CARTESIAN_POINT ( 'NONE',  ( 1.379464486077716767, 0.08826611352744162531, 0.8135737960538640401 ) ) ;
#2747 = CARTESIAN_POINT ( 'NONE',  ( -0.5149820457392432216, 0.002887014083468397371, -0.8055493522472939594 ) ) ;
#2748 = CARTESIAN_POINT ( 'NONE',  ( 0.01498204573924244443, 0.002887014083468370049, 0.7180493522472947143 ) ) ;
#2749 = CARTESIAN_POINT ( 'NONE',  ( 1.000000000000000000, 0.000000000000000000, -0.6876000400320320116 ) ) ;
#2750 = CIRCLE ( 'NONE', #4200, 0.1000000000000001582 ) ;
#2751 = CARTESIAN_POINT ( 'NONE',  ( 1.575203984240433730, 0.02381372425704561882, -0.7990923965397541684 ) ) ;
#2752 = CARTESIAN_POINT ( 'NONE',  ( 1.485017954260757778, 0.002887014083468543955, 0.8055493522472949586 ) ) ;
#2753 = CARTESIAN_POINT ( 'NONE',  ( -0.4600000000000006861, 0.1200000000000000927, -0.9000000000000001332 ) ) ;
#2754 = ORIENTED_EDGE ( 'NONE', *, *, #4037, .F. ) ;
#2755 = EDGE_CURVE ( 'NONE', #3280, #2108, #3343, .T. ) ;
#2756 = CARTESIAN_POINT ( 'NONE',  ( -0.5052069017433541420, 1.648913563062054390E-17, -0.7910861919935409103 ) ) ;
#2757 = CARTESIAN_POINT ( 'NONE',  ( 1.506823536316044487, -2.382280164152718933E-18, 0.7961467883844641769 ) ) ;
#2758 = PLANE ( 'NONE',  #704 ) ;
#2759 = CARTESIAN_POINT ( 'NONE',  ( -0.4846404881668998632, -1.093571300758463501E-17, -0.7825603447338526086 ) ) ;
#2760 = PLANE ( 'NONE',  #1988 ) ;
#2761 = CARTESIAN_POINT ( 'NONE',  ( -0.8750000000000001110, 0.1200000000000000927, 0.7274999999999993694 ) ) ;
#2762 = CARTESIAN_POINT ( 'NONE',  ( -1.461474791726887323, 0.01331992622116218335, -0.8286975520950694563 ) ) ;
#2763 = ADVANCED_FACE ( 'NONE', ( #3347 ), #107, .T. ) ;
#2764 = CARTESIAN_POINT ( 'NONE',  ( 0.5779678049760719194, 0.02716957574868912595, -0.7999372125341570605 ) ) ;
#2765 = CARTESIAN_POINT ( 'NONE',  ( 0.4924396552661471360, 9.802663115080044010E-19, 0.7903595118331001590 ) ) ;
#2766 = VECTOR ( 'NONE', #1333, 1000.000000000000000 ) ;
#2767 = CARTESIAN_POINT ( 'NONE',  ( 0.005206901743353819362, -1.257365766455155721E-17, -0.7035861919935407771 ) ) ;
#2768 = EDGE_LOOP ( 'NONE', ( #3045, #3664, #1699, #452, #574, #766, #2964, #2631 ) ) ;
#2769 = CARTESIAN_POINT ( 'NONE',  ( 1.375000000000000000, 0.1200000000000000927, -0.8149999999999996136 ) ) ;
#2770 = CARTESIAN_POINT ( 'NONE',  ( 0.9165216701031710933, 0.1027437099221054917, 0.8024942215026192871 ) ) ;
#2771 = EDGE_CURVE ( 'NONE', #2694, #1247, #4260, .T. ) ;
#2772 = CARTESIAN_POINT ( 'NONE',  ( 1.468012470996869379, 0.003191557600172734242, 0.7852866688648364457 ) ) ;
#2773 = CARTESIAN_POINT ( 'NONE',  ( -0.06231545073006206775, 0.1200000000000001205, -0.8125000000000000000 ) ) ;
#2774 = CARTESIAN_POINT ( 'NONE',  ( -0.6205355139222832328, 0.08826611352744172245, -0.8135737960538642621 ) ) ;
#2775 = EDGE_LOOP ( 'NONE', ( #2048, #1194 ) ) ;
#2776 = CARTESIAN_POINT ( 'NONE',  ( 0.02409239653975391374, 0.02381372425704562923, 0.7627039842404336190 ) ) ;
#2777 = CARTESIAN_POINT ( 'NONE',  ( -0.9606160524283980928, 0.005266798911870656727, -0.6999907548353357933 ) ) ;
#2778 = CARTESIAN_POINT ( 'NONE',  ( 1.530549352247294381, 0.002887014083467763330, -0.7899820457392430217 ) ) ;
#2779 = CARTESIAN_POINT ( 'NONE',  ( -1.024092396539754368, 0.02381372425704560147, 0.7627039842404335079 ) ) ;
#2780 = B_SPLINE_CURVE_WITH_KNOTS ( 'NONE', 3,
 ( #2014, #3512, #644, #3488, #4525, #2428 ),
 .UNSPECIFIED., .F., .F.,
 ( 4, 2, 4 ),
 ( 0.000000000000000000, 0.5000000000000000000, 1.000000000000000000 ),
 .UNSPECIFIED. ) ;
#2781 = CARTESIAN_POINT ( 'NONE',  ( 1.484640488166899974, 2.616814148484204694E-18, 0.7825603447338531637 ) ) ;
#2782 = CARTESIAN_POINT ( 'NONE',  ( 1.015359511833100026, -1.257226084456080834E-17, 0.6950603447338526975 ) ) ;
#2783 = VERTEX_POINT ( 'NONE', #2579 ) ;
#2784 = CARTESIAN_POINT ( 'NONE',  ( -1.513816410765803422, -1.037304240213110295E-17, 0.2400831727838210194 ) ) ;
#2785 = CARTESIAN_POINT ( 'NONE',  ( 0.9703489514356122836, 0.04083945520454537043, 0.7801165671034482330 ) ) ;
#2786 = CARTESIAN_POINT ( 'NONE',  ( -0.4025117729005801559, 0.05540140092754049922, -0.8456695884394300755 ) ) ;
#2787 = CARTESIAN_POINT ( 'NONE',  ( -0.9037911840996043500, 0.04345662036820475971, 0.7349829966536471915 ) ) ;
#2788 = DIRECTION ( 'NONE',  ( -1.000000000000000000, 0.000000000000000000, 0.000000000000000000 ) ) ;
#2789 = CARTESIAN_POINT ( 'NONE',  ( 1.007560344733853031, -1.257226084456080218E-17, -0.7028595118331003588 ) ) ;
#2790 = CARTESIAN_POINT ( 'NONE',  ( 0.4998999599679679884, 0.000000000000000000, 0.7751000400320319228 ) ) ;
#2791 = FACE_OUTER_BOUND ( 'NONE', #3122, .T. ) ;
#2792 = VERTEX_POINT ( 'NONE', #1195 ) ;
#2793 = DIRECTION ( 'NONE',  ( -1.000000000000000000, 0.000000000000000000, 0.000000000000000000 ) ) ;
#2794 = CARTESIAN_POINT ( 'NONE',  ( 0.9861835892341971332, -1.110046455730807001E-17, 0.6974168272161795912 ) ) ;
#2795 = CARTESIAN_POINT ( 'NONE',  ( -1.614994221502617400, 0.1027437099221082117, -0.1665216701031731195 ) ) ;
#2796 = CARTESIAN_POINT ( 'NONE',  ( 0.5399999999999993694, 0.1200000000000000927, -0.9000000000000001332 ) ) ;
#2797 = CARTESIAN_POINT ( 'NONE',  ( -0.06155082974168123860, 0.1031714939717075924, -0.8118263205992825027 ) ) ;
#2798 = CARTESIAN_POINT ( 'NONE',  ( 1.500000000000000000, 0.000000000000000000, -0.7751000400320320338 ) ) ;
#2799 = ORIENTED_EDGE ( 'NONE', *, *, #2410, .F. ) ;
#2800 = FACE_OUTER_BOUND ( 'NONE', #3795, .T. ) ;
#2801 = CARTESIAN_POINT ( 'NONE',  ( -0.04000000000000010492, 0.1200000000000000927, -0.8125000000000000000 ) ) ;
#2802 = CARTESIAN_POINT ( 'NONE',  ( -1.000100040032032345, -1.355252715606880543E-17, 0.6876000400320320116 ) ) ;
#2803 =( NAMED_UNIT ( * ) PLANE_ANGLE_UNIT ( ) SI_UNIT ( $, .RADIAN. ) );
#2804 = CARTESIAN_POINT ( 'NONE',  ( 1.059873465305386286, 0.08648253317408451102, 0.8075645588775862693 ) ) ;
#2805 = ORIENTED_EDGE ( 'NONE', *, *, #3173, .T. ) ;
#2806 = CARTESIAN_POINT ( 'NONE',  ( -1.598005859859850997, 0.04717486743821662498, 0.2186367844702133967 ) ) ;
#2807 = CARTESIAN_POINT ( 'NONE',  ( 2.000000000000000000, 0.1200000000000000511, 0.000000000000000000 ) ) ;
#2808 = CARTESIAN_POINT ( 'NONE',  ( -0.3794644860777168782, 0.08826611352744170857, -0.8135737960538642621 ) ) ;
#2809 = CARTESIAN_POINT ( 'NONE',  ( -0.03999999999999945266, 0.1200000000000000927, 0.8125000000000000000 ) ) ;
#2810 = CARTESIAN_POINT ( 'NONE',  ( -0.9191183809390908177, 0.08559074299740658531, 0.7985973028879326252 ) ) ;
#2811 = PLANE ( 'NONE',  #1468 ) ;
#2812 = CARTESIAN_POINT ( 'NONE',  ( -1.478551433095413037, 0.01937058921067474557, -0.1827264153377861355 ) ) ;
#2813 = CARTESIAN_POINT ( 'NONE',  ( 0.6243605707346430167, 0.1040270620709143057, 0.8147957309025822825 ) ) ;
#2814 = ORIENTED_EDGE ( 'NONE', *, *, #4367, .T. ) ;
#2815 = CARTESIAN_POINT ( 'NONE',  ( -1.559873465305386064, 0.08648253317408620411, 0.1299354411224124539 ) ) ;
#2816 = CARTESIAN_POINT ( 'NONE',  ( 1.415631134005120417, 0.1200000000000001066, -0.8908392868068341075 ) ) ;
#2817 = CARTESIAN_POINT ( 'NONE',  ( -0.9603839341353985759, 0.08997805252430740586, 0.8112981602442712603 ) ) ;
#2818 = ADVANCED_FACE ( 'NONE', ( #433 ), #1561, .T. ) ;
#2819 = CARTESIAN_POINT ( 'NONE',  ( 0.1158392868068340992, 0.1200000000000001066, 0.7718688659948789166 ) ) ;
#2820 = CARTESIAN_POINT ( 'NONE',  ( -1.620535513922283455, 0.08826611352744172245, 0.8135737960538647062 ) ) ;
#2821 = ORIENTED_EDGE ( 'NONE', *, *, #2383, .T. ) ;
#2822 = CARTESIAN_POINT ( 'NONE',  ( 1.460204269097417296, 0.1040270620709143612, -0.8993605707346432609 ) ) ;
#2823 = CARTESIAN_POINT ( 'NONE',  ( -0.1243263205992824888, 0.1031714939717076479, 0.7490508297416788031 ) ) ;
#2824 = EDGE_CURVE ( 'NONE', #127, #682, #84, .T. ) ;
#2825 = CARTESIAN_POINT ( 'NONE',  ( 0.4999999999999998890, 0.000000000000000000, -0.7751000400320320338 ) ) ;
#2826 = CARTESIAN_POINT ( 'NONE',  ( -1.052538204265624833, 0.05666991344398038255, 0.7934832623201186763 ) ) ;
#2827 = CARTESIAN_POINT ( 'NONE',  ( -1.038573796053864573, 0.08826611352744170857, -0.8080355139222832328 ) ) ;
#2828 = CARTESIAN_POINT ( 'NONE',  ( -0.9709979949822643563, 0.01391275739033962650, -0.7467826195731538386 ) ) ;
#2829 = VECTOR ( 'NONE', #2392, 1000.000000000000000 ) ;
#2830 = CARTESIAN_POINT ( 'NONE',  ( -1.597488227099419289, 0.05540140092753866735, 0.8456695884394325180 ) ) ;
#2831 = CARTESIAN_POINT ( 'NONE',  ( -0.5052069017433538090, 9.788694915172482134E-19, 0.7910861919935406883 ) ) ;
#2832 = AXIS2_PLACEMENT_3D ( 'NONE', #1874, #2963, #1894 ) ;
#2833 = CARTESIAN_POINT ( 'NONE',  ( -0.08436886599487848637, 0.1200000000000001066, 0.8033392868068344184 ) ) ;
#2834 = LINE ( 'NONE', #2427, #2446 ) ;
#2835 = VECTOR ( 'NONE', #3740, 1000.000000000000000 ) ;
#2836 = FACE_OUTER_BOUND ( 'NONE', #1934, .T. ) ;
#2837 = CARTESIAN_POINT ( 'NONE',  ( -1.500000000000000000, 0.000000000000000000, 0.2498999599679679051 ) ) ;
#2838 = CARTESIAN_POINT ( 'NONE',  ( 0.5592826195731532835, 0.01391275739034006885, 0.8040020050177361099 ) ) ;
#2839 = AXIS2_PLACEMENT_3D ( 'NONE', #4099, #1893, #1161 ) ;
#2840 = B_SPLINE_CURVE_WITH_KNOTS ( 'NONE', 3,
 ( #3534, #1327, #1353, #993, #2732, #889, #259, #2785, #4620, #2400, #1644, #2703 ),
 .UNSPECIFIED., .F., .F.,
 ( 4, 2, 2, 2, 2, 4 ),
 ( 0.000000000000000000, 0.2500000000000012768, 0.3750000000000018874, 0.4375000000000022204, 0.5000000000000025535, 1.000000000000000000 ),
 .UNSPECIFIED. ) ;
#2841 = CLOSED_SHELL ( 'NONE', ( #4709, #2255, #2818, #991, #2249, #4606, #2081, #298, #1841, #922 ) ) ;
#2842 = ORIENTED_EDGE ( 'NONE', *, *, #4667, .F. ) ;
#2843 = CARTESIAN_POINT ( 'NONE',  ( 1.446302447904932009, 0.01331992622116164385, -0.8135252082731134760 ) ) ;
#2844 = CARTESIAN_POINT ( 'NONE',  ( 1.509916827216179591, 1.608172878447016234E-17, 0.7888164107658030000 ) ) ;
#2845 = CARTESIAN_POINT ( 'NONE',  ( 0.9724699517599628695, 0.002734742325115335770, 0.7072383858499481368 ) ) ;
#2846 = CARTESIAN_POINT ( 'NONE',  ( 0.5214485669042110416, 0.01937058921003365769, 0.8422735846612270372 ) ) ;
#2847 = AXIS2_PLACEMENT_3D ( 'NONE', #3699, #3295, #753 ) ;
#2848 = CARTESIAN_POINT ( 'NONE',  ( -1.527530048240037575, 0.002734742325114673540, -0.2302616141500501423 ) ) ;
#2849 = B_SPLINE_CURVE_WITH_KNOTS ( 'NONE', 3,
 ( #1552, #1, #2572, #739, #3365, #4028, #3336, #758, #2201, #1184 ),
 .UNSPECIFIED., .F., .F.,
 ( 4, 2, 2, 2, 4 ),
 ( 0.000000000000000000, 0.2500000000000000000, 0.5000000000000000000, 0.7500000000000000000, 1.000000000000000000 ),
 .UNSPECIFIED. ) ;
#2850 = CARTESIAN_POINT ( 'NONE',  ( -1.392544183154779569, 0.05920693847686206435, -0.2156045831057584738 ) ) ;
#2851 = CARTESIAN_POINT ( 'NONE',  ( -1.625000000000000000, 0.1200000000000000927, 0.8149999999999999467 ) ) ;
#2852 = ORIENTED_EDGE ( 'NONE', *, *, #1214, .T. ) ;
#2853 = CARTESIAN_POINT ( 'NONE',  ( 1.461426203946134983, 0.08826611352744176409, -0.8955355139222833660 ) ) ;
#2854 = CYLINDRICAL_SURFACE ( 'NONE', #4419, 0.1250000000000001110 ) ;
#2855 = FACE_OUTER_BOUND ( 'NONE', #4625, .T. ) ;
#2856 = CARTESIAN_POINT ( 'NONE',  ( -1.061550829741681357, 0.1031714939717075924, -0.8118263205992825027 ) ) ;
#2857 = CARTESIAN_POINT ( 'NONE',  ( -0.9850179542607575556, 0.002887014083468471531, -0.7180493522472944923 ) ) ;
#2858 = ORIENTED_EDGE ( 'NONE', *, *, #4500, .T. ) ;
#2859 = B_SPLINE_SURFACE_WITH_KNOTS ( 'NONE', 3, 3, ( 
 ( #3079, #1300, #921, #4216, #2343, #3410 ),
 ( #947, #3807, #465, #1648, #2374, #140 ),
 ( #1919, #2293, #3390, #3028, #870, #4472 ),
 ( #3766, #1941, #1597, #3051, #513, #4496 ),
 ( #1228, #4142, #2321, #3434, #1479, #2549 ),
 ( #1520, #2244, #2980, #4452, #4095, #1109 ),
 ( #3722, #440, #3275, #1454, #1868, #4429 ),
 ( #752, #1157, #1890, #4717, #2957, #2612 ),
 ( #4381, #2175, #822, #2265, #67, #799 ),
 ( #41, #4070, #2916, #3358, #3675, #93 ) ),
 .UNSPECIFIED., .F., .F., .F.,
 ( 4, 2, 2, 2, 4 ),
 ( 4, 2, 4 ),
 ( 0.000000000000000000, 0.2500000000000000000, 0.5000000000000000000, 0.7500000000000000000, 1.000000000000000000 ),
 ( 0.000000000000000000, 0.5000000000000000000, 1.000000000000000000 ),
 .UNSPECIFIED. ) ;
#2860 = CARTESIAN_POINT ( 'NONE',  ( -1.494793098256646191, -1.257365766455156029E-17, -0.7910861919935406883 ) ) ;
#2861 = CARTESIAN_POINT ( 'NONE',  ( -1.539795730902582704, 0.1040270620709143334, 0.8993605707346430389 ) ) ;
#2862 = CARTESIAN_POINT ( 'NONE',  ( 1.039999999999999147, 0.1200000000000000927, -0.8125000000000000000 ) ) ;
#2863 = EDGE_CURVE ( 'NONE', #3579, #169, #1491, .T. ) ;
#2864 = CARTESIAN_POINT ( 'NONE',  ( -0.9900831727838207419, -1.110046455730802225E-17, 0.7013164107658030888 ) ) ;
#2865 = DIRECTION ( 'NONE',  ( -1.000000000000000000, 0.000000000000000000, 0.000000000000000000 ) ) ;
#2866 =( LENGTH_UNIT ( ) NAMED_UNIT ( * ) SI_UNIT ( .MILLI., .METRE. ) );
#2867 = CARTESIAN_POINT ( 'NONE',  ( 0.5615464251265769313, 0.01509841972869553975, 0.7947294162630367254 ) ) ;
#2868 = ORIENTED_EDGE ( 'NONE', *, *, #2561, .T. ) ;
#2869 = CARTESIAN_POINT ( 'NONE',  ( 1.492439655266147414, 1.649332609059281208E-17, -0.7903595118331007141 ) ) ;
#2870 = CARTESIAN_POINT ( 'NONE',  ( 1.507560344733853253, 1.649332609059279975E-17, 0.7903595118331000480 ) ) ;
#2871 = CARTESIAN_POINT ( 'NONE',  ( -0.4602042690974177952, 0.1040270620709142779, -0.8993605707346432609 ) ) ;
#2872 = CARTESIAN_POINT ( 'NONE',  ( -1.561550829741676027, 0.1031714939717086194, -0.1256736794007173863 ) ) ;
#2873 = CARTESIAN_POINT ( 'NONE',  ( -1.580881619060907628, 0.08559074299740766778, -0.8860973028879335356 ) ) ;
#2874 = CARTESIAN_POINT ( 'NONE',  ( 0.9600000000000005196, 0.1200000000000000927, 0.8125000000000000000 ) ) ;
#2875 = EDGE_LOOP ( 'NONE', ( #3468, #1017, #4159, #2538, #1673, #2880, #4244, #2389 ) ) ;
#2876 = CARTESIAN_POINT ( 'NONE',  ( 1.620535513922283233, 0.08826611352744169470, 0.8135737960538641511 ) ) ;
#2877 = CARTESIAN_POINT ( 'NONE',  ( -0.05928261957315354713, 0.01391275739034063090, 0.7165020050177359767 ) ) ;
#2878 = CARTESIAN_POINT ( 'NONE',  ( -1.016086191993540888, -1.061591868151710238E-17, 0.6927069017433538090 ) ) ;
#2879 = CARTESIAN_POINT ( 'NONE',  ( -0.9861835892341969112, -1.110046455730801917E-17, -0.6974168272161791471 ) ) ;
#2880 = ORIENTED_EDGE ( 'NONE', *, *, #863, .F. ) ;
#2881 = FILL_AREA_STYLE_COLOUR ( '', #3974 ) ;
#2882 = CARTESIAN_POINT ( 'NONE',  ( -1.489713331135163576, 0.003191557600172719930, 0.8069875290031306436 ) ) ;
#2883 = EDGE_CURVE ( 'NONE', #3898, #1923, #2649, .T. ) ;
#2884 = CARTESIAN_POINT ( 'NONE',  ( -1.553697552095067325, 0.01331992622116265519, 0.8135252082731135870 ) ) ;
#2885 = CARTESIAN_POINT ( 'NONE',  ( -0.5314389725833358336, 0.04590871196975498253, 0.8732011765805184345 ) ) ;
#2886 = CARTESIAN_POINT ( 'NONE',  ( -1.375000000000000222, 0.1200000000000000511, 0.1626289753689148243 ) ) ;
#2887 = DIRECTION ( 'NONE',  ( -1.000000000000000000, 0.000000000000000000, 0.000000000000000000 ) ) ;
#2888 = CARTESIAN_POINT ( 'NONE',  ( -0.9271889257217862390, 0.02205258410723261869, 0.7232172485160170972 ) ) ;
#2889 = CARTESIAN_POINT ( 'NONE',  ( -1.437684549269938605, 0.1200000000000001205, 0.1249999999999998890 ) ) ;
#2890 = ADVANCED_FACE ( 'NONE', ( #2996 ), #767, .T. ) ;
#2891 = DIRECTION ( 'NONE',  ( 0.000000000000000000, 0.000000000000000000, -1.000000000000000000 ) ) ;
#2892 =( NAMED_UNIT ( * ) PLANE_ANGLE_UNIT ( ) SI_UNIT ( $, .RADIAN. ) );
#2893 = CARTESIAN_POINT ( 'NONE',  ( -1.415631134005121083, 0.1200000000000001066, -0.1341607131931657759 ) ) ;
#2894 = DIRECTION ( 'NONE',  ( 0.000000000000000000, 1.000000000000000000, 0.000000000000000000 ) ) ;
#2895 = CARTESIAN_POINT ( 'NONE',  ( 1.470997994982265356, 0.01391275739033975140, -0.8342826195731541938 ) ) ;
#2896 = CARTESIAN_POINT ( 'NONE',  ( 0.9017988234194813657, 0.04590871196975503804, 0.7189389725833359446 ) ) ;
#2897 = CARTESIAN_POINT ( 'NONE',  ( -1.550000000000000266, 0.5879999999999999671, -0.8750000000000001110 ) ) ;
#2898 = CARTESIAN_POINT ( 'NONE',  ( -1.538573796053864795, 0.08826611352744168082, -0.1294644860777167950 ) ) ;
#2899 = EDGE_CURVE ( 'NONE', #2986, #2406, #4657, .T. ) ;
#2900 = CARTESIAN_POINT ( 'NONE',  ( -1.510286668864836646, 0.003191557600172729037, -0.8069875290031304216 ) ) ;
#2901 = CARTESIAN_POINT ( 'NONE',  ( -0.4017988234194818653, 0.04590871196975500335, 0.8064389725833359668 ) ) ;
#2902 = ORIENTED_EDGE ( 'NONE', *, *, #345, .T. ) ;
#2903 = B_SPLINE_CURVE_WITH_KNOTS ( 'NONE', 3,
 ( #1272, #531, #990, #4261, #4518, #1641, #2806, #4184, #4236, #1248, #3428, #3832 ),
 .UNSPECIFIED., .F., .F.,
 ( 4, 2, 2, 2, 2, 4 ),
 ( 0.000000000000000000, 0.2500000000000010547, 0.3750000000000009992, 0.4375000000000009437, 0.5000000000000008882, 1.000000000000000000 ),
 .UNSPECIFIED. ) ;
#2904 = CARTESIAN_POINT ( 'NONE',  ( 0.0001000400320319994735, -1.355252715606880543E-17, 0.6876000400320320116 ) ) ;
#2905 = CARTESIAN_POINT ( 'NONE',  ( -0.9390157178462649190, 0.01553916102156537200, -0.7069071659677144126 ) ) ;
#2906 = UNCERTAINTY_MEASURE_WITH_UNIT (LENGTH_MEASURE( 1.000000000000000082E-05 ), #3519, 'distance_accuracy_value', 'NONE');
#2907 = CARTESIAN_POINT ( 'NONE',  ( -1.522768914109556837, 0.01983447267167319158, 0.8460622478761379295 ) ) ;
#2908 = CARTESIAN_POINT ( 'NONE',  ( -1.084368865994879361, 0.1200000000000001205, -0.8033392868068338633 ) ) ;
#2909 = CARTESIAN_POINT ( 'NONE',  ( -0.9037911840996036839, 0.04345662036820517604, -0.7349829966536457482 ) ) ;
#2910 = ORIENTED_EDGE ( 'NONE', *, *, #2924, .T. ) ;
#2911 = CARTESIAN_POINT ( 'NONE',  ( -1.472469951759963314, 0.002734742325115195691, 0.7947383858499477149 ) ) ;
#2912 = CARTESIAN_POINT ( 'NONE',  ( -0.5160861919935408881, 2.597195021034514269E-18, 0.7802069017433539422 ) ) ;
#2913 = CARTESIAN_POINT ( 'NONE',  ( 1.125000000000000000, 0.1200000000000000927, -0.7274999999999992584 ) ) ;
#2914 =( GEOMETRIC_REPRESENTATION_CONTEXT ( 3 ) GLOBAL_UNCERTAINTY_ASSIGNED_CONTEXT ( ( #2906 ) ) GLOBAL_UNIT_ASSIGNED_CONTEXT ( ( #3519, #651, #3940 ) ) REPRESENTATION_CONTEXT ( 'NONE', 'WORKASPACE' ) );
#2915 = CARTESIAN_POINT ( 'NONE',  ( 0.5536975520950687679, 0.01331992622116216947, 0.8135252082731139200 ) ) ;
#2916 = CARTESIAN_POINT ( 'NONE',  ( -1.499899959967968099, 0.000000000000000000, -0.2498999599679679051 ) ) ;
#2917 = CARTESIAN_POINT ( 'NONE',  ( 1.500100040032032123, 1.355252715606880543E-17, 0.7751000400320319228 ) ) ;
#2918 = CARTESIAN_POINT ( 'NONE',  ( 0.4897133311351631324, 0.003191557600172750288, -0.8069875290031305326 ) ) ;
#2919 = CARTESIAN_POINT ( 'NONE',  ( -1.547599971184382861, 0.02117201403232666854, -0.1838050611181465122 ) ) ;
#2920 = AXIS2_PLACEMENT_3D ( 'NONE', #615, #2127, #4313 ) ;
#2921 = CARTESIAN_POINT ( 'NONE',  ( 1.539999999999999369, 0.1200000000000000927, -0.9000000000000001332 ) ) ;
#2922 = ORIENTED_EDGE ( 'NONE', *, *, #3866, .T. ) ;
#2923 = DIRECTION ( 'NONE',  ( 1.000000000000000000, 0.000000000000000000, -0.000000000000000000 ) ) ;
#2924 = EDGE_CURVE ( 'NONE', #1578, #2422, #1418, .T. ) ;
#2925 = CARTESIAN_POINT ( 'NONE',  ( -0.07066958843943257906, 0.05540140092754008289, 0.7849882270994170685 ) ) ;
#2926 = COLOUR_RGB ( '',0.7921568627450980005, 0.8196078431372548767, 0.9333333333333333481 ) ;
#2927 = CARTESIAN_POINT ( 'NONE',  ( 0.06231545073006120039, 0.1200000000000001066, -0.8125000000000000000 ) ) ;
#2928 = SURFACE_STYLE_USAGE ( .BOTH. , #3372 ) ;
#2929 = CARTESIAN_POINT ( 'NONE',  ( -0.8794644860777169892, 0.08826611352744169470, -0.7260737960538642399 ) ) ;
#2930 = ORIENTED_EDGE ( 'NONE', *, *, #4508, .T. ) ;
#2931 = DIRECTION ( 'NONE',  ( 0.000000000000000000, -0.000000000000000000, -1.000000000000000000 ) ) ;
#2932 = CARTESIAN_POINT ( 'NONE',  ( 1.392467737418363161, 0.06057464461975755471, -0.8093835803422060327 ) ) ;
#2933 = CARTESIAN_POINT ( 'NONE',  ( -0.03857379605386461463, 0.08826611352744170857, -0.8080355139222832328 ) ) ;
#2934 = CARTESIAN_POINT ( 'NONE',  ( -1.416521670103167541, 0.1027437099221041733, 0.1350057784973826003 ) ) ;
#2935 = CARTESIAN_POINT ( 'NONE',  ( -1.625000000000000222, 0.1200000000000000927, -0.1876845492699381612 ) ) ;
#2936 = CARTESIAN_POINT ( 'NONE',  ( 1.039795730902582260, 0.1040270620709143057, 0.8118605707346431277 ) ) ;
#2937 = CARTESIAN_POINT ( 'NONE',  ( 0.3924677374183629941, 0.06057464461975756859, -0.8093835803422061437 ) ) ;
#2938 = CARTESIAN_POINT ( 'NONE',  ( -0.0001000400320322163139, 0.1250000000000000000, 0.7274999999999993694 ) ) ;
#2939 = CARTESIAN_POINT ( 'NONE',  ( -1.379935441122414952, 0.08648253317408431673, -0.8348734653053880850 ) ) ;
#2940 = CARTESIAN_POINT ( 'NONE',  ( -1.620535513922283011, 0.08826611352744170857, -0.2114262039461350384 ) ) ;
#2941 = CARTESIAN_POINT ( 'NONE',  ( 0.3756736794007174973, 0.1031714939717079532, 0.8365508297416788253 ) ) ;
#2942 = ADVANCED_FACE ( 'NONE', ( #1571 ), #2760, .F. ) ;
#2943 = CARTESIAN_POINT ( 'NONE',  ( -1.561546425126577819, 0.01509841972869551199, -0.7947294162630368364 ) ) ;
#2944 = ORIENTED_EDGE ( 'NONE', *, *, #691, .T. ) ;
#2945 = CARTESIAN_POINT ( 'NONE',  ( 0.4474617957343747787, 0.05666991344398107644, -0.8809832623201208079 ) ) ;
#2946 = CARTESIAN_POINT ( 'NONE',  ( -0.3756736794007174973, 0.1031714939717092994, 0.8365508297416762717 ) ) ;
#2947 = ADVANCED_FACE ( 'NONE', ( #1646 ), #3805, .T. ) ;
#2948 = DIRECTION ( 'NONE',  ( -6.651547070463221357E-17, 0.000000000000000000, -1.000000000000000000 ) ) ;
#2949 = CARTESIAN_POINT ( 'NONE',  ( 0.5099168272161792581, -1.215786989845665625E-17, -0.7888164107658030000 ) ) ;
#2950 = CARTESIAN_POINT ( 'NONE',  ( -0.03999999999999945266, 0.1200000000000000927, 0.8125000000000000000 ) ) ;
#2951 = DIRECTION ( 'NONE',  ( 1.000000000000000000, 0.000000000000000000, 0.000000000000000000 ) ) ;
#2952 = CARTESIAN_POINT ( 'NONE',  ( -1.527530048240038241, 0.002734742325115323194, 0.7947383858499483811 ) ) ;
#2953 = CARTESIAN_POINT ( 'NONE',  ( 1.460204269097417740, 0.1040270620709142779, 0.8993605707346430389 ) ) ;
#2954 = ORIENTED_EDGE ( 'NONE', *, *, #478, .F. ) ;
#2955 = CARTESIAN_POINT ( 'NONE',  ( 1.083478329896829573, 0.1027437099221055611, -0.8024942215026190651 ) ) ;
#2956 = CARTESIAN_POINT ( 'NONE',  ( -0.09820117658051867593, 0.04590871196975498253, -0.7189389725833359446 ) ) ;
#2957 = CARTESIAN_POINT ( 'NONE',  ( -1.469450647752705397, 0.002887014083469687572, -0.2350179542607568894 ) ) ;
#2958 = CARTESIAN_POINT ( 'NONE',  ( 0.5843688659948788056, 0.1200000000000000927, 0.8908392868068344406 ) ) ;
#2959 = CARTESIAN_POINT ( 'NONE',  ( 0.5000000000000000000, 0.000000000000000000, 0.7751000400320319228 ) ) ;
#2960 = FACE_OUTER_BOUND ( 'NONE', #319, .T. ) ;
#2961 = CARTESIAN_POINT ( 'NONE',  ( -1.490083172783821297, -1.249638911117696843E-17, 0.7888164107658034441 ) ) ;
#2962 = CARTESIAN_POINT ( 'NONE',  ( -1.620535513922283455, 0.08826611352744172245, -0.8135737960538647062 ) ) ;
#2963 = DIRECTION ( 'NONE',  ( -6.651547070463221357E-17, 0.000000000000000000, -1.000000000000000000 ) ) ;
#2964 = ORIENTED_EDGE ( 'NONE', *, *, #1912, .F. ) ;
#2965 = CARTESIAN_POINT ( 'NONE',  ( 0.4759076034602456873, 0.02381372425704564311, -0.8502039842404336412 ) ) ;
#2966 = CARTESIAN_POINT ( 'NONE',  ( -0.9998999599679679884, 0.1250000000000000000, 0.7274999999999993694 ) ) ;
#2967 = CARTESIAN_POINT ( 'NONE',  ( 0.9802705837369627417, 0.01509841972869553281, -0.7490464251265770423 ) ) ;
#2968 = CARTESIAN_POINT ( 'NONE',  ( 0.1149942215026179965, 0.1027437099221049366, -0.7709783298968311271 ) ) ;
#2969 = FACE_OUTER_BOUND ( 'NONE', #1540, .T. ) ;
#2970 = CARTESIAN_POINT ( 'NONE',  ( 0.5399999999999993694, 0.1200000000000000927, -0.9000000000000001332 ) ) ;
#2971 = CARTESIAN_POINT ( 'NONE',  ( -1.038692575546023678, 0.08960415999668464027, 0.8085396916970157832 ) ) ;
#2972 = EDGE_CURVE ( 'NONE', #1525, #4345, #3559, .T. ) ;
#2973 = DIRECTION ( 'NONE',  ( 1.000000000000000000, 0.000000000000000000, 0.000000000000000000 ) ) ;
#2974 = CARTESIAN_POINT ( 'NONE',  ( -1.000000000000000000, 0.000000000000000000, -0.6876000400320320116 ) ) ;
#2975 = ORIENTED_EDGE ( 'NONE', *, *, #691, .F. ) ;
#2976 = EDGE_CURVE ( 'NONE', #4467, #936, #4198, .T. ) ;
#2977 = CARTESIAN_POINT ( 'NONE',  ( -1.438449170258323528, 0.1031714939717083002, 0.8993263205992823028 ) ) ;
#2978 = CARTESIAN_POINT ( 'NONE',  ( 1.120064558877585714, 0.08648253317408430285, -0.7473734653053881738 ) ) ;
#2979 = CARTESIAN_POINT ( 'NONE',  ( -0.01973838584995099565, 0.002734742325115463706, -0.7150300482400354651 ) ) ;
#2980 = CARTESIAN_POINT ( 'NONE',  ( -1.452400028815614696, 0.02117201403232546811, -0.1838050611181474281 ) ) ;
#2981 = CARTESIAN_POINT ( 'NONE',  ( 0.4999999999999998890, 0.000000000000000000, -0.7751000400320320338 ) ) ;
#2982 = CLOSED_SHELL ( 'NONE', ( #1754, #3651, #2947, #4544, #2474, #2521, #203, #378, #1726, #2281 ) ) ;
#2983 = CARTESIAN_POINT ( 'NONE',  ( 1.598201176580517968, 0.04590871196975500335, 0.8064389725833359668 ) ) ;
#2984 = COLOUR_RGB ( '',0.7921568627450980005, 0.8196078431372548767, 0.9333333333333333481 ) ;
#2985 = DIRECTION ( 'NONE',  ( -1.000000000000000000, 0.000000000000000000, 0.000000000000000000 ) ) ;
#2986 = VERTEX_POINT ( 'NONE', #1514 ) ;
#2987 = CARTESIAN_POINT ( 'NONE',  ( 0.4463024479049320092, 0.01331992622116164385, -0.8135252082731134760 ) ) ;
#2988 = CARTESIAN_POINT ( 'NONE',  ( -0.4384491702583211414, 0.1031714939717082585, 0.8993263205992823028 ) ) ;
#2989 = FACE_OUTER_BOUND ( 'NONE', #1028, .T. ) ;
#2990 = CARTESIAN_POINT ( 'NONE',  ( 0.9850179542607562233, 0.002887014083468202649, -0.7180493522472940482 ) ) ;
#2991 = CARTESIAN_POINT ( 'NONE',  ( -0.5592826195731541716, 0.01391275739033981038, 0.8040020050177358879 ) ) ;
#2992 = CARTESIAN_POINT ( 'NONE',  ( 0.03439541689424080451, 0.05920693847686203659, -0.7949558168452208751 ) ) ;
#2993 = VECTOR ( 'NONE', #815, 1000.000000000000000 ) ;
#2994 = CARTESIAN_POINT ( 'NONE',  ( 0.5197294162630364811, 0.01509841972869552587, -0.8365464251265770645 ) ) ;
#2995 = ORIENTED_EDGE ( 'NONE', *, *, #482, .F. ) ;
#2996 = FACE_OUTER_BOUND ( 'NONE', #3055, .T. ) ;
#2997 = VECTOR ( 'NONE', #381, 1000.000000000000000 ) ;
#2998 = CARTESIAN_POINT ( 'NONE',  ( -1.432721459586326906, 0.01937380897724635606, 0.2285495469723352047 ) ) ;
#2999 = ADVANCED_FACE ( 'NONE', ( #3716 ), #3352, .T. ) ;
#3000 = ORIENTED_EDGE ( 'NONE', *, *, #4361, .T. ) ;
#3001 = SURFACE_STYLE_USAGE ( .BOTH. , #1515 ) ;
#3002 = CARTESIAN_POINT ( 'NONE',  ( -1.440717380426846939, 0.01391275739034078703, 0.8040020050177365540 ) ) ;
#3003 = CARTESIAN_POINT ( 'NONE',  ( -0.9656045831057592510, 0.05920693847686203659, -0.7949558168452208751 ) ) ;
#3004 = CARTESIAN_POINT ( 'NONE',  ( -0.0001000400320322163139, -2.710505431213761085E-17, -0.6876000400320320116 ) ) ;
#3005 = CARTESIAN_POINT ( 'NONE',  ( 1.047482996653646969, 0.04345662036820577973, 0.7837088159003952059 ) ) ;
#3006 = PRESENTATION_STYLE_ASSIGNMENT (( #3001 ) ) ;
#3007 = CARTESIAN_POINT ( 'NONE',  ( -1.039999999999999369, 0.1200000000000000927, 0.8125000000000000000 ) ) ;
#3008 = DIRECTION ( 'NONE',  ( 0.000000000000000000, 1.000000000000000000, 0.000000000000000000 ) ) ;
#3009 = CARTESIAN_POINT ( 'NONE',  ( 0.4656045831057582518, 0.05920693847686211292, -0.8824558168452210083 ) ) ;
#3010 = CARTESIAN_POINT ( 'NONE',  ( -1.524092396539754368, 0.02381372425704562229, 0.1747960157595662423 ) ) ;
#3011 = EDGE_LOOP ( 'NONE', ( #647, #785, #1931, #4656 ) ) ;
#3012 = CARTESIAN_POINT ( 'NONE',  ( -0.4165216701031686508, 0.1027437099221057276, 0.8899942215026174219 ) ) ;
#3013 = CARTESIAN_POINT ( 'NONE',  ( 0.9724699517599617593, 0.002734742325114977550, -0.7072383858499478038 ) ) ;
#3014 = CARTESIAN_POINT ( 'NONE',  ( -1.500000000000000222, 0.000000000000000000, -0.7751000400320319228 ) ) ;
#3015 = CARTESIAN_POINT ( 'NONE',  ( -1.550000000000000266, 0.5879999999999999671, -0.7750000000000000222 ) ) ;
#3016 = CARTESIAN_POINT ( 'NONE',  ( -1.075203984240433952, 0.02381372425704559800, -0.7115923965397540352 ) ) ;
#3017 = CARTESIAN_POINT ( 'NONE',  ( 0.6200645588775858252, 0.08648253317408449714, -0.8348734653053881960 ) ) ;
#3018 = EDGE_LOOP ( 'NONE', ( #1943, #2501, #610 ) ) ;
#3019 = CARTESIAN_POINT ( 'NONE',  ( 1.468636754976024417, 0.04717666425203760616, 0.8730073099086074206 ) ) ;
#3020 = CARTESIAN_POINT ( 'NONE',  ( -1.507560344733852586, -1.061172822154483575E-17, 0.7903595118330999370 ) ) ;
#3021 = ORIENTED_EDGE ( 'NONE', *, *, #2223, .F. ) ;
#3022 = ADVANCED_FACE ( 'NONE', ( #4336 ), #1565, .T. ) ;
#3023 = CARTESIAN_POINT ( 'NONE',  ( -1.427188925721785129, 0.02205258410723119969, 0.2142827514839806269 ) ) ;
#3024 = FACE_OUTER_BOUND ( 'NONE', #4250, .T. ) ;
#3025 = DIRECTION ( 'NONE',  ( -6.651547070463221357E-17, -0.000000000000000000, -1.000000000000000000 ) ) ;
#3026 = CARTESIAN_POINT ( 'NONE',  ( -0.03143897258333586825, 0.04590871196975502416, -0.7857011765805180792 ) ) ;
#3027 = CARTESIAN_POINT ( 'NONE',  ( 0.6074558168452208751, 0.05920693847686205047, 0.8093954168942411043 ) ) ;
#3028 = CARTESIAN_POINT ( 'NONE',  ( -1.388902697112065709, 0.08559074299740720981, -0.1691183809390894022 ) ) ;
#3029 = EDGE_CURVE ( 'NONE', #2350, #1764, #3181, .T. ) ;
#3030 = CARTESIAN_POINT ( 'NONE',  ( 0.4384491702583243056, 0.1031714939717098406, 0.8993263205992824139 ) ) ;
#3031 = CARTESIAN_POINT ( 'NONE',  ( -1.034395416894241526, 0.05920693847686206435, -0.7949558168452208751 ) ) ;
#3032 = ORIENTED_EDGE ( 'NONE', *, *, #4367, .F. ) ;
#3033 = CARTESIAN_POINT ( 'NONE',  ( 0.4839138080064591674, 4.221893711409146591E-18, -0.7802069017433539422 ) ) ;
#3034 = CARTESIAN_POINT ( 'NONE',  ( -0.4924396552661468029, 1.649332609059279975E-17, 0.7903595118331000480 ) ) ;
#3035 = UNCERTAINTY_MEASURE_WITH_UNIT (LENGTH_MEASURE( 1.000000000000000082E-05 ), #7, 'distance_accuracy_value', 'NONE');
#3036 = CARTESIAN_POINT ( 'NONE',  ( 0.8841607131931654706, 0.1200000000000001205, -0.7718688659948784725 ) ) ;
#3037 = CARTESIAN_POINT ( 'NONE',  ( -1.125000000000000222, 0.1200000000000001066, -0.7498154507300608396 ) ) ;
#3038 = CARTESIAN_POINT ( 'NONE',  ( 0.5615508297416789141, 0.1031714939717082585, 0.8993263205992823028 ) ) ;
#3039 = CARTESIAN_POINT ( 'NONE',  ( -0.5962088159003960941, 0.04345662036820484297, -0.8224829966536453263 ) ) ;
#3040 = PRODUCT_CONTEXT ( 'NONE', #4689, 'mechanical' ) ;
#3041 = CARTESIAN_POINT ( 'NONE',  ( 0.5706695884394322738, 0.05540140092754007595, -0.8724882270994174238 ) ) ;
#3042 = ORIENTED_EDGE ( 'NONE', *, *, #3866, .F. ) ;
#3043 = CARTESIAN_POINT ( 'NONE',  ( 0.9247960157595660480, 0.02381372425704562229, 0.7115923965397540352 ) ) ;
#3044 = CARTESIAN_POINT ( 'NONE',  ( 1.580881619060908516, 0.08559074299740673797, -0.8860973028879358671 ) ) ;
#3045 = ORIENTED_EDGE ( 'NONE', *, *, #4455, .F. ) ;
#3046 = CARTESIAN_POINT ( 'NONE',  ( -1.469450647752705397, 0.002887014083469687572, 0.2350179542607568894 ) ) ;
#3047 = CYLINDRICAL_SURFACE ( 'NONE', #393, 0.1250000000000000000 ) ;
#3048 = CARTESIAN_POINT ( 'NONE',  ( -1.419118380939091484, 0.08559074299740795921, 0.8860973028879355340 ) ) ;
#3049 = CARTESIAN_POINT ( 'NONE',  ( -0.07520398424043397978, 0.02381372425704559800, -0.7115923965397540352 ) ) ;
#3050 = CARTESIAN_POINT ( 'NONE',  ( 0.07796780497617980532, 0.02716957574877589335, -0.7124372125342008921 ) ) ;
#3051 = CARTESIAN_POINT ( 'NONE',  ( -1.402511772900581821, 0.05540140092753950696, -0.1793304115605692806 ) ) ;
#3052 = CARTESIAN_POINT ( 'NONE',  ( 0.4614262039461358156, 0.08826611352744168082, 0.8955355139222831440 ) ) ;
#3053 = DIRECTION ( 'NONE',  ( 6.651547070463221357E-17, -0.000000000000000000, 1.000000000000000000 ) ) ;
#3054 = VECTOR ( 'NONE', #855, 1000.000000000000000 ) ;
#3055 = EDGE_LOOP ( 'NONE', ( #3200, #590, #1399, #1439 ) ) ;
#3056 = CARTESIAN_POINT ( 'NONE',  ( 0.4998999599679677663, 1.355252715606880543E-17, -0.7751000400320320338 ) ) ;
#3057 = CARTESIAN_POINT ( 'NONE',  ( -0.4998999599679679884, 1.355252715606880543E-17, 0.7751000400320319228 ) ) ;
#3058 = COLOUR_RGB ( '',0.7921568627450980005, 0.8196078431372548767, 0.9333333333333333481 ) ;
#3059 = CARTESIAN_POINT ( 'NONE',  ( -0.3749999999999999445, 0.1200000000000000927, 0.8149999999999993916 ) ) ;
#3060 = EDGE_CURVE ( 'NONE', #530, #1771, #500, .T. ) ;
#3061 = CARTESIAN_POINT ( 'NONE',  ( -0.5001000400320322337, 1.355252715606880543E-17, -0.7751000400320320338 ) ) ;
#3062 = ORIENTED_EDGE ( 'NONE', *, *, #1477, .T. ) ;
#3063 = CARTESIAN_POINT ( 'NONE',  ( 0.06154642512657705622, 0.01509841972869551720, 0.7072294162630367031 ) ) ;
#3064 = CARTESIAN_POINT ( 'NONE',  ( 1.125000000000000000, 0.1200000000000000927, 0.7274999999999993694 ) ) ;
#3065 = AXIS2_PLACEMENT_3D ( 'NONE', #1466, #2948, #2576 ) ;
#3066 = CARTESIAN_POINT ( 'NONE',  ( 0.9017988234194813657, 0.04590871196975503804, 0.7189389725833359446 ) ) ;
#3067 = CARTESIAN_POINT ( 'NONE',  ( 1.098201176580517968, 0.04590871196975496865, 0.7189389725833359446 ) ) ;
#3068 = AXIS2_PLACEMENT_3D ( 'NONE', #250, #4279, #4253 ) ;
#3069 = B_SPLINE_CURVE_WITH_KNOTS ( 'NONE', 3,
 ( #2796, #2386, #2411, #601, #1362, #1747 ),
 .UNSPECIFIED., .F., .F.,
 ( 4, 2, 4 ),
 ( 0.000000000000000000, 0.5000000000000000000, 1.000000000000000000 ),
 .UNSPECIFIED. ) ;
#3070 = CLOSED_SHELL ( 'NONE', ( #890, #2942, #3927, #1968, #1819, #3125, #662, #4286, #2313, #1781 ) ) ;
#3071 = CARTESIAN_POINT ( 'NONE',  ( 1.468561027416664055, 0.04590871196975498253, 0.8732011765805184345 ) ) ;
#3072 = ORIENTED_EDGE ( 'NONE', *, *, #3269, .F. ) ;
#3073 = B_SPLINE_CURVE_WITH_KNOTS ( 'NONE', 3,
 ( #225, #1708, #1345, #3091, #1242, #4229, #958, #504, #3422, #3847, #1679, #937 ),
 .UNSPECIFIED., .F., .F.,
 ( 4, 2, 2, 2, 2, 4 ),
 ( 0.000000000000000000, 0.2499999999999902300, 0.3749999999999870104, 0.4374999999999868994, 0.4999999999999867883, 1.000000000000000000 ),
 .UNSPECIFIED. ) ;
#3074 = CARTESIAN_POINT ( 'NONE',  ( -1.547599971184382861, 0.02117201403232666854, 0.1838050611181465122 ) ) ;
#3075 = DIRECTION ( 'NONE',  ( 0.000000000000000000, -0.000000000000000000, 1.000000000000000000 ) ) ;
#3076 = CARTESIAN_POINT ( 'NONE',  ( 1.029002005017735533, 0.01391275739033962650, -0.7467826195731538386 ) ) ;
#3077 = CARTESIAN_POINT ( 'NONE',  ( -0.4401265346946137691, 0.08648253317408530205, -0.8950645588775879569 ) ) ;
#3078 = CARTESIAN_POINT ( 'NONE',  ( 0.06727358466080804456, 0.01937058920976152468, -0.7089485669040516136 ) ) ;
#3079 = CARTESIAN_POINT ( 'NONE',  ( -1.460000000000000187, 0.1200000000000001205, -0.1249999999999998890 ) ) ;
#3080 = CARTESIAN_POINT ( 'NONE',  ( 0.4998999599679679884, 0.000000000000000000, 0.7751000400320319228 ) ) ;
#3081 = DIRECTION ( 'NONE',  ( 0.000000000000000000, 0.000000000000000000, 1.000000000000000000 ) ) ;
#3082 = ORIENTED_EDGE ( 'NONE', *, *, #3472, .T. ) ;
#3083 = CARTESIAN_POINT ( 'NONE',  ( 1.419118380939089707, 0.08559074299740646041, -0.8860973028879343127 ) ) ;
#3084 = CARTESIAN_POINT ( 'NONE',  ( 0.8756736794007174973, 0.1031714939717076479, 0.7490508297416788031 ) ) ;
#3085 = CARTESIAN_POINT ( 'NONE',  ( 0.9846404881668998632, -2.612478800062961685E-17, -0.6950603447338531415 ) ) ;
#3086 = CARTESIAN_POINT ( 'NONE',  ( 0.1243605707346430445, 0.1040270620709143057, 0.7272957309025823713 ) ) ;
#3087 = CARTESIAN_POINT ( 'NONE',  ( -0.03999999999999945266, 0.1250000000000000000, 0.6876000400320320116 ) ) ;
#3088 = CARTESIAN_POINT ( 'NONE',  ( -0.4680124709968694896, 0.003191557600172740747, 0.7852866688648366678 ) ) ;
#3089 = APPLICATION_PROTOCOL_DEFINITION ( 'draft international standard', 'automotive_design', 1998, #4689 ) ;
#3090 = ORIENTED_EDGE ( 'NONE', *, *, #2976, .T. ) ;
#3091 = CARTESIAN_POINT ( 'NONE',  ( -1.439015717847121900, 0.01553916102108884173, -0.7944071659674021291 ) ) ;
#3092 = CARTESIAN_POINT ( 'NONE',  ( 1.019729416263037036, 0.01509841972869552587, -0.7490464251265771534 ) ) ;
#3093 = EDGE_CURVE ( 'NONE', #1344, #2406, #1487, .T. ) ;
#3094 = CARTESIAN_POINT ( 'NONE',  ( 1.615839286806834085, 0.1200000000000001066, -0.8593688659948790498 ) ) ;
#3095 = CARTESIAN_POINT ( 'NONE',  ( 1.480261614150051530, 0.002734742325116331502, 0.8025300482400368196 ) ) ;
#3096 = CARTESIAN_POINT ( 'NONE',  ( 1.066194938881851906, 0.02117201403232571444, 0.7350999711843836382 ) ) ;
#3097 = ORIENTED_EDGE ( 'NONE', *, *, #4072, .F. ) ;
#3098 = CARTESIAN_POINT ( 'NONE',  ( -1.750000000000000222, 0.1200000000000000511, 0.9749999999999999778 ) ) ;
#3099 = EDGE_CURVE ( 'NONE', #2337, #1590, #1967, .T. ) ;
#3100 = CARTESIAN_POINT ( 'NONE',  ( -1.529002005017734866, 0.01391275739034049733, 0.1907173804268464945 ) ) ;
#3101 = CARTESIAN_POINT ( 'NONE',  ( -0.6243605707346431277, 0.1040270620709142502, 0.8147957309025822825 ) ) ;
#3102 = CARTESIAN_POINT ( 'NONE',  ( -0.4694506477527055632, 0.002887014083467763330, -0.7899820457392430217 ) ) ;
#3103 = CARTESIAN_POINT ( 'NONE',  ( -0.8925441831547792360, 0.05920693847686204353, 0.7218954168942409710 ) ) ;
#3104 = CARTESIAN_POINT ( 'NONE',  ( -1.468561027416663611, 0.04590871196975498947, -0.8732011765805184345 ) ) ;
#3105 = CARTESIAN_POINT ( 'NONE',  ( -1.487507187574528933, 0.005268823270609547527, 0.8143901170666136835 ) ) ;
#3106 = PRESENTATION_STYLE_ASSIGNMENT (( #1650 ) ) ;
#3107 = CARTESIAN_POINT ( 'NONE',  ( 0.000000000000000000, 0.000000000000000000, 0.6876000400320320116 ) ) ;
#3108 = ORIENTED_EDGE ( 'NONE', *, *, #174, .F. ) ;
#3109 = CARTESIAN_POINT ( 'NONE',  ( -1.375000000000000444, 0.1200000000000000927, 0.8149999999999999467 ) ) ;
#3110 = CARTESIAN_POINT ( 'NONE',  ( 0.8841607131931659147, 0.1200000000000001066, 0.7718688659948790276 ) ) ;
#3111 = PLANE ( 'NONE',  #4051 ) ;
#3112 = CARTESIAN_POINT ( 'NONE',  ( -0.5615508297416796912, 0.1031714939717079810, -0.8993263205992826359 ) ) ;
#3113 = SHAPE_DEFINITION_REPRESENTATION ( #4406, #2393 ) ;
#3114 = ORIENTED_EDGE ( 'NONE', *, *, #2528, .T. ) ;
#3115 = CARTESIAN_POINT ( 'NONE',  ( 0.1249999999999998890, 0.1200000000000000927, 0.7498154507300618388 ) ) ;
#3116 = CARTESIAN_POINT ( 'NONE',  ( -1.550000000000000266, 0.5879999999999999671, -0.6749999999999998224 ) ) ;
#3117 = CARTESIAN_POINT ( 'NONE',  ( 1.039999999999999147, 0.1200000000000000927, 0.8125000000000000000 ) ) ;
#3118 = CARTESIAN_POINT ( 'NONE',  ( 1.598201176580517968, 0.04590871196975502416, -0.8064389725833360778 ) ) ;
#3119 = CARTESIAN_POINT ( 'NONE',  ( 1.468012470996869379, 0.003191557600172734242, 0.7852866688648364457 ) ) ;
#3120 = CARTESIAN_POINT ( 'NONE',  ( 0.03439541689424080451, 0.05920693847686203659, -0.7949558168452208751 ) ) ;
#3121 = ADVANCED_FACE ( 'NONE', ( #3416, #4122 ), #3441, .F. ) ;
#3122 = EDGE_LOOP ( 'NONE', ( #1625, #1836, #4446, #1461, #145, #2314, #3965, #2202 ) ) ;
#3123 = CARTESIAN_POINT ( 'NONE',  ( -0.9600000000000007416, 0.1200000000000000927, -0.8125000000000000000 ) ) ;
#3124 = CARTESIAN_POINT ( 'NONE',  ( -0.6110973028879330693, 0.08559074299740647429, 0.8558816190609095376 ) ) ;
#3125 = ADVANCED_FACE ( 'NONE', ( #2989 ), #2271, .T. ) ;
#3126 = CARTESIAN_POINT ( 'NONE',  ( 0.6250000000000001110, 0.1200000000000000927, 0.8149999999999993916 ) ) ;
#3127 =( NAMED_UNIT ( * ) SI_UNIT ( $, .STERADIAN. ) SOLID_ANGLE_UNIT ( ) );
#3128 = CARTESIAN_POINT ( 'NONE',  ( -1.486183589234197688, -1.238900742982586388E-17, -0.7849168272161801685 ) ) ;
#3129 = CARTESIAN_POINT ( 'NONE',  ( 0.5393839475713659848, 0.005266798911793262039, -0.7874907548352574338 ) ) ;
#3130 = CARTESIAN_POINT ( 'NONE',  ( 0.4694506477527060073, 0.002887014083468305431, 0.7899820457392416895 ) ) ;
#3131 = CARTESIAN_POINT ( 'NONE',  ( 0.5474829966536467474, 0.04345662036820521074, 0.8712088159003968935 ) ) ;
#3132 = B_SPLINE_CURVE_WITH_KNOTS ( 'NONE', 3,
 ( #3802, #2757, #3781, #532, #1222, #2681, #509, #2399, #3460, #3483, #943, #185 ),
 .UNSPECIFIED., .F., .F.,
 ( 4, 2, 2, 2, 2, 4 ),
 ( 0.000000000000000000, 0.2499999999999993339, 0.3749999999999990008, 0.4374999999999996114, 0.5000000000000002220, 1.000000000000000000 ),
 .UNSPECIFIED. ) ;
#3133 = CARTESIAN_POINT ( 'NONE',  ( 0.4613074244539663304, 0.08960415999747289861, 0.8960396916972463988 ) ) ;
#3134 = ORIENTED_EDGE ( 'NONE', *, *, #4065, .F. ) ;
#3135 = CARTESIAN_POINT ( 'NONE',  ( 0.4998999599679677663, 1.355252715606880543E-17, -0.7751000400320320338 ) ) ;
#3136 = CARTESIAN_POINT ( 'NONE',  ( -0.4025117729005807110, 0.05540140092753960410, 0.8456695884394307416 ) ) ;
#3137 = DIRECTION ( 'NONE',  ( 0.000000000000000000, 0.000000000000000000, -1.000000000000000000 ) ) ;
#3138 = CARTESIAN_POINT ( 'NONE',  ( 0.9156311340051206393, 0.1200000000000001205, -0.8033392868068338633 ) ) ;
#3139 = CARTESIAN_POINT ( 'NONE',  ( -0.5536975520950679908, 0.01331992622116164385, -0.8135252082731134760 ) ) ;
#3140 = ORIENTED_EDGE ( 'NONE', *, *, #2479, .F. ) ;
#3141 = CARTESIAN_POINT ( 'NONE',  ( 0.1059832623201193286, 0.05666991344397979274, 0.7400382042656264980 ) ) ;
#3142 = DIRECTION ( 'NONE',  ( 1.000000000000000000, 0.000000000000000000, 0.000000000000000000 ) ) ;
#3143 = CIRCLE ( 'NONE', #4352, 0.1000000000000001582 ) ;
#3144 = CARTESIAN_POINT ( 'NONE',  ( 1.527530048240036464, 0.002734742325115672307, -0.7947383858499498244 ) ) ;
#3145 = VECTOR ( 'NONE', #2239, 1000.000000000000000 ) ;
#3146 = CARTESIAN_POINT ( 'NONE',  ( 1.097488227099418623, 0.05540140092753940981, 0.7581695884394334950 ) ) ;
#3147 = ORIENTED_EDGE ( 'NONE', *, *, #2587, .T. ) ;
#3148 = SURFACE_STYLE_FILL_AREA ( #2049 ) ;
#3149 = VECTOR ( 'NONE', #2788, 1000.000000000000000 ) ;
#3150 = DIRECTION ( 'NONE',  ( 0.000000000000000000, 0.000000000000000000, -1.000000000000000000 ) ) ;
#3151 = CARTESIAN_POINT ( 'NONE',  ( -0.4363204981466092258, 0.04223057456742946442, -0.8631225028373831210 ) ) ;
#3152 = DIRECTION ( 'NONE',  ( -0.000000000000000000, 1.000000000000000000, -0.000000000000000000 ) ) ;
#3153 = CARTESIAN_POINT ( 'NONE',  ( 0.4998999599679679884, 0.000000000000000000, 0.7751000400320319228 ) ) ;
#3154 = CARTESIAN_POINT ( 'NONE',  ( 0.5598734653053845101, 0.08648253317408537144, 0.8950645588775860695 ) ) ;
#3155 = ORIENTED_EDGE ( 'NONE', *, *, #1567, .T. ) ;
#3156 = CARTESIAN_POINT ( 'NONE',  ( -1.624360570734643128, 0.1040270620709143057, 0.2102042690974169625 ) ) ;
#3157 = CARTESIAN_POINT ( 'NONE',  ( 0.9839138080064591119, -1.061591868151710238E-17, 0.6927069017433538090 ) ) ;
#3158 = CARTESIAN_POINT ( 'NONE',  ( 0.5249372125342988138, 0.02716957574896795846, 0.8529678049764184422 ) ) ;
#3159 = CARTESIAN_POINT ( 'NONE',  ( -1.584368865994878695, 0.1200000000000001205, -0.8908392868068339965 ) ) ;
#3160 = CARTESIAN_POINT ( 'NONE',  ( -1.500000000000000222, 0.000000000000000000, 0.7751000400320319228 ) ) ;
#3161 = VERTEX_POINT ( 'NONE', #3857 ) ;
#3162 = CARTESIAN_POINT ( 'NONE',  ( 0.03852520827311357171, 0.01331992622116179303, 0.7411975520950689900 ) ) ;
#3163 = CARTESIAN_POINT ( 'NONE',  ( 1.039999999999999147, 0.1200000000000000927, -0.8125000000000000000 ) ) ;
#3164 = CARTESIAN_POINT ( 'NONE',  ( -1.019738385849949580, 0.002734742325115842310, 0.7150300482400360202 ) ) ;
#3165 = CARTESIAN_POINT ( 'NONE',  ( 1.461474791726886657, 0.01331992622116169242, 0.8286975520950689011 ) ) ;
#3166 = CARTESIAN_POINT ( 'NONE',  ( 1.047599971184383527, 0.02117201403232529117, 0.7536949388818525719 ) ) ;
#3167 = ORIENTED_EDGE ( 'NONE', *, *, #4190, .T. ) ;
#3168 = CARTESIAN_POINT ( 'NONE',  ( 0.4376845492699391604, 0.1200000000000000927, 0.9000000000000000222 ) ) ;
#3169 = CARTESIAN_POINT ( 'NONE',  ( -1.538573796053864795, 0.08826611352744172245, 0.8955355139222833660 ) ) ;
#3170 = CARTESIAN_POINT ( 'NONE',  ( -1.587371024631082816, 0.1200000000000000511, 0.1249999999999998890 ) ) ;
#3171 = CARTESIAN_POINT ( 'NONE',  ( -0.4839138080064593339, -1.095533213503431812E-17, -0.7802069017433540532 ) ) ;
#3172 = CARTESIAN_POINT ( 'NONE',  ( -0.8794644860777168782, 0.08826611352744170857, 0.7260737960538642399 ) ) ;
#3173 = EDGE_CURVE ( 'NONE', #2237, #2350, #2191, .T. ) ;
#3174 = LINE ( 'NONE', #2080, #1083 ) ;
#3175 = CARTESIAN_POINT ( 'NONE',  ( 0.5623154507300609506, 0.1200000000000001343, 0.9000000000000000222 ) ) ;
#3176 = ORIENTED_EDGE ( 'NONE', *, *, #3877, .T. ) ;
#3177 = CARTESIAN_POINT ( 'NONE',  ( -1.539795730902582926, 0.1040270620709142779, 0.1256394292653568168 ) ) ;
#3178 = EDGE_CURVE ( 'NONE', #457, #640, #387, .T. ) ;
#3179 = CARTESIAN_POINT ( 'NONE',  ( -0.4614262039461359266, 0.08826611352744168082, -0.8955355139222833660 ) ) ;
#3181 = B_SPLINE_CURVE_WITH_KNOTS ( 'NONE', 3,
 ( #632, #2416, #4660, #2095, #1710, #1010, #274, #3826, #3575, #2360, #1367, #3117 ),
 .UNSPECIFIED., .F., .F.,
 ( 4, 2, 2, 2, 2, 4 ),
 ( 0.000000000000000000, 0.2500000000000002776, 0.3750000000000004441, 0.4375000000000004996, 0.5000000000000004441, 1.000000000000000000 ),
 .UNSPECIFIED. ) ;
#3180 = CARTESIAN_POINT ( 'NONE',  ( 0.9861835892341975773, -2.563325802488485711E-17, -0.6974168272161798132 ) ) ;
#3182 = CARTESIAN_POINT ( 'NONE',  ( 1.401798823419482032, 0.04590871196975504498, 0.8064389725833360778 ) ) ;
#3183 = CARTESIAN_POINT ( 'NONE',  ( 1.625000000000000222, 0.1200000000000000927, 0.8149999999999993916 ) ) ;
#3184 = EDGE_LOOP ( 'NONE', ( #2868, #4177 ) ) ;
#3185 = CARTESIAN_POINT ( 'NONE',  ( 0.4384491702583203088, 0.1031714939717079810, -0.8993263205992826359 ) ) ;
#3186 = CARTESIAN_POINT ( 'NONE',  ( -0.05253820426562479107, 0.05666991344398038255, 0.7934832623201186763 ) ) ;
#3187 = CARTESIAN_POINT ( 'NONE',  ( -1.125000000000000222, 0.1200000000000000927, -0.7274999999999992584 ) ) ;
#3188 = CARTESIAN_POINT ( 'NONE',  ( -1.096208815900395983, 0.04345662036820605728, 0.7349829966536457482 ) ) ;
#3189 = CARTESIAN_POINT ( 'NONE',  ( -1.059873465305385176, 0.08648253317408469143, -0.8075645588775860473 ) ) ;
#3190 = CARTESIAN_POINT ( 'NONE',  ( -0.9759076034602464089, 0.02381372425704560147, -0.7627039842404336190 ) ) ;
#3191 = VERTEX_POINT ( 'NONE', #2897 ) ;
#3192 =( NAMED_UNIT ( * ) PLANE_ANGLE_UNIT ( ) SI_UNIT ( $, .RADIAN. ) );
#3193 = CARTESIAN_POINT ( 'NONE',  ( -0.5197294162630367031, 0.01509841972869552587, 0.8365464251265770645 ) ) ;
#3194 = CARTESIAN_POINT ( 'NONE',  ( -1.413488176775957506, 0.1200000000000000511, 0.1249999999999998890 ) ) ;
#3195 = CARTESIAN_POINT ( 'NONE',  ( -0.9802616141500511970, 0.002734742325116197494, 0.7150300482400362423 ) ) ;
#3196 = CARTESIAN_POINT ( 'NONE',  ( -1.447461795734375611, 0.05666991344398067398, 0.1440167376798795196 ) ) ;
#3197 = B_SPLINE_SURFACE_WITH_KNOTS ( 'NONE', 3, 3, ( 
 ( #3959, #3544, #267, #1724, #3636, #2432 ),
 ( #3156, #693, #1336, #668, #1359, #3177 ),
 ( #2109, #4626, #3588, #4318, #2815, #4271 ),
 ( #1001, #313, #4695, #3564, #2459, #3911 ),
 ( #2085, #288, #3201, #4650, #1029, #1383 ),
 ( #564, #2702, #2009, #3074, #233, #4594 ),
 ( #3429, #2030, #3508, #4237, #3100, #4567 ),
 ( #1689, #1985, #1326, #2316, #2339, #3405 ),
 ( #1249, #966, #2784, #1615, #2424, #2368 ),
 ( #3878, #612, #4185, #135, #4519, #4160 ) ),
 .UNSPECIFIED., .F., .F., .F.,
 ( 4, 2, 2, 2, 4 ),
 ( 4, 2, 4 ),
 ( 0.000000000000000000, 0.2500000000000000000, 0.5000000000000000000, 0.7500000000000000000, 1.000000000000000000 ),
 ( 0.000000000000000000, 0.5000000000000000000, 1.000000000000000000 ),
 .UNSPECIFIED. ) ;
#3198 = CARTESIAN_POINT ( 'NONE',  ( 1.567273584660618946, 0.01937058920963849809, -0.7964485669039794713 ) ) ;
#3199 = CARTESIAN_POINT ( 'NONE',  ( 0.5290020050177357547, 0.01391275739033974966, 0.8342826195731539718 ) ) ;
#3200 = ORIENTED_EDGE ( 'NONE', *, *, #454, .T. ) ;
#3201 = CARTESIAN_POINT ( 'NONE',  ( -1.588122502837384875, 0.04223057456742890931, 0.1863204981466101418 ) ) ;
#3202 = CARTESIAN_POINT ( 'NONE',  ( 1.505206901743353809, 1.648913563062052849E-17, 0.7910861919935406883 ) ) ;
#3203 = CARTESIAN_POINT ( 'NONE',  ( 1.459999999999999964, 0.1200000000000000927, -0.9000000000000001332 ) ) ;
#3204 = CARTESIAN_POINT ( 'NONE',  ( -1.572811074278212651, 0.02205258410723348605, -0.2142827514839805714 ) ) ;
#3205 = CARTESIAN_POINT ( 'NONE',  ( 0.06231545073006120039, 0.1200000000000001205, 0.8125000000000000000 ) ) ;
#3206 = CARTESIAN_POINT ( 'NONE',  ( 0.5343954168942409710, 0.05920693847686203659, -0.8824558168452210083 ) ) ;
#3207 = ORIENTED_EDGE ( 'NONE', *, *, #3938, .T. ) ;
#3208 = CARTESIAN_POINT ( 'NONE',  ( 0.4401265346946127144, 0.08648253317408476082, -0.8950645588775860695 ) ) ;
#3209 = CARTESIAN_POINT ( 'NONE',  ( -0.09620881590039603859, 0.04345662036820605728, 0.7349829966536457482 ) ) ;
#3210 = EDGE_CURVE ( 'NONE', #2237, #1578, #3638, .T. ) ;
#3211 = CARTESIAN_POINT ( 'NONE',  ( 1.588122502837382211, 0.04223057456742920768, -0.8386795018533921287 ) ) ;
#3212 = CARTESIAN_POINT ( 'NONE',  ( -1.035717248516017541, 0.02205258410723293788, 0.7603110742782145381 ) ) ;
#3213 = CARTESIAN_POINT ( 'NONE',  ( -1.375000000000000444, 0.1200000000000001205, -0.8373154507300614169 ) ) ;
#3214 = CARTESIAN_POINT ( 'NONE',  ( -0.9156311340051213055, 0.1200000000000001343, -0.8033392868068341963 ) ) ;
#3215 = ORIENTED_EDGE ( 'NONE', *, *, #3093, .F. ) ;
#3216 = CARTESIAN_POINT ( 'NONE',  ( -0.5661949388818530160, 0.02117201403232531545, 0.8225999711843857698 ) ) ;
#3217 = CARTESIAN_POINT ( 'NONE',  ( -1.539999999999999813, 0.1200000000000000927, 0.1249999999999998612 ) ) ;
#3218 = CARTESIAN_POINT ( 'NONE',  ( -0.9861835892341973553, -1.208073086881604244E-17, 0.6974168272161791471 ) ) ;
#3219 = CARTESIAN_POINT ( 'NONE',  ( -1.440126534694613492, 0.08648253317408516327, 0.1299354411224138695 ) ) ;
#3220 = CARTESIAN_POINT ( 'NONE',  ( -0.6250000000000001110, 0.1200000000000000927, -0.8373154507300610838 ) ) ;
#3221 = SURFACE_SIDE_STYLE ('',( #3584 ) ) ;
#3222 = CARTESIAN_POINT ( 'NONE',  ( -1.375000000000000000, 0.1200000000000000927, -0.1876845492699382167 ) ) ;
#3223 = AXIS2_PLACEMENT_3D ( 'NONE', #2211, #1170, #2973 ) ;
#3224 = EDGE_LOOP ( 'NONE', ( #3155, #4170, #835 ) ) ;
#3225 = DIRECTION ( 'NONE',  ( 0.000000000000000000, 0.000000000000000000, 1.000000000000000000 ) ) ;
#3226 = CARTESIAN_POINT ( 'NONE',  ( 0.9998999599679677663, -1.355252715606880543E-17, 0.6876000400320320116 ) ) ;
#3227 = CIRCLE ( 'NONE', #2679, 0.1000000000000001582 ) ;
#3228 = CARTESIAN_POINT ( 'NONE',  ( -1.515359511833100692, -1.061172822154479569E-17, -0.2424396552661474413 ) ) ;
#3229 = CARTESIAN_POINT ( 'NONE',  ( -1.500000000000000222, 0.000000000000000000, -0.7751000400320319228 ) ) ;
#3230 = CARTESIAN_POINT ( 'NONE',  ( -0.3756394292653569833, 0.1040270620709143057, 0.8147957309025822825 ) ) ;
#3231 = ORIENTED_EDGE ( 'NONE', *, *, #4414, .F. ) ;
#3232 = CARTESIAN_POINT ( 'NONE',  ( 0.4376845492699379392, 0.1200000000000001205, -0.9000000000000001332 ) ) ;
#3233 = CARTESIAN_POINT ( 'NONE',  ( -0.07520398424043397978, 0.02381372425704562229, 0.7115923965397540352 ) ) ;
#3234 = CARTESIAN_POINT ( 'NONE',  ( -0.9600000000000007416, 0.1200000000000000927, 0.8125000000000000000 ) ) ;
#3235 = ADVANCED_FACE ( 'NONE', ( #2615 ), #2224, .T. ) ;
#3236 = CARTESIAN_POINT ( 'NONE',  ( -1.125000000000000222, 0.1200000000000001205, 0.7498154507300613947 ) ) ;
#3237 = CARTESIAN_POINT ( 'NONE',  ( -1.039795730902583148, 0.1040270620709143057, -0.8118605707346431277 ) ) ;
#3238 = CARTESIAN_POINT ( 'NONE',  ( -0.9846404881668998632, -1.061172822154476950E-17, -0.6950603447338526975 ) ) ;
#3239 = ORIENTED_EDGE ( 'NONE', *, *, #1999, .T. ) ;
#3240 = B_SPLINE_SURFACE_WITH_KNOTS ( 'NONE', 3, 3, ( 
 ( #2614, #2176, #4382, #3655, #823, #4096 ),
 ( #801, #2637, #780, #4071, #1481, #3724 ),
 ( #2266, #2939, #2197, #361, #421, #1111 ),
 ( #3677, #1869, #1807, #2246, #441, #1891 ),
 ( #4719, #1455, #3836, #2709, #4550, #3104 ),
 ( #4524, #116, #569, #1278, #847, #1990 ),
 ( #4188, #536, #3487, #2762, #1203, #2736 ),
 ( #1573, #2686, #212, #2013, #164, #3744 ),
 ( #1667, #1622, #3128, #1254, #1960, #893 ),
 ( #492, #2661, #189, #3785, #4117, #3463 ) ),
 .UNSPECIFIED., .F., .F., .F.,
 ( 4, 2, 2, 2, 4 ),
 ( 4, 2, 4 ),
 ( 0.000000000000000000, 0.2500000000000000000, 0.5000000000000000000, 0.7500000000000000000, 1.000000000000000000 ),
 ( 0.000000000000000000, 0.5000000000000000000, 1.000000000000000000 ),
 .UNSPECIFIED. ) ;
#3241 = B_SPLINE_CURVE_WITH_KNOTS ( 'NONE', 3,
 ( #3812, #804, #2295, #2713, #872, #1257 ),
 .UNSPECIFIED., .F., .F.,
 ( 4, 2, 4 ),
 ( 0.000000000000000000, 0.5000000000000000000, 1.000000000000000000 ),
 .UNSPECIFIED. ) ;
#3242 = CARTESIAN_POINT ( 'NONE',  ( -1.547599971184382417, 0.02117201403232749427, 0.8411949388818509288 ) ) ;
#3243 = CARTESIAN_POINT ( 'NONE',  ( -0.5636795018533905521, 0.04223057456743026239, 0.8631225028373820107 ) ) ;
#3244 = CARTESIAN_POINT ( 'NONE',  ( -0.4998999599679680994, -1.355252715606880543E-17, -0.7751000400320321448 ) ) ;
#3245 = B_SPLINE_CURVE_WITH_KNOTS ( 'NONE', 3,
 ( #4356, #1818, #3631, #4396, #3693, #414 ),
 .UNSPECIFIED., .F., .F.,
 ( 4, 2, 4 ),
 ( 0.000000000000000000, 0.5000000000000000000, 1.000000000000000000 ),
 .UNSPECIFIED. ) ;
#3246 = CARTESIAN_POINT ( 'NONE',  ( -0.9998999599679679884, -1.355252715606880543E-17, 0.6876000400320320116 ) ) ;
#3247 = FACE_OUTER_BOUND ( 'NONE', #1490, .T. ) ;
#3248 = CARTESIAN_POINT ( 'NONE',  ( -1.464462039281524186, 0.05823471834539268449, -0.1389695092287979439 ) ) ;
#3249 = CARTESIAN_POINT ( 'NONE',  ( 1.560984282153519143, 0.01553916102144541934, -0.7944071659676358310 ) ) ;
#3250 = CARTESIAN_POINT ( 'NONE',  ( 0.5319875290031305104, 0.003191557600172740747, 0.7852866688648366678 ) ) ;
#3251 = FACE_OUTER_BOUND ( 'NONE', #543, .T. ) ;
#3252 = CARTESIAN_POINT ( 'NONE',  ( 1.461474791726887990, 0.01331992622116174793, -0.8286975520950693452 ) ) ;
#3253 = CARTESIAN_POINT ( 'NONE',  ( 0.9900831727838205198, -1.208073086881606247E-17, 0.7013164107658030888 ) ) ;
#3254 = CARTESIAN_POINT ( 'NONE',  ( -1.505206901743354031, -9.024018867986849104E-18, -0.2339138080064591951 ) ) ;
#3255 = CARTESIAN_POINT ( 'NONE',  ( -1.534395416894241748, 0.05920693847686207129, -0.8824558168452207862 ) ) ;
#3256 = B_SPLINE_CURVE_WITH_KNOTS ( 'NONE', 3,
 ( #42, #716, #1498, #2958, #4402, #1131 ),
 .UNSPECIFIED., .F., .F.,
 ( 4, 2, 4 ),
 ( 0.000000000000000000, 0.5000000000000000000, 1.000000000000000000 ),
 .UNSPECIFIED. ) ;
#3257 = SURFACE_STYLE_FILL_AREA ( #270 ) ;
#3258 = VERTEX_POINT ( 'NONE', #1574 ) ;
#3259 = CARTESIAN_POINT ( 'NONE',  ( 1.500000000000000000, 0.000000000000000000, -0.7751000400320320338 ) ) ;
#3260 = CARTESIAN_POINT ( 'NONE',  ( -0.1250000000000001110, 0.1200000000000001205, 0.7498154507300613947 ) ) ;
#3261 = CARTESIAN_POINT ( 'NONE',  ( -0.9376845492699388274, 0.1200000000000001205, 0.8125000000000000000 ) ) ;
#3262 = CARTESIAN_POINT ( 'NONE',  ( -1.047599971184383749, 0.02117201403232585322, 0.7536949388818529050 ) ) ;
#3263 = CARTESIAN_POINT ( 'NONE',  ( -1.460000000000000187, 0.1200000000000000927, -0.9000000000000000222 ) ) ;
#3264 = CARTESIAN_POINT ( 'NONE',  ( -0.8756736794007176083, 0.1031714939717076479, -0.7490508297416788031 ) ) ;
#3265 = EDGE_LOOP ( 'NONE', ( #1707, #3910, #3114 ) ) ;
#3266 = B_SPLINE_CURVE_WITH_KNOTS ( 'NONE', 3,
 ( #3064, #4252, #2024, #3776, #2696, #4155 ),
 .UNSPECIFIED., .F., .F.,
 ( 4, 2, 4 ),
 ( 0.000000000000000000, 0.5000000000000000000, 1.000000000000000000 ),
 .UNSPECIFIED. ) ;
#3267 = CARTESIAN_POINT ( 'NONE',  ( -1.620535513922283455, 0.08826611352744172245, 0.8135737960538647062 ) ) ;
#3268 = CARTESIAN_POINT ( 'NONE',  ( -0.5197383858499485809, 0.002734742325116331502, 0.8025300482400368196 ) ) ;
#3269 = EDGE_CURVE ( 'NONE', #682, #597, #442, .T. ) ;
#3270 = CARTESIAN_POINT ( 'NONE',  ( 0.3749999999999998890, 0.1200000000000000927, -0.8149999999999995026 ) ) ;
#3271 = CARTESIAN_POINT ( 'NONE',  ( -0.5399999999999994804, 0.1250000000000000000, -0.7751000400320320338 ) ) ;
#3272 = CARTESIAN_POINT ( 'NONE',  ( -1.480592834031701610, 0.01553916102245512035, -0.1890157178446650044 ) ) ;
#3273 = CARTESIAN_POINT ( 'NONE',  ( 0.5197383858499483589, 0.002734742325116042237, 0.8025300482400359314 ) ) ;
#3274 = ADVANCED_FACE ( 'NONE', ( #3561 ), #2811, .F. ) ;
#3275 = CARTESIAN_POINT ( 'NONE',  ( -1.461474791726886213, 0.01331992622116161609, -0.1963024479049310933 ) ) ;
#3276 = DIRECTION ( 'NONE',  ( -6.651547070463221357E-17, -0.000000000000000000, -1.000000000000000000 ) ) ;
#3277 = CARTESIAN_POINT ( 'NONE',  ( -1.125000000000000222, 0.1200000000000000927, 0.7274999999999993694 ) ) ;
#3278 = CARTESIAN_POINT ( 'NONE',  ( -1.624326320599282614, 0.1031714939717090912, -0.8365508297416762717 ) ) ;
#3279 = LINE ( 'NONE', #4368, #2052 ) ;
#3280 = VERTEX_POINT ( 'NONE', #1331 ) ;
#3281 = LINE ( 'NONE', #2069, #3442 ) ;
#3282 = DIRECTION ( 'NONE',  ( -1.000000000000000000, 0.000000000000000000, 0.000000000000000000 ) ) ;
#3283 = CARTESIAN_POINT ( 'NONE',  ( 0.06155082974167722792, 0.1031714939717088830, -0.8118263205992825027 ) ) ;
#3284 = DIRECTION ( 'NONE',  ( -1.000000000000000000, 0.000000000000000000, 0.000000000000000000 ) ) ;
#3285 = CARTESIAN_POINT ( 'NONE',  ( -0.9363204981466080046, 0.04223057456742960319, -0.7756225028373814334 ) ) ;
#3286 = ORIENTED_EDGE ( 'NONE', *, *, #3931, .F. ) ;
#3287 = LINE ( 'NONE', #1758, #1831 ) ;
#3288 = DIRECTION ( 'NONE',  ( 0.000000000000000000, 1.000000000000000000, 0.000000000000000000 ) ) ;
#3289 = DIRECTION ( 'NONE',  ( 3.584139413175220764E-16, 0.000000000000000000, 1.000000000000000000 ) ) ;
#3290 = AXIS2_PLACEMENT_3D ( 'NONE', #1478, #3983, #40 ) ;
#3291 = LINE ( 'NONE', #712, #1465 ) ;
#3292 = CARTESIAN_POINT ( 'NONE',  ( 0.5138164107658029778, 1.526345486598207953E-17, 0.7849168272161795024 ) ) ;
#3293 = CARTESIAN_POINT ( 'NONE',  ( -1.750000000000000222, 0.1200000000000000511, -0.9749999999999999778 ) ) ;
#3294 = CARTESIAN_POINT ( 'NONE',  ( 0.3789603083026107377, 0.08960415999796042530, -0.8136925755460400200 ) ) ;
#3295 = DIRECTION ( 'NONE',  ( 0.000000000000000000, -1.000000000000000000, 0.000000000000000000 ) ) ;
#3296 = CARTESIAN_POINT ( 'NONE',  ( -0.4390157178464804688, 0.01553916102144541588, -0.7944071659676358310 ) ) ;
#3297 = CARTESIAN_POINT ( 'NONE',  ( -1.509916827216179591, -9.738476859320994069E-18, -0.2361835892341971055 ) ) ;
#3298 = CARTESIAN_POINT ( 'NONE',  ( -1.484640488166900640, -1.235749748185859001E-17, 0.7825603447338537189 ) ) ;
#3299 = AXIS2_PLACEMENT_3D ( 'NONE', #4474, #2324, #1206 ) ;
#3300 = B_SPLINE_CURVE_WITH_KNOTS ( 'NONE', 3,
 ( #2710, #4166, #3129, #4573, #4623, #1302, #2764, #4217, #3858, #238, #1474, #2104 ),
 .UNSPECIFIED., .F., .F.,
 ( 4, 2, 2, 2, 2, 4 ),
 ( 0.000000000000000000, 0.2499999999999994449, 0.3749999999999998335, 0.4375000000000000000, 0.5000000000000002220, 1.000000000000000000 ),
 .UNSPECIFIED. ) ;
#3301 = CARTESIAN_POINT ( 'NONE',  ( 1.375000000000000000, 0.1200000000000001205, 0.8373154507300614169 ) ) ;
#3302 = ORIENTED_EDGE ( 'NONE', *, *, #3315, .F. ) ;
#3303 = CARTESIAN_POINT ( 'NONE',  ( -0.3750000000000000000, 0.1200000000000000927, 0.8373154507300618610 ) ) ;
#3304 = CARTESIAN_POINT ( 'NONE',  ( -1.528390280868043627, 0.03673956129361629491, 0.8636576219772682528 ) ) ;
#3305 = CARTESIAN_POINT ( 'NONE',  ( -1.059282619573153728, 0.01391275739034083560, -0.7165020050177358657 ) ) ;
#3306 = CARTESIAN_POINT ( 'NONE',  ( 0.5834783298968292398, 0.1027437099221050754, -0.8899942215026198644 ) ) ;
#3307 = CARTESIAN_POINT ( 'NONE',  ( -0.03438358034219076570, 0.06057464461872701100, 0.7950322625810020138 ) ) ;
#3308 = ORIENTED_EDGE ( 'NONE', *, *, #322, .F. ) ;
#3309 = DIRECTION ( 'NONE',  ( -0.000000000000000000, -0.000000000000000000, 1.000000000000000000 ) ) ;
#3310 = CARTESIAN_POINT ( 'NONE',  ( 1.124360570734643128, 0.1040270620709142918, -0.7272957309025823713 ) ) ;
#3311 = CARTESIAN_POINT ( 'NONE',  ( 1.539999999999999369, 0.1200000000000000927, 0.9000000000000000222 ) ) ;
#3312 = CARTESIAN_POINT ( 'NONE',  ( 0.4113431521264075963, 0.03673881755886123507, -0.8033899379363541593 ) ) ;
#3313 = CARTESIAN_POINT ( 'NONE',  ( -0.4732058499580696354, 0.03193953058449547355, 0.8586615916154830552 ) ) ;
#3314 = CARTESIAN_POINT ( 'NONE',  ( -1.538525208273111566, 0.01331992622116218161, -0.8286975520950687901 ) ) ;
#3315 = EDGE_CURVE ( 'NONE', #1923, #1417, #3403, .T. ) ;
#3316 = CYLINDRICAL_SURFACE ( 'NONE', #2832, 0.1249999999999998890 ) ;
#3317 = ORIENTED_EDGE ( 'NONE', *, *, #83, .F. ) ;
#3318 = CARTESIAN_POINT ( 'NONE',  ( -0.3841607131931658037, 0.1200000000000000927, 0.8593688659948790498 ) ) ;
#3319 = CARTESIAN_POINT ( 'NONE',  ( 0.8749999999999998890, 0.1200000000000000927, 0.7274999999999993694 ) ) ;
#3320 = EDGE_CURVE ( 'NONE', #1764, #217, #2738, .T. ) ;
#3321 = CARTESIAN_POINT ( 'NONE',  ( -0.9998999599679679884, -1.355252715606880543E-17, -0.6876000400320320116 ) ) ;
#3322 = CARTESIAN_POINT ( 'NONE',  ( -1.039999999999999369, 0.1200000000000000927, 0.8125000000000000000 ) ) ;
#3323 = CARTESIAN_POINT ( 'NONE',  ( -1.460000000000000187, 0.1200000000000000927, -0.9000000000000000222 ) ) ;
#3324 = CARTESIAN_POINT ( 'NONE',  ( 1.625000000000000000, 0.1200000000000000927, -0.8149999999999995026 ) ) ;
#3325 = ORIENTED_EDGE ( 'NONE', *, *, #2118, .T. ) ;
#3326 = CARTESIAN_POINT ( 'NONE',  ( -1.499899959967968099, 0.000000000000000000, 0.2498999599679679051 ) ) ;
#3327 = PLANE ( 'NONE',  #771 ) ;
#3328 = CARTESIAN_POINT ( 'NONE',  ( -0.09800730990884048976, 0.04717666425232597271, -0.7188632450239798022 ) ) ;
#3329 = CARTESIAN_POINT ( 'NONE',  ( -1.625000000000000000, 0.1200000000000000927, 0.8149999999999999467 ) ) ;
#3330 = CARTESIAN_POINT ( 'NONE',  ( -1.125000000000000222, 0.1200000000000001205, 0.7498154507300613947 ) ) ;
#3331 =( LENGTH_UNIT ( ) NAMED_UNIT ( * ) SI_UNIT ( .MILLI., .METRE. ) );
#3332 = CARTESIAN_POINT ( 'NONE',  ( -0.4163384083844566264, 0.03193953058455348964, -0.8017941500419314416 ) ) ;
#3333 = CARTESIAN_POINT ( 'NONE',  ( 1.539795730902582260, 0.1040270620709143057, 0.8993605707346430389 ) ) ;
#3334 = FACE_OUTER_BOUND ( 'NONE', #1351, .T. ) ;
#3335 = CARTESIAN_POINT ( 'NONE',  ( 1.437684549269939271, 0.1200000000000000927, 0.9000000000000000222 ) ) ;
#3336 = CARTESIAN_POINT ( 'NONE',  ( -1.061546425126577375, 0.01509841972869553801, 0.7072294162630367031 ) ) ;
#3337 = ORIENTED_EDGE ( 'NONE', *, *, #1907, .F. ) ;
#3338 = CYLINDRICAL_SURFACE ( 'NONE', #2457, 0.1250000000000000000 ) ;
#3339 = DIRECTION ( 'NONE',  ( 0.000000000000000000, -0.000000000000000000, -1.000000000000000000 ) ) ;
#3340 = CARTESIAN_POINT ( 'NONE',  ( 1.539999999999999369, 0.1200000000000000927, -0.9000000000000001332 ) ) ;
#3341 = CARTESIAN_POINT ( 'NONE',  ( -1.000100040032032345, -1.355252715606880543E-17, 0.6876000400320320116 ) ) ;
#3342 = LINE ( 'NONE', #475, #772 ) ;
#3343 = B_SPLINE_CURVE_WITH_KNOTS ( 'NONE', 3,
 ( #4376, #2860, #1105, #3899, #280, #1041, #3949, #684, #2124, #3323 ),
 .UNSPECIFIED., .F., .F.,
 ( 4, 2, 2, 2, 4 ),
 ( 0.000000000000000000, 0.2500000000000000000, 0.5000000000000000000, 0.7500000000000000000, 1.000000000000000000 ),
 .UNSPECIFIED. ) ;
#3344 = CARTESIAN_POINT ( 'NONE',  ( -1.016086191993540888, -2.612618482062037496E-17, -0.6927069017433538090 ) ) ;
#3345 = CARTESIAN_POINT ( 'NONE',  ( -0.9998999599679679884, -1.355252715606880543E-17, -0.6876000400320320116 ) ) ;
#3346 = EDGE_LOOP ( 'NONE', ( #2100, #3841, #3082 ) ) ;
#3347 = FACE_OUTER_BOUND ( 'NONE', #9, .T. ) ;
#3348 = EDGE_CURVE ( 'NONE', #1058, #2422, #3532, .T. ) ;
#3349 = DIRECTION ( 'NONE',  ( 0.000000000000000000, 0.000000000000000000, 1.000000000000000000 ) ) ;
#3350 = CARTESIAN_POINT ( 'NONE',  ( 1.402511772900579823, 0.05540140092754029799, 0.8456695884394312968 ) ) ;
#3351 = ORIENTED_EDGE ( 'NONE', *, *, #641, .F. ) ;
#3352 = CYLINDRICAL_SURFACE ( 'NONE', #2601, 0.1250000000000000000 ) ;
#3353 = CARTESIAN_POINT ( 'NONE',  ( -1.484640488166899974, -8.286684622173352846E-19, 0.2424396552661473858 ) ) ;
#3354 =( NAMED_UNIT ( * ) PLANE_ANGLE_UNIT ( ) SI_UNIT ( $, .RADIAN. ) );
#3355 = CARTESIAN_POINT ( 'NONE',  ( -1.436320498146609559, 0.04223057456743072036, 0.8631225028373832320 ) ) ;
#3356 = CARTESIAN_POINT ( 'NONE',  ( 1.097488227099419733, 0.05540140092754063800, -0.7581695884394297202 ) ) ;
#3357 = CARTESIAN_POINT ( 'NONE',  ( -0.0001000400320322163139, -2.710505431213761085E-17, -0.6876000400320320116 ) ) ;
#3358 = CARTESIAN_POINT ( 'NONE',  ( -1.499899959967968099, 0.000000000000000000, -0.2498999599679679051 ) ) ;
#3359 =( NAMED_UNIT ( * ) PLANE_ANGLE_UNIT ( ) SI_UNIT ( $, .RADIAN. ) );
#3360 = CARTESIAN_POINT ( 'NONE',  ( -0.4785514330957891249, 0.01937058921003365769, 0.8422735846612270372 ) ) ;
#3361 = VECTOR ( 'NONE', #3682, 1000.000000000000000 ) ;
#3362 = CARTESIAN_POINT ( 'NONE',  ( 1.614994221502619176, 0.1027437099221062689, 0.8584783298968280407 ) ) ;
#3363 = CARTESIAN_POINT ( 'NONE',  ( -1.531438972583336611, 0.04590871196975501028, 0.1517988234194817265 ) ) ;
#3364 = MECHANICAL_DESIGN_GEOMETRIC_PRESENTATION_REPRESENTATION (  '', ( #325 ), #4427 ) ;
#3365 = CARTESIAN_POINT ( 'NONE',  ( -1.098201176580518634, 0.04590871196975503804, 0.7189389725833359446 ) ) ;
#3366 = ORIENTED_EDGE ( 'NONE', *, *, #1276, .F. ) ;
#3367 = CARTESIAN_POINT ( 'NONE',  ( -0.09820117658051867593, 0.04590871196975503804, 0.7189389725833359446 ) ) ;
#3368 = AXIS2_PLACEMENT_3D ( 'NONE', #1239, #1581, #2329 ) ;
#3369 = CARTESIAN_POINT ( 'NONE',  ( 0.9271889257217850178, 0.02205258410723151541, -0.7232172485160178743 ) ) ;
#3370 = CARTESIAN_POINT ( 'NONE',  ( -1.460000000000000187, 0.1200000000000000927, 0.1249999999999998890 ) ) ;
#3371 = CARTESIAN_POINT ( 'NONE',  ( 0.08436886599487869454, 0.1200000000000001343, -0.8033392868068341963 ) ) ;
#3372 = SURFACE_SIDE_STYLE ('',( #450 ) ) ;
#3373 = CARTESIAN_POINT ( 'NONE',  ( 0.5314389725833358336, 0.04590871196975499641, -0.8732011765805181014 ) ) ;
#3374 = EDGE_CURVE ( 'NONE', #4258, #3280, #3174, .T. ) ;
#3375 = CARTESIAN_POINT ( 'NONE',  ( -1.032161620739340480, 0.05045777768956290904, 0.7880255562491523813 ) ) ;
#3376 = CARTESIAN_POINT ( 'NONE',  ( -0.8750000000000001110, 0.1200000000000001343, -0.7498154507300613947 ) ) ;
#3377 = PRESENTATION_LAYER_ASSIGNMENT (  '', '', ( #20 ) ) ;
#3378 = CARTESIAN_POINT ( 'NONE',  ( 1.625000000000000000, 0.1200000000000001205, -0.8149999999999996136 ) ) ;
#3379 = CARTESIAN_POINT ( 'NONE',  ( 1.384160713193165693, 0.1200000000000001066, 0.8593688659948787167 ) ) ;
#3380 = EDGE_CURVE ( 'NONE', #2639, #859, #327, .T. ) ;
#3381 = ORIENTED_EDGE ( 'NONE', *, *, #3730, .F. ) ;
#3382 = CARTESIAN_POINT ( 'NONE',  ( -1.433805061118146318, 0.02117201403232472912, 0.2024000288156143912 ) ) ;
#3383 =( NAMED_UNIT ( * ) SI_UNIT ( $, .STERADIAN. ) SOLID_ANGLE_UNIT ( ) );
#3384 = CARTESIAN_POINT ( 'NONE',  ( -1.402511772900579823, 0.05540140092754011758, 0.8456695884394290763 ) ) ;
#3385 = CARTESIAN_POINT ( 'NONE',  ( 1.084368865994878695, 0.1200000000000001343, -0.8033392868068341963 ) ) ;
#3386 = APPLICATION_CONTEXT ( 'automotive_design' ) ;
#3387 = CARTESIAN_POINT ( 'NONE',  ( -0.01381641076580249379, -2.563325802488485711E-17, -0.6974168272161798132 ) ) ;
#3388 = EDGE_CURVE ( 'NONE', #746, #151, #2780, .T. ) ;
#3389 = LINE ( 'NONE', #869, #762 ) ;
#3390 = CARTESIAN_POINT ( 'NONE',  ( -1.419118380939090818, 0.08559074299740704328, -0.1389026971120661536 ) ) ;
#3391 = CARTESIAN_POINT ( 'NONE',  ( -1.000000000000000000, 0.000000000000000000, -0.6876000400320320116 ) ) ;
#3392 = ORIENTED_EDGE ( 'NONE', *, *, #2144, .F. ) ;
#3393 = CARTESIAN_POINT ( 'NONE',  ( -0.5343835803422000152, 0.06057464461936386962, 0.8825322625813942778 ) ) ;
#3394 = CARTESIAN_POINT ( 'NONE',  ( 1.510286668864836424, 0.003191557600172719930, -0.8069875290031306436 ) ) ;
#3395 = CARTESIAN_POINT ( 'NONE',  ( -1.040000000000000036, 0.1200000000000000927, -0.8125000000000000000 ) ) ;
#3396 = CARTESIAN_POINT ( 'NONE',  ( 0.01535951183310015414, -1.061172822154476950E-17, -0.6950603447338526975 ) ) ;
#3397 = DIRECTION ( 'NONE',  ( 0.000000000000000000, 0.000000000000000000, 1.000000000000000000 ) ) ;
#3398 = CARTESIAN_POINT ( 'NONE',  ( 0.5001000400320319006, -1.355252715606880543E-17, -0.7751000400320321448 ) ) ;
#3399 = ORIENTED_EDGE ( 'NONE', *, *, #774, .T. ) ;
#3400 = CARTESIAN_POINT ( 'NONE',  ( -1.620535513922283011, 0.08826611352744170857, -0.2114262039461350384 ) ) ;
#3401 = CARTESIAN_POINT ( 'NONE',  ( 0.4247960157595664921, 0.02381372425704564311, 0.7990923965397539463 ) ) ;
#3402 = ORIENTED_EDGE ( 'NONE', *, *, #2972, .T. ) ;
#3403 = B_SPLINE_CURVE_WITH_KNOTS ( 'NONE', 3,
 ( #3882, #190, #3105, #1649, #284, #1991, #2403, #3907, #2057, #996, #2034, #4189 ),
 .UNSPECIFIED., .F., .F.,
 ( 4, 2, 2, 2, 2, 4 ),
 ( 0.000000000000000000, 0.2500000000000010547, 0.3750000000000011102, 0.4375000000000019429, 0.5000000000000027756, 1.000000000000000000 ),
 .UNSPECIFIED. ) ;
#3404 = CARTESIAN_POINT ( 'NONE',  ( -1.472469951759962647, 0.002734742325117279962, 0.2302616141500504476 ) ) ;
#3405 = CARTESIAN_POINT ( 'NONE',  ( -1.510286668864836868, 0.003191557600172726435, 0.2180124709968693231 ) ) ;
#3406 = CARTESIAN_POINT ( 'NONE',  ( -1.475907603460245854, 0.02381372425704560147, 0.8502039842404339742 ) ) ;
#3407 = CARTESIAN_POINT ( 'NONE',  ( -0.9600000000000007416, 0.1200000000000000927, -0.8125000000000000000 ) ) ;
#3408 = B_SPLINE_CURVE_WITH_KNOTS ( 'NONE', 3,
 ( #4358, #3222, #4672, #2893, #1093, #4316 ),
 .UNSPECIFIED., .F., .F.,
 ( 4, 2, 4 ),
 ( 0.000000000000000000, 0.5000000000000000000, 1.000000000000000000 ),
 .UNSPECIFIED. ) ;
#3409 = CARTESIAN_POINT ( 'NONE',  ( -0.8756394292653569833, 0.1040270620709143057, 0.7272957309025823713 ) ) ;
#3410 = CARTESIAN_POINT ( 'NONE',  ( -1.375000000000000000, 0.1200000000000000927, -0.2100000000000000200 ) ) ;
#3411 = EDGE_CURVE ( 'NONE', #1417, #4064, #4540, .T. ) ;
#3412 = CARTESIAN_POINT ( 'NONE',  ( -1.500000000000000000, 0.000000000000000000, -0.2498999599679679051 ) ) ;
#3413 = ORIENTED_EDGE ( 'NONE', *, *, #1533, .F. ) ;
#3414 = CARTESIAN_POINT ( 'NONE',  ( 0.4802616141500506419, 0.002734742325116302011, -0.8025300482400361535 ) ) ;
#3415 = CARTESIAN_POINT ( 'NONE',  ( -0.4680124709968694896, 0.003191557600172740747, 0.7852866688648366678 ) ) ;
#3416 = FACE_BOUND ( 'NONE', #156, .T. ) ;
#3417 = DIRECTION ( 'NONE',  ( 0.000000000000000000, -1.000000000000000000, 0.000000000000000000 ) ) ;
#3418 = DIRECTION ( 'NONE',  ( -0.000000000000000000, 1.000000000000000000, -0.000000000000000000 ) ) ;
#3419 = PLANE ( 'NONE',  #999 ) ;
#3420 = CARTESIAN_POINT ( 'NONE',  ( -0.5075603447338525864, 1.649332609059281208E-17, -0.7903595118331007141 ) ) ;
#3421 = ORIENTED_EDGE ( 'NONE', *, *, #1122, .F. ) ;
#3422 = CARTESIAN_POINT ( 'NONE',  ( -1.416338408384400172, 0.03193953058460721056, -0.8017941500419327738 ) ) ;
#3423 = CARTESIAN_POINT ( 'NONE',  ( 1.749999999999999778, 0.1200000000000000511, -0.9749999999999999778 ) ) ;
#3424 = CARTESIAN_POINT ( 'NONE',  ( -1.478848917662832996, 2.382280164152719704E-18, 0.2431750919578074821 ) ) ;
#3425 = CARTESIAN_POINT ( 'NONE',  ( -1.500100040032032123, -1.355252715606880543E-17, 0.7751000400320319228 ) ) ;
#3426 = B_SPLINE_CURVE_WITH_KNOTS ( 'NONE', 3,
 ( #584, #4588, #2777, #2905, #4347, #3892, #2070, #2509, #3621, #4326, #1392, #1792 ),
 .UNSPECIFIED., .F., .F.,
 ( 4, 2, 2, 2, 2, 4 ),
 ( 0.000000000000000000, 0.2499999999999984457, 0.3749999999999981126, 0.4374999999999987232, 0.4999999999999993339, 1.000000000000000000 ),
 .UNSPECIFIED. ) ;
#3427 = ORIENTED_EDGE ( 'NONE', *, *, #1181, .T. ) ;
#3428 = CARTESIAN_POINT ( 'NONE',  ( -1.542193536736572668, -3.294017017100054007E-18, 0.2364529674000464821 ) ) ;
#3429 = CARTESIAN_POINT ( 'NONE',  ( -1.561546425126577153, 0.01509841972869550852, 0.2302705837369629915 ) ) ;
#3430 = PLANE ( 'NONE',  #1011 ) ;
#3431 = CARTESIAN_POINT ( 'NONE',  ( 1.053697552095069101, 0.01331992622116168201, -0.7260252082731130097 ) ) ;
#3432 = CARTESIAN_POINT ( 'NONE',  ( -0.4165216701031707602, 0.1027437099221050754, -0.8899942215026198644 ) ) ;
#3433 = CARTESIAN_POINT ( 'NONE',  ( -0.8750000000000001110, 0.1200000000000000927, 0.7498154507300618388 ) ) ;
#3434 = CARTESIAN_POINT ( 'NONE',  ( -1.411877497162618456, 0.04223057456743120608, -0.1863204981466098087 ) ) ;
#3435 = CARTESIAN_POINT ( 'NONE',  ( 0.4656045831057590845, 0.05920693847686203659, 0.8824558168452207862 ) ) ;
#3436 = CLOSED_SHELL ( 'NONE', ( #2308, #3235, #3622, #4215 ) ) ;
#3437 = ORIENTED_EDGE ( 'NONE', *, *, #1628, .T. ) ;
#3438 = CARTESIAN_POINT ( 'NONE',  ( 1.388902697112065265, 0.08559074299740668246, -0.8558816190609120911 ) ) ;
#3439 = EDGE_CURVE ( 'NONE', #4487, #2792, #3300, .T. ) ;
#3440 = CARTESIAN_POINT ( 'NONE',  ( 0.9600000000000002975, 0.1200000000000000927, 0.8125000000000000000 ) ) ;
#3441 = PLANE ( 'NONE',  #251 ) ;
#3442 = VECTOR ( 'NONE', #4303, 1000.000000000000000 ) ;
#3443 = CARTESIAN_POINT ( 'NONE',  ( -1.470997994982264689, 0.01391275739033955711, 0.8342826195731537497 ) ) ;
#3444 = CARTESIAN_POINT ( 'NONE',  ( 0.07520398424043332752, 0.02381372425704559800, 0.7115923965397540352 ) ) ;
#3445 = CARTESIAN_POINT ( 'NONE',  ( -1.550000000000000266, 0.5879999999999999671, -0.7750000000000000222 ) ) ;
#3446 = CARTESIAN_POINT ( 'NONE',  ( -0.5636795018533898860, 0.04223057456743006810, -0.8631225028373826769 ) ) ;
#3447 = ORIENTED_EDGE ( 'NONE', *, *, #4420, .F. ) ;
#3448 = CARTESIAN_POINT ( 'NONE',  ( 0.01028666886483675658, 0.003191557600172726435, 0.7194875290031309545 ) ) ;
#3449 = ADVANCED_FACE ( 'NONE', ( #2836 ), #2129, .T. ) ;
#3450 = DIRECTION ( 'NONE',  ( 3.584139413175220764E-16, -0.000000000000000000, 1.000000000000000000 ) ) ;
#3451 =( GEOMETRIC_REPRESENTATION_CONTEXT ( 3 ) GLOBAL_UNCERTAINTY_ASSIGNED_CONTEXT ( ( #1687 ) ) GLOBAL_UNIT_ASSIGNED_CONTEXT ( ( #4332, #2101, #12 ) ) REPRESENTATION_CONTEXT ( 'NONE', 'WORKASPACE' ) );
#3452 = CARTESIAN_POINT ( 'NONE',  ( -1.625000000000000000, 0.1200000000000000927, -0.2099999999999999090 ) ) ;
#3453 = CARTESIAN_POINT ( 'NONE',  ( -0.6243991895461440400, 0.1049917596730073344, -0.8148080678883852235 ) ) ;
#3454 = AXIS2_PLACEMENT_3D ( 'NONE', #3271, #1800, #376 ) ;
#3455 = AXIS2_PLACEMENT_3D ( 'NONE', #2033, #3152, #3560 ) ;
#3456 = CARTESIAN_POINT ( 'NONE',  ( -1.538692575546023678, 0.08960415999668462639, -0.1289603083029841613 ) ) ;
#3457 = CARTESIAN_POINT ( 'NONE',  ( 1.000100040032032123, -1.355252715606880543E-17, 0.6876000400320320116 ) ) ;
#3458 = ORIENTED_EDGE ( 'NONE', *, *, #3374, .F. ) ;
#3459 = CARTESIAN_POINT ( 'NONE',  ( 0.3841607131931655816, 0.1200000000000001066, 0.8593688659948787167 ) ) ;
#3460 = CARTESIAN_POINT ( 'NONE',  ( 1.526794150041931086, 0.03193953058449548743, 0.8586615916154833883 ) ) ;
#3461 = CARTESIAN_POINT ( 'NONE',  ( -0.6250000000000000000, 0.1200000000000001205, 0.8149999999999993916 ) ) ;
#3462 = CARTESIAN_POINT ( 'NONE',  ( 0.1249999999999998890, 0.1200000000000000927, -0.7274999999999992584 ) ) ;
#3463 = CARTESIAN_POINT ( 'NONE',  ( -1.499899959967968321, -1.355252715606880543E-17, -0.7751000400320319228 ) ) ;
#3464 = CARTESIAN_POINT ( 'NONE',  ( 0.9599999999999999645, 0.1200000000000000927, -0.8125000000000000000 ) ) ;
#3465 = B_SPLINE_SURFACE_WITH_KNOTS ( 'NONE', 3, 3, ( 
 ( #2731, #3556, #709, #1043, #258, #1448 ),
 ( #2861, #2050, #1737, #4641, #992, #1716 ),
 ( #3169, #4353, #4311, #2449, #3902, #3267 ),
 ( #4334, #3628, #1376, #2830, #2125, #4289 ),
 ( #1018, #1782, #2102, #3580, #1088, #686 ),
 ( #1402, #2495, #3242, #3973, #4619, #3950 ),
 ( #328, #4685, #1425, #2884, #1064, #2514 ),
 ( #2540, #4393, #1492, #2952, #4036, #768 ),
 ( #1860, #3020, #62, #2283, #1637, #1933 ),
 ( #1660, #2676, #2363, #3425, #4562, #913 ) ),
 .UNSPECIFIED., .F., .F., .F.,
 ( 4, 2, 2, 2, 4 ),
 ( 4, 2, 4 ),
 ( 0.000000000000000000, 0.2500000000000000000, 0.5000000000000000000, 0.7500000000000000000, 1.000000000000000000 ),
 ( 0.000000000000000000, 0.5000000000000000000, 1.000000000000000000 ),
 .UNSPECIFIED. ) ;
#3466 = CARTESIAN_POINT ( 'NONE',  ( 0.4401265346946141022, 0.08648253317408534369, 0.8950645588775877348 ) ) ;
#3467 = CARTESIAN_POINT ( 'NONE',  ( 0.4601919321116191286, 0.1049917596726716446, 0.8993991895461306285 ) ) ;
#3468 = ORIENTED_EDGE ( 'NONE', *, *, #3320, .F. ) ;
#3469 = CARTESIAN_POINT ( 'NONE',  ( 1.394016737679881324, 0.05666991344398070868, -0.8275382042656208581 ) ) ;
#3470 = CARTESIAN_POINT ( 'NONE',  ( 1.529002005017735755, 0.01391275739033974966, 0.8342826195731539718 ) ) ;
#3471 = CARTESIAN_POINT ( 'NONE',  ( 0.8749999999999998890, 0.1200000000000001205, 0.7498154507300613947 ) ) ;
#3472 = EDGE_CURVE ( 'NONE', #1585, #2986, #2498, .T. ) ;
#3473 = CARTESIAN_POINT ( 'NONE',  ( -1.480270583736963408, 0.01509841972869555189, 0.1884535748734227634 ) ) ;
#3474 = CARTESIAN_POINT ( 'NONE',  ( -0.5290020050177347555, 0.01391275739033975140, -0.8342826195731541938 ) ) ;
#3475 = ORIENTED_EDGE ( 'NONE', *, *, #1546, .F. ) ;
#3476 = B_SPLINE_CURVE_WITH_KNOTS ( 'NONE', 3,
 ( #3779, #1979, #3456, #180, #914, #2364, #2005, #1684, #588, #2027, #228, #347 ),
 .UNSPECIFIED., .F., .F.,
 ( 4, 2, 2, 2, 2, 4 ),
 ( 0.000000000000000000, 0.2499999999999993339, 0.3749999999999990008, 0.4374999999999991118, 0.4999999999999992228, 1.000000000000000000 ),
 .UNSPECIFIED. ) ;
#3477 = CARTESIAN_POINT ( 'NONE',  ( 0.05928261957315397734, 0.01391275739033966292, 0.7165020050177355326 ) ) ;
#3478 = CARTESIAN_POINT ( 'NONE',  ( 1.123798160244287470, 0.08997805252472156068, -0.7271160658646074193 ) ) ;
#3479 = CARTESIAN_POINT ( 'NONE',  ( -0.5980073099087858113, 0.04717666425225813809, -0.8063632450239787142 ) ) ;
#3480 = CARTESIAN_POINT ( 'NONE',  ( 1.031987529003130621, 0.003191557600172715593, 0.6977866688648366456 ) ) ;
#3481 = ORIENTED_EDGE ( 'NONE', *, *, #1477, .F. ) ;
#3482 = DIRECTION ( 'NONE',  ( 1.000000000000000000, 0.000000000000000000, 0.000000000000000000 ) ) ;
#3483 = CARTESIAN_POINT ( 'NONE',  ( 1.535537960718461603, 0.05823471834463997410, 0.8860304907704182886 ) ) ;
#3484 = CARTESIAN_POINT ( 'NONE',  ( -0.5399999999999994804, 0.1200000000000000927, 0.9000000000000000222 ) ) ;
#3485 = CARTESIAN_POINT ( 'NONE',  ( -0.4924396552661472470, -1.257226084456080834E-17, -0.7903595118331003810 ) ) ;
#3486 = CARTESIAN_POINT ( 'NONE',  ( -1.539999999999999813, 0.1200000000000000927, 0.9000000000000000222 ) ) ;
#3487 = CARTESIAN_POINT ( 'NONE',  ( -1.446302447904931787, 0.01331992622116279397, -0.8135252082731143641 ) ) ;
#3488 = CARTESIAN_POINT ( 'NONE',  ( -0.08436886599487934679, 0.1200000000000001205, -0.8033392868068338633 ) ) ;
#3489 = CARTESIAN_POINT ( 'NONE',  ( 0.4861835892341969667, 2.212931176100266659E-18, 0.7849168272161795024 ) ) ;
#3490 = CARTESIAN_POINT ( 'NONE',  ( 0.6059832623201190094, 0.05666991344398036867, 0.8275382042656233006 ) ) ;
#3491 = CARTESIAN_POINT ( 'NONE',  ( -1.024092396539754146, 0.02381372425704562229, -0.7627039842404336190 ) ) ;
#3492 = VERTEX_POINT ( 'NONE', #4293 ) ;
#3493 = B_SPLINE_CURVE_WITH_KNOTS ( 'NONE', 3,
 ( #3848, #2044, #1346, #1243, #1680, #1709, #153, #1267, #4613, #3870, #3478, #2309 ),
 .UNSPECIFIED., .F., .F.,
 ( 4, 2, 2, 2, 2, 4 ),
 ( 0.000000000000000000, 0.2499999999999993339, 0.3750000000000001665, 0.4375000000000006106, 0.5000000000000009992, 1.000000000000000000 ),
 .UNSPECIFIED. ) ;
#3494 = CARTESIAN_POINT ( 'NONE',  ( -1.468012470996869601, 0.003191557600172720797, 0.7852866688648365567 ) ) ;
#3495 = CARTESIAN_POINT ( 'NONE',  ( 1.538525208273113343, 0.01331992622116200467, 0.8286975520950693452 ) ) ;
#3496 = CARTESIAN_POINT ( 'NONE',  ( 0.9376845492699379392, 0.1200000000000001066, 0.8125000000000000000 ) ) ;
#3497 = CARTESIAN_POINT ( 'NONE',  ( -0.9805928340324417958, 0.01553916102132732978, 0.7484842821533074231 ) ) ;
#3498 = CARTESIAN_POINT ( 'NONE',  ( -1.550000000000000266, 0.5879999999999999671, -0.8750000000000001110 ) ) ;
#3499 = CARTESIAN_POINT ( 'NONE',  ( -0.5102866688648368676, 0.003191557600172750288, -0.8069875290031305326 ) ) ;
#3500 = ORIENTED_EDGE ( 'NONE', *, *, #113, .F. ) ;
#3501 = CARTESIAN_POINT ( 'NONE',  ( 0.09820117658051802367, 0.04590871196975496865, 0.7189389725833359446 ) ) ;
#3502 = CARTESIAN_POINT ( 'NONE',  ( -1.586511823224044937, 0.1200000000000000511, 0.9000000000000000222 ) ) ;
#3503 = CARTESIAN_POINT ( 'NONE',  ( 1.547599971184384415, 0.02117201403232650894, -0.8411949388818511508 ) ) ;
#3504 = CARTESIAN_POINT ( 'NONE',  ( 1.490083172783820853, 1.394657257612165742E-18, 0.7888164107658030000 ) ) ;
#3505 = CARTESIAN_POINT ( 'NONE',  ( 1.107455816845220875, 0.05920693847686204353, 0.7218954168942409710 ) ) ;
#3506 = ORIENTED_EDGE ( 'NONE', *, *, #852, .F. ) ;
#3507 = CARTESIAN_POINT ( 'NONE',  ( -0.5240923965397543682, 0.02381372425704564311, -0.8502039842404336412 ) ) ;
#3508 = CARTESIAN_POINT ( 'NONE',  ( -1.553697552095069767, 0.01331992622116332133, 0.2114747917268875177 ) ) ;
#3509 = CARTESIAN_POINT ( 'NONE',  ( -0.6059832623201206747, 0.05666991344398105562, 0.8275382042656244108 ) ) ;
#3510 = CARTESIAN_POINT ( 'NONE',  ( -0.4376845492699387719, 0.1200000000000000927, -0.9000000000000001332 ) ) ;
#3511 = CARTESIAN_POINT ( 'NONE',  ( -0.9724699517599636467, 0.002734742325116205301, 0.7072383858499483589 ) ) ;
#3512 = CARTESIAN_POINT ( 'NONE',  ( -0.1250000000000001110, 0.1200000000000001066, -0.7498154507300608396 ) ) ;
#3513 = CARTESIAN_POINT ( 'NONE',  ( 0.3925441831547791804, 0.05920693847686203659, 0.8093954168942409932 ) ) ;
#3514 = CARTESIAN_POINT ( 'NONE',  ( 0.01028666886483675658, 0.003191557600172719930, -0.7194875290031306214 ) ) ;
#3515 = ORIENTED_EDGE ( 'NONE', *, *, #3931, .T. ) ;
#3516 = CARTESIAN_POINT ( 'NONE',  ( 1.440126534694612603, 0.08648253317408476082, -0.8950645588775860695 ) ) ;
#3517 = CARTESIAN_POINT ( 'NONE',  ( -0.3940167376798809906, 0.05666991344398036867, 0.8275382042656233006 ) ) ;
#3518 = DIRECTION ( 'NONE',  ( 0.000000000000000000, 1.000000000000000000, 0.000000000000000000 ) ) ;
#3519 =( LENGTH_UNIT ( ) NAMED_UNIT ( * ) SI_UNIT ( .MILLI., .METRE. ) );
#3520 = ORIENTED_EDGE ( 'NONE', *, *, #4500, .F. ) ;
#3521 = CARTESIAN_POINT ( 'NONE',  ( 0.03999999999999923755, 0.1200000000000001205, 0.8125000000000000000 ) ) ;
#3522 = DIRECTION ( 'NONE',  ( 0.000000000000000000, -0.000000000000000000, 1.000000000000000000 ) ) ;
#3523 = AXIS2_PLACEMENT_3D ( 'NONE', #726, #3284, #3600 ) ;
#3524 = CARTESIAN_POINT ( 'NONE',  ( 1.531438972583335945, 0.04590871196975499641, -0.8732011765805181014 ) ) ;
#3525 = CARTESIAN_POINT ( 'NONE',  ( -1.039999999999999591, 0.1200000000000000927, 0.8125000000000000000 ) ) ;
#3526 = ADVANCED_FACE ( 'NONE', ( #3247 ), #2543, .T. ) ;
#3527 = CARTESIAN_POINT ( 'NONE',  ( 1.452400028815615141, 0.02117201403232578383, 0.8411949388818529272 ) ) ;
#3528 = VECTOR ( 'NONE', #2519, 1000.000000000000000 ) ;
#3529 = CARTESIAN_POINT ( 'NONE',  ( 1.007560344733852808, -1.061172822154476950E-17, 0.7028595118331004699 ) ) ;
#3530 = ORIENTED_EDGE ( 'NONE', *, *, #3099, .F. ) ;
#3531 = VECTOR ( 'NONE', #3518, 1000.000000000000000 ) ;
#3532 = B_SPLINE_CURVE_WITH_KNOTS ( 'NONE', 3,
 ( #3464, #4266, #3539, #894, #1741, #923, #3837, #4241, #2375, #1721 ),
 .UNSPECIFIED., .F., .F.,
 ( 4, 2, 2, 2, 4 ),
 ( 0.000000000000000000, 0.2500000000000000000, 0.5000000000000000000, 0.7500000000000000000, 1.000000000000000000 ),
 .UNSPECIFIED. ) ;
#3533 = CLOSED_SHELL ( 'NONE', ( #3599, #3535, #2763, #2110, #4223, #290, #4154, #2054, #3555, #3449 ) ) ;
#3534 = CARTESIAN_POINT ( 'NONE',  ( 0.9600000000000005196, 0.1200000000000000927, 0.8125000000000000000 ) ) ;
#3535 = ADVANCED_FACE ( 'NONE', ( #750 ), #3977, .F. ) ;
#3536 = FACE_OUTER_BOUND ( 'NONE', #304, .T. ) ;
#3537 = B_SPLINE_CURVE_WITH_KNOTS ( 'NONE', 3,
 ( #4475, #1994, #517, #3031, #3813, #3491, #4502, #2349, #1672, #3391 ),
 .UNSPECIFIED., .F., .F.,
 ( 4, 2, 2, 2, 4 ),
 ( 0.000000000000000000, 0.2500000000000000000, 0.5000000000000000000, 0.7500000000000000000, 1.000000000000000000 ),
 .UNSPECIFIED. ) ;
#3538 = CARTESIAN_POINT ( 'NONE',  ( -0.9474617957343756114, 0.05666991344398129848, 0.7934832623201201196 ) ) ;
#3539 = CARTESIAN_POINT ( 'NONE',  ( 0.9614262039461354270, 0.08826611352744170857, -0.8080355139222832328 ) ) ;
#3540 = CARTESIAN_POINT ( 'NONE',  ( 1.500000000000000000, 0.000000000000000000, -0.7751000400320320338 ) ) ;
#3541 = DIRECTION ( 'NONE',  ( 0.000000000000000000, -1.000000000000000000, 0.000000000000000000 ) ) ;
#3542 = ADVANCED_FACE ( 'NONE', ( #1429 ), #1067, .T. ) ;
#3543 = EDGE_LOOP ( 'NONE', ( #2922, #2578 ) ) ;
#3544 = CARTESIAN_POINT ( 'NONE',  ( -1.625000000000000222, 0.1200000000000000927, 0.1876845492699381612 ) ) ;
#3545 = CARTESIAN_POINT ( 'NONE',  ( 0.9759076034602457428, 0.02381372425704560147, 0.7627039842404335079 ) ) ;
#3546 = CARTESIAN_POINT ( 'NONE',  ( 1.039999999999999147, 0.1200000000000000927, -0.8125000000000000000 ) ) ;
#3547 = ORIENTED_EDGE ( 'NONE', *, *, #1683, .F. ) ;
#3548 = CARTESIAN_POINT ( 'NONE',  ( 1.516086191993540888, 1.487081010110330173E-17, 0.7802069017433538312 ) ) ;
#3549 = FACE_OUTER_BOUND ( 'NONE', #1233, .T. ) ;
#3550 = CARTESIAN_POINT ( 'NONE',  ( 1.553697552095068879, 0.01331992622116235335, -0.8135252082731121437 ) ) ;
#3551 = CARTESIAN_POINT ( 'NONE',  ( 0.5399999999999993694, 0.1200000000000000927, -0.9000000000000001332 ) ) ;
#3552 = SURFACE_SIDE_STYLE ('',( #1794 ) ) ;
#3553 = CARTESIAN_POINT ( 'NONE',  ( 1.075203984240433286, 0.02381372425704559800, 0.7115923965397540352 ) ) ;
#3554 = EDGE_LOOP ( 'NONE', ( #3800, #2715, #3481, #1911, #3506, #1265, #3134, #2754 ) ) ;
#3555 = ADVANCED_FACE ( 'NONE', ( #663 ), #1669, .F. ) ;
#3556 = CARTESIAN_POINT ( 'NONE',  ( -1.562315450730061617, 0.1200000000000001205, 0.9000000000000000222 ) ) ;
#3557 = CARTESIAN_POINT ( 'NONE',  ( -0.5075603447338529195, 9.802663115080044010E-19, 0.7903595118331001590 ) ) ;
#3558 = CARTESIAN_POINT ( 'NONE',  ( -1.375000000000000222, 0.1200000000000000927, 0.2100000000000000200 ) ) ;
#3559 = LINE ( 'NONE', #2055, #1150 ) ;
#3560 = DIRECTION ( 'NONE',  ( 0.000000000000000000, 0.000000000000000000, 1.000000000000000000 ) ) ;
#3561 = FACE_OUTER_BOUND ( 'NONE', #2768, .T. ) ;
#3562 = CARTESIAN_POINT ( 'NONE',  ( -1.562315450730060729, 0.1200000000000000927, -0.1249999999999998890 ) ) ;
#3563 = ORIENTED_EDGE ( 'NONE', *, *, #579, .T. ) ;
#3564 = CARTESIAN_POINT ( 'NONE',  ( -1.570669588439432163, 0.05540140092753926410, 0.1525117729005825151 ) ) ;
#3565 = CARTESIAN_POINT ( 'NONE',  ( 1.530549352247294825, 0.002887014083468036115, 0.7899820457392416895 ) ) ;
#3566 = CARTESIAN_POINT ( 'NONE',  ( -0.4685610274166642220, 0.04590871196975499641, -0.8732011765805181014 ) ) ;
#3567 = EDGE_CURVE ( 'NONE', #2422, #2350, #65, .T. ) ;
#3568 = CARTESIAN_POINT ( 'NONE',  ( -1.561546425126577153, 0.01509841972869550852, -0.2302705837369629915 ) ) ;
#3569 = CARTESIAN_POINT ( 'NONE',  ( 1.438453574873423069, 0.01509841972869555189, 0.7947294162630365033 ) ) ;
#3570 = CARTESIAN_POINT ( 'NONE',  ( 2.000000000000000000, 0.1200000000000000511, 0.000000000000000000 ) ) ;
#3571 = ORIENTED_EDGE ( 'NONE', *, *, #3210, .T. ) ;
#3572 = CARTESIAN_POINT ( 'NONE',  ( 0.8994744437502584233, 0.05045777769034985594, -0.7196616207393525810 ) ) ;
#3573 = CARTESIAN_POINT ( 'NONE',  ( 0.4156311340051205283, 0.1200000000000001066, -0.8908392868068341075 ) ) ;
#3574 = CARTESIAN_POINT ( 'NONE',  ( -0.07281107427821476019, 0.02205258410723147378, 0.7232172485160182074 ) ) ;
#3575 = CARTESIAN_POINT ( 'NONE',  ( 1.026794150041931752, 0.03193953058457140587, 0.7711615916155623029 ) ) ;
#3576 = DIRECTION ( 'NONE',  ( 0.000000000000000000, 1.000000000000000000, 0.000000000000000000 ) ) ;
#3577 = CARTESIAN_POINT ( 'NONE',  ( -1.059873465305386508, 0.08648253317408537144, 0.8075645588775877126 ) ) ;
#3578 = CARTESIAN_POINT ( 'NONE',  ( -0.9247960157595664921, 0.02381372425704561882, -0.7115923965397540352 ) ) ;
#3579 = VERTEX_POINT ( 'NONE', #2315 ) ;
#3580 = CARTESIAN_POINT ( 'NONE',  ( -1.588122502837383099, 0.04223057456742798643, 0.8386795018533905743 ) ) ;
#3581 = CARTESIAN_POINT ( 'NONE',  ( -0.5974882270994202882, 0.05540140092754029799, 0.8456695884394312968 ) ) ;
#3582 = CARTESIAN_POINT ( 'NONE',  ( -0.9802705837369629638, 0.01509841972869554669, 0.7490464251265773754 ) ) ;
#3583 = CARTESIAN_POINT ( 'NONE',  ( -1.375000000000000000, 0.1200000000000000927, 0.2100000000000000200 ) ) ;
#3584 = SURFACE_STYLE_FILL_AREA ( #1026 ) ;
#3585 = CARTESIAN_POINT ( 'NONE',  ( 0.5357172485160165420, 0.02205258410723239665, 0.8478110742782136722 ) ) ;
#3586 = EDGE_CURVE ( 'NONE', #1085, #2337, #46, .T. ) ;
#3587 = EDGE_LOOP ( 'NONE', ( #1790, #4517, #4135 ) ) ;
#3588 = CARTESIAN_POINT ( 'NONE',  ( -1.611097302887932514, 0.08559074299740701552, 0.1691183809390885695 ) ) ;
#3589 = CARTESIAN_POINT ( 'NONE',  ( 1.500100040032032123, 1.355252715606880543E-17, 0.7751000400320319228 ) ) ;
#3590 = CARTESIAN_POINT ( 'NONE',  ( -0.4875092451644900682, 0.005266798912041691788, 0.8143839475721235122 ) ) ;
#3591 = CARTESIAN_POINT ( 'NONE',  ( 0.5355379607184616031, 0.05823471834463999491, 0.8860304907704185107 ) ) ;
#3592 = CARTESIAN_POINT ( 'NONE',  ( 1.375000000000000000, 0.1200000000000000927, 0.8149999999999993916 ) ) ;
#3593 = CARTESIAN_POINT ( 'NONE',  ( -1.000000000000000000, 0.000000000000000000, 0.6876000400320320116 ) ) ;
#3594 = ORIENTED_EDGE ( 'NONE', *, *, #2535, .T. ) ;
#3595 = CARTESIAN_POINT ( 'NONE',  ( 1.607455816845220875, 0.05920693847686205047, 0.8093954168942411043 ) ) ;
#3596 = CARTESIAN_POINT ( 'NONE',  ( -0.1110973028879329444, 0.08559074299740614122, 0.7683816190609112917 ) ) ;
#3597 = DIRECTION ( 'NONE',  ( 6.651547070463221357E-17, -0.000000000000000000, 1.000000000000000000 ) ) ;
#3598 = CARTESIAN_POINT ( 'NONE',  ( -1.038525208273113121, 0.01331992622116215733, 0.7411975520950689900 ) ) ;
#3599 = ADVANCED_FACE ( 'NONE', ( #3803 ), #1296, .F. ) ;
#3600 = DIRECTION ( 'NONE',  ( 0.000000000000000000, 0.000000000000000000, 1.000000000000000000 ) ) ;
#3601 = CARTESIAN_POINT ( 'NONE',  ( -0.9525170033463536967, 0.04345662036820454460, -0.7837088159003952059 ) ) ;
#3602 = AXIS2_PLACEMENT_3D ( 'NONE', #4179, #178, #1976 ) ;
#3603 = SURFACE_STYLE_USAGE ( .BOTH. , #306 ) ;
#3604 = CARTESIAN_POINT ( 'NONE',  ( -0.6250000000000000000, 0.1200000000000000927, 0.8149999999999993916 ) ) ;
#3605 = CARTESIAN_POINT ( 'NONE',  ( -0.9293304115605685034, 0.05540140092754015921, 0.7849882270994202882 ) ) ;
#3606 = COLOUR_RGB ( '',0.7921568627450980005, 0.8196078431372548767, 0.9333333333333333481 ) ;
#3607 = DIRECTION ( 'NONE',  ( -1.000000000000000000, 0.000000000000000000, 0.000000000000000000 ) ) ;
#3608 = CARTESIAN_POINT ( 'NONE',  ( -1.493176463683682398, -4.288104295474893926E-18, -0.2288532116146805850 ) ) ;
#3609 =( NAMED_UNIT ( * ) SI_UNIT ( $, .STERADIAN. ) SOLID_ANGLE_UNIT ( ) );
#3610 = CARTESIAN_POINT ( 'NONE',  ( 0.5099168272161794802, 1.608172878447016234E-17, 0.7888164107658030000 ) ) ;
#3611 = CARTESIAN_POINT ( 'NONE',  ( -0.1243263205992824888, 0.1031714939717093410, -0.7490508297416768047 ) ) ;
#3612 = AXIS2_PLACEMENT_3D ( 'NONE', #613, #1616, #3075 ) ;
#3613 = ORIENTED_EDGE ( 'NONE', *, *, #3029, .F. ) ;
#3614 = PLANE ( 'NONE',  #1537 ) ;
#3615 = CARTESIAN_POINT ( 'NONE',  ( 0.9685610274166639444, 0.04590871196975498947, 0.7857011765805179682 ) ) ;
#3616 = CARTESIAN_POINT ( 'NONE',  ( 0.5396160658646129704, 0.08997805252518523145, 0.8987981602443061435 ) ) ;
#3617 = CARTESIAN_POINT ( 'NONE',  ( -1.535717248516016653, 0.02205258410723274359, -0.1771889257217854063 ) ) ;
#3618 = CARTESIAN_POINT ( 'NONE',  ( -1.531438972583335945, 0.04590871196975503804, -0.8732011765805183234 ) ) ;
#3619 = ORIENTED_EDGE ( 'NONE', *, *, #1368, .T. ) ;
#3620 = CARTESIAN_POINT ( 'NONE',  ( -1.039999999999999369, 0.1200000000000000927, -0.8125000000000000000 ) ) ;
#3621 = CARTESIAN_POINT ( 'NONE',  ( -0.9163384083844752226, 0.03193953058453551097, -0.7142941500419311973 ) ) ;
#3622 = ADVANCED_FACE ( 'NONE', ( #3903 ), #159, .F. ) ;
#3623 = CARTESIAN_POINT ( 'NONE',  ( -1.063679501853391995, 0.04223057456743002647, 0.7756225028373815444 ) ) ;
#3624 = CARTESIAN_POINT ( 'NONE',  ( -1.097488227099419955, 0.05540140092753938206, -0.7581695884394333840 ) ) ;
#3625 = CARTESIAN_POINT ( 'NONE',  ( -0.9924396552661469695, -1.257226084456080218E-17, -0.7028595118331003588 ) ) ;
#3626 = ORIENTED_EDGE ( 'NONE', *, *, #3905, .F. ) ;
#3627 = ADVANCED_FACE ( 'NONE', ( #1250 ), #2758, .T. ) ;
#3628 = CARTESIAN_POINT ( 'NONE',  ( -1.552538204265626831, 0.05666991344398050051, 0.8809832623201202528 ) ) ;
#3629 = CARTESIAN_POINT ( 'NONE',  ( -0.5474829966536453041, 0.04345662036820486379, 0.8712088159003964494 ) ) ;
#3630 = CARTESIAN_POINT ( 'NONE',  ( 0.9599999999999999645, 0.1200000000000000927, -0.8125000000000000000 ) ) ;
#3631 = CARTESIAN_POINT ( 'NONE',  ( -1.615839286806833863, 0.1200000000000000927, -0.8593688659948788278 ) ) ;
#3632 = CARTESIAN_POINT ( 'NONE',  ( 1.460000000000000631, 0.1200000000000000927, 0.9000000000000000222 ) ) ;
#3633 = CARTESIAN_POINT ( 'NONE',  ( -1.487509245164080562, 0.005266798912444786013, -0.2106160524266479650 ) ) ;
#3634 = CARTESIAN_POINT ( 'NONE',  ( -0.9897133311351632434, 0.003191557600172719930, -0.7194875290031306214 ) ) ;
#3635 = CARTESIAN_POINT ( 'NONE',  ( 0.02645047458824497863, 0.03105724883117651214, 0.7701163428418672519 ) ) ;
#3636 = CARTESIAN_POINT ( 'NONE',  ( -1.562315450730060729, 0.1200000000000000927, 0.1249999999999998890 ) ) ;
#3637 = CARTESIAN_POINT ( 'NONE',  ( -0.4802705837369635744, 0.01509841972869552587, -0.8365464251265770645 ) ) ;
#3638 = LINE ( 'NONE', #781, #4506 ) ;
#3639 = CARTESIAN_POINT ( 'NONE',  ( -1.500100040032032123, -1.355252715606880543E-17, -0.7751000400320319228 ) ) ;
#3640 = EDGE_LOOP ( 'NONE', ( #4090, #3926, #1293 ) ) ;
#3641 = FACE_OUTER_BOUND ( 'NONE', #4603, .T. ) ;
#3642 = CARTESIAN_POINT ( 'NONE',  ( -0.08088161906090875208, 0.08559074299740665470, 0.7985973028879357338 ) ) ;
#3643 = CARTESIAN_POINT ( 'NONE',  ( -0.8841607131931659147, 0.1200000000000001066, 0.7718688659948789166 ) ) ;
#3644 = B_SPLINE_CURVE_WITH_KNOTS ( 'NONE', 3,
 ( #4366, #3335, #1097, #1826, #3301, #1849 ),
 .UNSPECIFIED., .F., .F.,
 ( 4, 2, 4 ),
 ( 0.000000000000000000, 0.5000000000000000000, 1.000000000000000000 ),
 .UNSPECIFIED. ) ;
#3645 = CARTESIAN_POINT ( 'NONE',  ( 0.02900200501773566100, 0.01391275739033962650, -0.7467826195731538386 ) ) ;
#3646 = CARTESIAN_POINT ( 'NONE',  ( -1.111097302887933402, 0.08559074299740744574, -0.7683816190609067398 ) ) ;
#3647 = DIRECTION ( 'NONE',  ( 0.000000000000000000, 0.000000000000000000, 1.000000000000000000 ) ) ;
#3648 = ORIENTED_EDGE ( 'NONE', *, *, #3758, .T. ) ;
#3649 = DIRECTION ( 'NONE',  ( 0.000000000000000000, -1.000000000000000000, 0.000000000000000000 ) ) ;
#3650 = CARTESIAN_POINT ( 'NONE',  ( -0.4998999599679680994, -1.355252715606880543E-17, -0.7751000400320321448 ) ) ;
#3651 = ADVANCED_FACE ( 'NONE', ( #1274 ), #3430, .F. ) ;
#3652 = CARTESIAN_POINT ( 'NONE',  ( 0.5197294162630367031, 0.01509841972869555016, 0.8365464251265770645 ) ) ;
#3653 = CARTESIAN_POINT ( 'NONE',  ( -0.04000000000000010492, 0.1200000000000001205, -0.8125000000000000000 ) ) ;
#3654 = CARTESIAN_POINT ( 'NONE',  ( 0.3749999999999998890, 0.1200000000000000927, -0.8149999999999995026 ) ) ;
#3655 = CARTESIAN_POINT ( 'NONE',  ( -1.415631134005121083, 0.1200000000000001066, -0.8908392868068341075 ) ) ;
#3656 = CARTESIAN_POINT ( 'NONE',  ( -1.538525208273113565, 0.01331992622116315306, -0.1963024479049317039 ) ) ;
#3657 = CARTESIAN_POINT ( 'NONE',  ( -1.509916827216179147, -1.110046455730806077E-17, -0.7888164107658032220 ) ) ;
#3658 = CARTESIAN_POINT ( 'NONE',  ( 1.625000000000000222, 0.1200000000000000927, 0.8149999999999993916 ) ) ;
#3659 = VERTEX_POINT ( 'NONE', #1986 ) ;
#3660 = CARTESIAN_POINT ( 'NONE',  ( -0.4376845492699389939, 0.1200000000000001343, 0.9000000000000000222 ) ) ;
#3661 = CARTESIAN_POINT ( 'NONE',  ( 1.000000000000000000, 0.000000000000000000, 0.6876000400320320116 ) ) ;
#3662 = CARTESIAN_POINT ( 'NONE',  ( 0.08347832989682947569, 0.1027437099221055611, -0.8024942215026190651 ) ) ;
#3663 = CARTESIAN_POINT ( 'NONE',  ( 0.5728110742782140941, 0.02205258410723325707, -0.8107172485160168973 ) ) ;
#3664 = ORIENTED_EDGE ( 'NONE', *, *, #2373, .F. ) ;
#3665 = CARTESIAN_POINT ( 'NONE',  ( -0.8841607131931659147, 0.1200000000000001343, -0.7718688659948788056 ) ) ;
#3666 = EDGE_CURVE ( 'NONE', #217, #2350, #2840, .T. ) ;
#3667 = AXIS2_PLACEMENT_3D ( 'NONE', #2359, #4205, #3142 ) ;
#3668 = CARTESIAN_POINT ( 'NONE',  ( -0.005206901743354253043, -2.416844583758586929E-17, -0.7035861919935407771 ) ) ;
#3669 = CARTESIAN_POINT ( 'NONE',  ( -1.460000000000000187, 0.1200000000000001205, 0.1249999999999998890 ) ) ;
#3670 = PRESENTATION_LAYER_ASSIGNMENT (  '', '', ( #1076 ) ) ;
#3671 = ADVANCED_FACE ( 'NONE', ( #4238 ), #979, .T. ) ;
#3672 = FILL_AREA_STYLE ('',( #3717 ) ) ;
#3673 = CARTESIAN_POINT ( 'NONE',  ( -0.04220212464538754260, -1.119965785814020912E-17, -0.7010497760533380696 ) ) ;
#3674 = COLOUR_RGB ( '',0.7921568627450980005, 0.8196078431372548767, 0.9333333333333333481 ) ;
#3675 = CARTESIAN_POINT ( 'NONE',  ( -1.499899959967968099, 0.000000000000000000, -0.2498999599679679051 ) ) ;
#3676 = CARTESIAN_POINT ( 'NONE',  ( -0.5399999999999994804, 0.1200000000000000927, 0.9000000000000000222 ) ) ;
#3677 = CARTESIAN_POINT ( 'NONE',  ( -1.392544183154779569, 0.05920693847686206435, -0.8093954168942415484 ) ) ;
#3678 = CARTESIAN_POINT ( 'NONE',  ( 1.539999999999999369, 0.1200000000000001205, 0.9000000000000000222 ) ) ;
#3679 = VECTOR ( 'NONE', #793, 1000.000000000000000 ) ;
#3680 = VECTOR ( 'NONE', #4549, 1000.000000000000000 ) ;
#3681 = CARTESIAN_POINT ( 'NONE',  ( -1.505206901743353809, -1.061591868151710393E-17, -0.7910861919935404662 ) ) ;
#3682 = DIRECTION ( 'NONE',  ( 6.651547070463221357E-17, 0.000000000000000000, 1.000000000000000000 ) ) ;
#3683 = ORIENTED_EDGE ( 'NONE', *, *, #430, .T. ) ;
#3684 = CARTESIAN_POINT ( 'NONE',  ( -0.07520398424043397978, 0.02381372425704562229, 0.7115923965397540352 ) ) ;
#3685 =( GEOMETRIC_REPRESENTATION_CONTEXT ( 3 ) GLOBAL_UNCERTAINTY_ASSIGNED_CONTEXT ( ( #743 ) ) GLOBAL_UNIT_ASSIGNED_CONTEXT ( ( #3956, #2892, #4294 ) ) REPRESENTATION_CONTEXT ( 'NONE', 'WORKASPACE' ) );
#3686 = CARTESIAN_POINT ( 'NONE',  ( 0.1243263205992823778, 0.1031714939717076479, -0.7490508297416788031 ) ) ;
#3687 =( NAMED_UNIT ( * ) SI_UNIT ( $, .STERADIAN. ) SOLID_ANGLE_UNIT ( ) );
#3688 = CARTESIAN_POINT ( 'NONE',  ( 0.5598734653053862864, 0.08648253317408530205, -0.8950645588775879569 ) ) ;
#3689 = CARTESIAN_POINT ( 'NONE',  ( -0.03869257554602355265, 0.08960415999668461251, 0.8085396916970156722 ) ) ;
#3690 = CARTESIAN_POINT ( 'NONE',  ( 1.460000000000000631, 0.1200000000000000927, 0.9000000000000000222 ) ) ;
#3691 = SURFACE_STYLE_USAGE ( .BOTH. , #3221 ) ;
#3692 = ORIENTED_EDGE ( 'NONE', *, *, #47, .T. ) ;
#3693 = CARTESIAN_POINT ( 'NONE',  ( -1.562315450730061617, 0.1200000000000001205, -0.9000000000000000222 ) ) ;
#3694 = CARTESIAN_POINT ( 'NONE',  ( -1.550000000000000266, 0.6380000000000000115, -0.7750000000000000222 ) ) ;
#3695 = CARTESIAN_POINT ( 'NONE',  ( -0.1005255562497415073, 0.05045777769034984900, -0.7196616207393525810 ) ) ;
#3696 = CARTESIAN_POINT ( 'NONE',  ( -0.01498204573924374547, 0.002887014083468202649, -0.7180493522472940482 ) ) ;
#3697 = B_SPLINE_CURVE_WITH_KNOTS ( 'NONE', 3,
 ( #3263, #2491, #2168, #2073, #3213, #1733 ),
 .UNSPECIFIED., .F., .F.,
 ( 4, 2, 4 ),
 ( 0.000000000000000000, 0.5000000000000000000, 1.000000000000000000 ),
 .UNSPECIFIED. ) ;
#3698 = CARTESIAN_POINT ( 'NONE',  ( 0.000000000000000000, 0.000000000000000000, -0.6876000400320320116 ) ) ;
#3699 = CARTESIAN_POINT ( 'NONE',  ( -0.5400000000000000355, 0.000000000000000000, 0.8149999999999999467 ) ) ;
#3700 = CARTESIAN_POINT ( 'NONE',  ( -0.4788532116160629792, -3.388131789017224853E-18, -0.7818235363158764217 ) ) ;
#3701 = CARTESIAN_POINT ( 'NONE',  ( 1.583478329896831349, 0.1027437099221057276, 0.8899942215026174219 ) ) ;
#3702 = CARTESIAN_POINT ( 'NONE',  ( -0.6250000000000000000, 0.1200000000000000927, 0.8149999999999993916 ) ) ;
#3703 = CARTESIAN_POINT ( 'NONE',  ( -1.516086191993541554, -1.257365766455151715E-17, -0.7802069017433541642 ) ) ;
#3704 = VERTEX_POINT ( 'NONE', #3059 ) ;
#3705 = CARTESIAN_POINT ( 'NONE',  ( 0.4709979949822651890, 0.01391275739033975140, -0.8342826195731541938 ) ) ;
#3706 = EDGE_CURVE ( 'NONE', #3191, #2621, #4509, .T. ) ;
#3707 = CARTESIAN_POINT ( 'NONE',  ( -0.4401265346946154344, 0.08648253317408537144, 0.8950645588775860695 ) ) ;
#3708 = CARTESIAN_POINT ( 'NONE',  ( 0.9407173804268462725, 0.01391275739034083560, -0.7165020050177358657 ) ) ;
#3709 = CARTESIAN_POINT ( 'NONE',  ( 0.09620881590039637166, 0.04345662036820517604, -0.7349829966536457482 ) ) ;
#3710 = CARTESIAN_POINT ( 'NONE',  ( -1.019729416263037258, 0.01509841972869553281, -0.7490464251265770423 ) ) ;
#3711 = CARTESIAN_POINT ( 'NONE',  ( 0.5102866688648363125, 0.003191557600172719930, -0.8069875290031306436 ) ) ;
#3712 = CARTESIAN_POINT ( 'NONE',  ( -1.028389937936464493, 0.03673881755909934321, 0.7761568478738398724 ) ) ;
#3713 = CARTESIAN_POINT ( 'NONE',  ( 1.464366003313579911, 0.06768328392709037356, 0.8864704143117947410 ) ) ;
#3714 = CARTESIAN_POINT ( 'NONE',  ( -1.388965563892752719, 0.05823850890165527955, 0.2144619693694026774 ) ) ;
#3715 = VERTEX_POINT ( 'NONE', #3395 ) ;
#3716 = FACE_OUTER_BOUND ( 'NONE', #2068, .T. ) ;
#3717 = FILL_AREA_STYLE_COLOUR ( '', #3674 ) ;
#3718 = CARTESIAN_POINT ( 'NONE',  ( -1.452517003346354585, 0.04345662036820518298, 0.8712088159003964494 ) ) ;
#3719 = CARTESIAN_POINT ( 'NONE',  ( 1.080881619060908516, 0.08559074299740665470, -0.7985973028879357338 ) ) ;
#3720 = CARTESIAN_POINT ( 'NONE',  ( -0.06619493888185365438, 0.02117201403232502055, -0.7350999711843843043 ) ) ;
#3721 = CARTESIAN_POINT ( 'NONE',  ( 1.062315450730061173, 0.1200000000000001205, 0.8125000000000000000 ) ) ;
#3722 = CARTESIAN_POINT ( 'NONE',  ( -1.480270583736963408, 0.01509841972869555189, -0.1884535748734227634 ) ) ;
#3723 = PLANE ( 'NONE',  #711 ) ;
#3724 = CARTESIAN_POINT ( 'NONE',  ( -1.460204269097417296, 0.1040270620709143057, -0.8993605707346430389 ) ) ;
#3725 = CARTESIAN_POINT ( 'NONE',  ( 1.534395416894240860, 0.05920693847686205741, 0.8824558168452206752 ) ) ;
#3726 = CARTESIAN_POINT ( 'NONE',  ( -1.539999999999999813, 0.1200000000000000927, 0.1249999999999998612 ) ) ;
#3727 = ORIENTED_EDGE ( 'NONE', *, *, #2663, .F. ) ;
#3728 = CARTESIAN_POINT ( 'NONE',  ( -0.01608619199354086732, -1.061591868151710238E-17, 0.6927069017433538090 ) ) ;
#3729 = CARTESIAN_POINT ( 'NONE',  ( 0.8794644860777166562, 0.08826611352744170857, -0.7260737960538642399 ) ) ;
#3730 = EDGE_CURVE ( 'NONE', #372, #3280, #221, .T. ) ;
#3731 = DIRECTION ( 'NONE',  ( 3.584139413175220764E-16, 0.000000000000000000, -1.000000000000000000 ) ) ;
#3732 = CARTESIAN_POINT ( 'NONE',  ( 0.02409239653975358761, 0.02381372425704560147, -0.7627039842404336190 ) ) ;
#3733 = FILL_AREA_STYLE_COLOUR ( '', #3058 ) ;
#3734 = CARTESIAN_POINT ( 'NONE',  ( 0.5661949388818523499, 0.02117201403232679344, -0.8225999711843832163 ) ) ;
#3735 = CARTESIAN_POINT ( 'NONE',  ( -1.029651048564388161, 0.04083945520454536349, 0.7801165671034485660 ) ) ;
#3736 = DIRECTION ( 'NONE',  ( 0.000000000000000000, 0.000000000000000000, -1.000000000000000000 ) ) ;
#3737 = ADVANCED_FACE ( 'NONE', ( #123 ), #2303, .F. ) ;
#3738 = ORIENTED_EDGE ( 'NONE', *, *, #1456, .T. ) ;
#3739 = CARTESIAN_POINT ( 'NONE',  ( -1.475907603460245854, 0.02381372425704563270, 0.1747960157595661868 ) ) ;
#3740 = DIRECTION ( 'NONE',  ( 6.651547070463221357E-17, 0.000000000000000000, 1.000000000000000000 ) ) ;
#3741 = CARTESIAN_POINT ( 'NONE',  ( 1.098201176580517968, 0.04590871196975502416, -0.7189389725833359446 ) ) ;
#3742 = CARTESIAN_POINT ( 'NONE',  ( -0.05369755209506856669, 0.01331992622116300734, -0.7260252082731136758 ) ) ;
#3743 = CARTESIAN_POINT ( 'NONE',  ( 0.5000000000000000000, 0.000000000000000000, 0.7751000400320319228 ) ) ;
#3744 = CARTESIAN_POINT ( 'NONE',  ( -1.489713331135163576, 0.003191557600172719930, -0.8069875290031306436 ) ) ;
#3745 = CARTESIAN_POINT ( 'NONE',  ( -0.5000000000000000000, 0.000000000000000000, 0.7751000400320319228 ) ) ;
#3746 = CARTESIAN_POINT ( 'NONE',  ( -1.550000000000000266, 0.5879999999999999671, -0.7750000000000000222 ) ) ;
#3747 = VERTEX_POINT ( 'NONE', #522 ) ;
#3748 = CARTESIAN_POINT ( 'NONE',  ( 0.4293304115605682814, 0.05540140092754039514, -0.8724882270994180899 ) ) ;
#3749 = CARTESIAN_POINT ( 'NONE',  ( -0.5398080678883807604, 0.1049917596726716446, 0.8993991895461304065 ) ) ;
#3750 = VECTOR ( 'NONE', #3309, 1000.000000000000000 ) ;
#3751 = CARTESIAN_POINT ( 'NONE',  ( 0.9401265346946148238, 0.08648253317408469143, -0.8075645588775860473 ) ) ;
#3752 = CARTESIAN_POINT ( 'NONE',  ( 0.0001000400320319994735, 0.000000000000000000, 0.7274999999999993694 ) ) ;
#3753 = CARTESIAN_POINT ( 'NONE',  ( 0.5399999999999993694, 0.1200000000000001205, 0.9000000000000000222 ) ) ;
#3754 = FACE_OUTER_BOUND ( 'NONE', #3265, .T. ) ;
#3755 = CARTESIAN_POINT ( 'NONE',  ( -1.000100040032032345, -2.710505431213761085E-17, -0.6876000400320320116 ) ) ;
#3756 = CARTESIAN_POINT ( 'NONE',  ( 0.5615464251265769313, 0.01509841972869554322, -0.7947294162630369474 ) ) ;
#3757 = EDGE_LOOP ( 'NONE', ( #2944, #1861, #928, #1995 ) ) ;
#3758 = EDGE_CURVE ( 'NONE', #4476, #3715, #2712, .T. ) ;
#3759 = FACE_OUTER_BOUND ( 'NONE', #49, .T. ) ;
#3760 = CARTESIAN_POINT ( 'NONE',  ( 1.460000000000000631, 0.1200000000000000927, 0.9000000000000000222 ) ) ;
#3761 = ORIENTED_EDGE ( 'NONE', *, *, #3567, .T. ) ;
#3762 = EDGE_CURVE ( 'NONE', #1923, #3898, #1655, .T. ) ;
#3763 = CARTESIAN_POINT ( 'NONE',  ( 1.625000000000000000, 0.1200000000000001205, -0.8373154507300616389 ) ) ;
#3764 = CARTESIAN_POINT ( 'NONE',  ( -1.375000000000000222, 0.1200000000000000927, 0.2100000000000000200 ) ) ;
#3765 = FILL_AREA_STYLE_COLOUR ( '', #2926 ) ;
#3766 = CARTESIAN_POINT ( 'NONE',  ( -1.465604583105758696, 0.05920693847686206435, -0.1425441831547791249 ) ) ;
#3767 = CARTESIAN_POINT ( 'NONE',  ( -0.6074558168452208751, 0.05920693847686203659, 0.8093954168942409932 ) ) ;
#3768 = CARTESIAN_POINT ( 'NONE',  ( 0.02493721253411312552, 0.02716957574860357633, 0.7654678049759656711 ) ) ;
#3769 = ORIENTED_EDGE ( 'NONE', *, *, #1884, .T. ) ;
#3770 = CARTESIAN_POINT ( 'NONE',  ( 1.468561027416663833, 0.04590871196975504498, -0.8732011765805181014 ) ) ;
#3771 = CARTESIAN_POINT ( 'NONE',  ( -0.4802616141500515856, 0.002734742325116042237, 0.8025300482400359314 ) ) ;
#3772 = CARTESIAN_POINT ( 'NONE',  ( 0.8940167376798803245, 0.05666991344397989683, -0.7400382042656256099 ) ) ;
#3773 = CARTESIAN_POINT ( 'NONE',  ( 0.1074558168452208057, 0.05920693847686204353, 0.7218954168942409710 ) ) ;
#3774 = CARTESIAN_POINT ( 'NONE',  ( -0.6250000000000001110, 0.1200000000000000927, -0.8373154507300610838 ) ) ;
#3775 = CARTESIAN_POINT ( 'NONE',  ( 0.06619493888185182251, 0.02117201403232571444, 0.7350999711843836382 ) ) ;
#3776 = CARTESIAN_POINT ( 'NONE',  ( 1.084368865994878695, 0.1200000000000001066, 0.8033392868068343073 ) ) ;
#3777 = CARTESIAN_POINT ( 'NONE',  ( 1.597488227099419733, 0.05540140092754049922, -0.8456695884394300755 ) ) ;
#3778 = CARTESIAN_POINT ( 'NONE',  ( 0.4839138080064591674, 2.597195021034514269E-18, 0.7802069017433539422 ) ) ;
#3779 = CARTESIAN_POINT ( 'NONE',  ( -1.539999999999999813, 0.1200000000000000927, -0.1249999999999998612 ) ) ;
#3780 = ORIENTED_EDGE ( 'NONE', *, *, #3411, .T. ) ;
#3781 = CARTESIAN_POINT ( 'NONE',  ( 1.512490754835509765, 0.005266798912041688319, 0.8143839475721234011 ) ) ;
#3782 = CARTESIAN_POINT ( 'NONE',  ( 1.072811074278213317, 0.02205258410723234808, -0.7232172485160182074 ) ) ;
#3783 = EDGE_CURVE ( 'NONE', #3898, #1887, #2547, .T. ) ;
#3784 = CARTESIAN_POINT ( 'NONE',  ( 0.6205355139222831218, 0.08826611352744169470, 0.8135737960538641511 ) ) ;
#3785 = CARTESIAN_POINT ( 'NONE',  ( -1.499899959967968321, -1.355252715606880543E-17, -0.7751000400320319228 ) ) ;
#3786 = CARTESIAN_POINT ( 'NONE',  ( 0.4897133311351634655, 0.003191557600172724701, 0.8069875290031306436 ) ) ;
#3787 = EDGE_LOOP ( 'NONE', ( #1485, #1172, #2017 ) ) ;
#3788 = CARTESIAN_POINT ( 'NONE',  ( 1.379464486077716767, 0.08826611352744172245, -0.8135737960538642621 ) ) ;
#3789 = CARTESIAN_POINT ( 'NONE',  ( -0.4271889257217854063, 0.02205258410723293441, 0.8107172485160168973 ) ) ;
#3790 = CARTESIAN_POINT ( 'NONE',  ( 0.9191183809390917059, 0.08559074299740682124, -0.7985973028879318480 ) ) ;
#3791 = CARTESIAN_POINT ( 'NONE',  ( -1.461474791726887323, 0.01331992622116218335, 0.8286975520950694563 ) ) ;
#3792 = CARTESIAN_POINT ( 'NONE',  ( -1.550000000000000266, 0.5879999999999999671, -0.8750000000000001110 ) ) ;
#3793 = DIRECTION ( 'NONE',  ( 0.000000000000000000, -1.000000000000000000, 0.000000000000000000 ) ) ;
#3794 = CARTESIAN_POINT ( 'NONE',  ( -0.6074558168452208751, 0.05920693847686205047, -0.8093954168942409932 ) ) ;
#3795 = EDGE_LOOP ( 'NONE', ( #279, #445, #3989 ) ) ;
#3796 = CARTESIAN_POINT ( 'NONE',  ( 0.06155082974167906673, 0.1031714939717081198, 0.8118263205992825027 ) ) ;
#3797 = FACE_OUTER_BOUND ( 'NONE', #1686, .T. ) ;
#3798 = CARTESIAN_POINT ( 'NONE',  ( 1.494793098256646191, 9.788694915172482134E-19, 0.7910861919935406883 ) ) ;
#3799 = CARTESIAN_POINT ( 'NONE',  ( 1.096208815900395761, 0.04345662036820475971, 0.7349829966536471915 ) ) ;
#3800 = ORIENTED_EDGE ( 'NONE', *, *, #3472, .F. ) ;
#3801 = CARTESIAN_POINT ( 'NONE',  ( -1.039999999999999369, 0.1200000000000000927, 0.8125000000000000000 ) ) ;
#3802 = CARTESIAN_POINT ( 'NONE',  ( 1.500000000000000000, 0.000000000000000000, 0.7751000400320319228 ) ) ;
#3803 = FACE_OUTER_BOUND ( 'NONE', #2775, .T. ) ;
#3804 = CARTESIAN_POINT ( 'NONE',  ( -0.4293304115605677818, 0.05540140092754007595, -0.8724882270994174238 ) ) ;
#3805 = CYLINDRICAL_SURFACE ( 'NONE', #2920, 0.1250000000000000000 ) ;
#3806 = DIRECTION ( 'NONE',  ( 0.000000000000000000, 0.000000000000000000, -1.000000000000000000 ) ) ;
#3807 = CARTESIAN_POINT ( 'NONE',  ( -1.438449170258319976, 0.1031714939717068152, -0.1256736794007175251 ) ) ;
#3808 = EDGE_CURVE ( 'NONE', #2139, #342, #4106, .T. ) ;
#3809 = DIRECTION ( 'NONE',  ( 0.000000000000000000, 0.000000000000000000, 1.000000000000000000 ) ) ;
#3810 = CARTESIAN_POINT ( 'NONE',  ( 1.009916827216179369, -1.208073086881603474E-17, -0.7013164107658029778 ) ) ;
#3811 = CARTESIAN_POINT ( 'NONE',  ( 0.1249999999999998890, 0.1200000000000000927, -0.7274999999999992584 ) ) ;
#3812 = CARTESIAN_POINT ( 'NONE',  ( 0.3749999999999998890, 0.1200000000000000927, -0.8149999999999995026 ) ) ;
#3813 = CARTESIAN_POINT ( 'NONE',  ( -1.031438972583335945, 0.04590871196975502416, -0.7857011765805180792 ) ) ;
#3814 = VERTEX_POINT ( 'NONE', #832 ) ;
#3815 = CARTESIAN_POINT ( 'NONE',  ( 1.384160713193165693, 0.1200000000000001066, -0.8593688659948789388 ) ) ;
#3816 = CARTESIAN_POINT ( 'NONE',  ( 0.8756394292653568723, 0.1040270620709143057, 0.7272957309025823713 ) ) ;
#3817 = CARTESIAN_POINT ( 'NONE',  ( -0.9875092451648201930, 0.005266798911717069515, 0.7268839475711338372 ) ) ;
#3818 = COLOUR_RGB ( '',0.7921568627450980005, 0.8196078431372548767, 0.9333333333333333481 ) ;
#3819 = B_SPLINE_CURVE_WITH_KNOTS ( 'NONE', 3,
 ( #2622, #3749, #1099, #787, #3393, #2251, #2554, #2597, #76, #407, #4009, #1852 ),
 .UNSPECIFIED., .F., .F.,
 ( 4, 2, 2, 2, 2, 4 ),
 ( 0.000000000000000000, 0.2500000000000001665, 0.3750000000000000000, 0.4375000000000000000, 0.5000000000000000000, 1.000000000000000000 ),
 .UNSPECIFIED. ) ;
#3820 = CARTESIAN_POINT ( 'NONE',  ( -1.524092396539754146, 0.02381372425704565005, -0.8502039842404336412 ) ) ;
#3821 = CARTESIAN_POINT ( 'NONE',  ( -0.1250000000000001110, 0.1200000000000000927, 0.7274999999999993694 ) ) ;
#3822 = CARTESIAN_POINT ( 'NONE',  ( -0.5706695884394317186, 0.05540140092754039514, -0.8724882270994180899 ) ) ;
#3823 = EDGE_LOOP ( 'NONE', ( #2285, #3167, #4317 ) ) ;
#3824 = CARTESIAN_POINT ( 'NONE',  ( 0.03198752900313071856, 0.003191557600172715593, 0.6977866688648366456 ) ) ;
#3825 = CARTESIAN_POINT ( 'NONE',  ( -1.550000000000000266, 0.6380000000000000115, -0.6749999999999998224 ) ) ;
#3826 = CARTESIAN_POINT ( 'NONE',  ( 1.026450474588245010, 0.03105724883117651908, 0.7701163428418672519 ) ) ;
#3827 = STYLED_ITEM ( 'NONE', ( #2398 ), #2580 ) ;
#3828 = AXIS2_PLACEMENT_3D ( 'NONE', #4645, #355, #2477 ) ;
#3829 = VECTOR ( 'NONE', #4022, 1000.000000000000000 ) ;
#3830 = DIRECTION ( 'NONE',  ( 0.000000000000000000, -0.000000000000000000, -1.000000000000000000 ) ) ;
#3831 = VERTEX_POINT ( 'NONE', #1998 ) ;
#3832 = CARTESIAN_POINT ( 'NONE',  ( -1.500000000000000000, 0.000000000000000000, 0.2498999599679679051 ) ) ;
#3833 = FACE_OUTER_BOUND ( 'NONE', #604, .T. ) ;
#3834 = CARTESIAN_POINT ( 'NONE',  ( -0.4463024479049312876, 0.01331992622116235335, -0.8135252082731121437 ) ) ;
#3835 = DIRECTION ( 'NONE',  ( 6.651547070463221357E-17, 0.000000000000000000, 1.000000000000000000 ) ) ;
#3836 = CARTESIAN_POINT ( 'NONE',  ( -1.411877497162618456, 0.04223057456743115751, -0.8386795018533926838 ) ) ;
#3837 = CARTESIAN_POINT ( 'NONE',  ( 0.9802705837369627417, 0.01509841972869553281, -0.7490464251265770423 ) ) ;
#3838 = CARTESIAN_POINT ( 'NONE',  ( 0.4642827514839822367, 0.02205258410723269155, 0.8478110742782141163 ) ) ;
#3839 = CARTESIAN_POINT ( 'NONE',  ( 0.5525382042656258319, 0.05666991344398052827, 0.8809832623201201418 ) ) ;
#3840 = CARTESIAN_POINT ( 'NONE',  ( 1.125000000000000000, 0.1200000000000000927, -0.7274999999999992584 ) ) ;
#3841 = ORIENTED_EDGE ( 'NONE', *, *, #2089, .T. ) ;
#3842 = CARTESIAN_POINT ( 'NONE',  ( 1.402511772900582043, 0.05540140092754021472, -0.8456695884394291873 ) ) ;
#3843 = CARTESIAN_POINT ( 'NONE',  ( -0.4897133311351633544, 0.003191557600172743349, 0.8069875290031306436 ) ) ;
#3844 = CARTESIAN_POINT ( 'NONE',  ( -1.562315450730061617, 0.1200000000000001205, -0.9000000000000000222 ) ) ;
#3845 = CARTESIAN_POINT ( 'NONE',  ( -0.5001000400320322337, 1.355252715606880543E-17, -0.7751000400320320338 ) ) ;
#3846 = ORIENTED_EDGE ( 'NONE', *, *, #1276, .T. ) ;
#3847 = CARTESIAN_POINT ( 'NONE',  ( -1.388969509230513433, 0.05823471834374469719, -0.8105379607184456381 ) ) ;
#3848 = CARTESIAN_POINT ( 'NONE',  ( 1.000000000000000000, 0.000000000000000000, -0.6876000400320320116 ) ) ;
#3849 = CARTESIAN_POINT ( 'NONE',  ( 0.9680124709968691565, 0.003191557600172722099, 0.6977866688648366456 ) ) ;
#3850 = CARTESIAN_POINT ( 'NONE',  ( 1.524092396539753924, 0.02381372425704560147, -0.8502039842404334191 ) ) ;
#3851 = CARTESIAN_POINT ( 'NONE',  ( -0.6114704143120256452, 0.06768328392753937550, -0.8106339966864268831 ) ) ;
#3852 = CARTESIAN_POINT ( 'NONE',  ( 1.124360570734643128, 0.1040270620709143057, 0.7272957309025823713 ) ) ;
#3853 = VERTEX_POINT ( 'NONE', #2669 ) ;
#3854 = CARTESIAN_POINT ( 'NONE',  ( -0.6149942215026178438, 0.1027437099221057554, 0.8584783298968309273 ) ) ;
#3855 = CARTESIAN_POINT ( 'NONE',  ( 1.375000000000000000, 0.1200000000000000927, -0.8149999999999995026 ) ) ;
#3856 = CARTESIAN_POINT ( 'NONE',  ( -0.9850179542607575556, 0.002887014083468370049, 0.7180493522472947143 ) ) ;
#3857 = CARTESIAN_POINT ( 'NONE',  ( -1.550000000000000266, 0.5879999999999999671, -0.6749999999999998224 ) ) ;
#3858 = CARTESIAN_POINT ( 'NONE',  ( 0.5836615916155435402, 0.03193953058455349658, -0.8017941500419314416 ) ) ;
#3859 = DIRECTION ( 'NONE',  ( -0.000000000000000000, -0.000000000000000000, -1.000000000000000000 ) ) ;
#3860 = B_SPLINE_CURVE_WITH_KNOTS ( 'NONE', 3,
 ( #2056, #261, #283, #4644, #2476, #2152 ),
 .UNSPECIFIED., .F., .F.,
 ( 4, 2, 4 ),
 ( 0.000000000000000000, 0.5000000000000000000, 1.000000000000000000 ),
 .UNSPECIFIED. ) ;
#3861 = DIRECTION ( 'NONE',  ( 0.000000000000000000, -0.000000000000000000, -1.000000000000000000 ) ) ;
#3862 = EDGE_LOOP ( 'NONE', ( #2037, #3547 ) ) ;
#3863 = CARTESIAN_POINT ( 'NONE',  ( 1.403791184099604017, 0.04345662036820484297, -0.8224829966536453263 ) ) ;
#3864 = CARTESIAN_POINT ( 'NONE',  ( 0.9384491702583220851, 0.1031714939717088275, 0.8118263205992825027 ) ) ;
#3865 = CARTESIAN_POINT ( 'NONE',  ( -1.624360570734643128, 0.1040270620709143057, -0.2102042690974169625 ) ) ;
#3866 = EDGE_CURVE ( 'NONE', #176, #2262, #1605, .T. ) ;
#3867 = CARTESIAN_POINT ( 'NONE',  ( -1.483913808006459334, -7.418637538636194764E-19, -0.2447930982566459690 ) ) ;
#3868 = CARTESIAN_POINT ( 'NONE',  ( -0.5623154507300620608, 0.1200000000000001205, -0.9000000000000001332 ) ) ;
#3869 = CARTESIAN_POINT ( 'NONE',  ( 0.06367950185339214808, 0.04223057456743066485, 0.7756225028373823216 ) ) ;
#3870 = CARTESIAN_POINT ( 'NONE',  ( 1.111030490770084089, 0.05823471834431841881, -0.7230379607184556079 ) ) ;
#3871 = EDGE_CURVE ( 'NONE', #2262, #3831, #157, .T. ) ;
#3872 = CARTESIAN_POINT ( 'NONE',  ( 1.507560344733852808, -1.257226084456080834E-17, -0.7903595118331003810 ) ) ;
#3873 = CARTESIAN_POINT ( 'NONE',  ( -1.007560344733852808, -1.257226084456081451E-17, 0.7028595118331000258 ) ) ;
#3874 = CARTESIAN_POINT ( 'NONE',  ( 1.424796015759566492, 0.02381372425704564311, 0.7990923965397539463 ) ) ;
#3875 = CARTESIAN_POINT ( 'NONE',  ( 1.035717248516016653, 0.02205258410723178256, 0.7603110742782146492 ) ) ;
#3876 = ORIENTED_EDGE ( 'NONE', *, *, #3706, .T. ) ;
#3877 = EDGE_CURVE ( 'NONE', #3747, #3280, #730, .T. ) ;
#3878 = CARTESIAN_POINT ( 'NONE',  ( -1.500100040032032345, -1.355252715606880543E-17, 0.2498999599679679051 ) ) ;
#3879 = CARTESIAN_POINT ( 'NONE',  ( -1.539999999999999813, 0.000000000000000000, 0.2099999999999999090 ) ) ;
#3880 = CARTESIAN_POINT ( 'NONE',  ( -0.4271889257217859059, 0.02205258410723325707, -0.8107172485160168973 ) ) ;
#3881 = CARTESIAN_POINT ( 'NONE',  ( -0.9118774971626169012, 0.04223057456743015831, 0.7511795018533917734 ) ) ;
#3882 = CARTESIAN_POINT ( 'NONE',  ( -1.500000000000000222, 0.000000000000000000, 0.7751000400320319228 ) ) ;
#3883 = CARTESIAN_POINT ( 'NONE',  ( 0.4759076034602459648, 0.02381372425704559800, 0.8502039842404339742 ) ) ;
#3884 = CARTESIAN_POINT ( 'NONE',  ( 0.01973838584994860867, 0.002734742325116337140, -0.7150300482400363533 ) ) ;
#3885 = ORIENTED_EDGE ( 'NONE', *, *, #1072, .T. ) ;
#3886 = CARTESIAN_POINT ( 'NONE',  ( 1.433805061118146984, 0.02117201403232606832, -0.8225999711843839934 ) ) ;
#3887 = CARTESIAN_POINT ( 'NONE',  ( 0.9998999599679677663, -1.355252715606880543E-17, 0.6876000400320320116 ) ) ;
#3888 = CARTESIAN_POINT ( 'NONE',  ( -1.625000000000000222, 0.1200000000000000927, -0.8150000000000000577 ) ) ;
#3889 = CARTESIAN_POINT ( 'NONE',  ( 0.5197294162630364811, 0.01509841972869552587, -0.8365464251265770645 ) ) ;
#3890 = VERTEX_POINT ( 'NONE', #3546 ) ;
#3891 = CARTESIAN_POINT ( 'NONE',  ( 1.500000000000000000, 0.000000000000000000, 0.7751000400320319228 ) ) ;
#3892 = CARTESIAN_POINT ( 'NONE',  ( -0.9245496289896888431, 0.02520750528253373757, -0.7116145641468740735 ) ) ;
#3893 = VECTOR ( 'NONE', #2923, 1000.000000000000000 ) ;
#3894 = CARTESIAN_POINT ( 'NONE',  ( 1.500100040032031901, -1.355252715606880543E-17, -0.7751000400320321448 ) ) ;
#3895 = LINE ( 'NONE', #2072, #1984 ) ;
#3896 = CARTESIAN_POINT ( 'NONE',  ( -1.052538204265626609, 0.05666991344398104175, -0.7934832623201205637 ) ) ;
#3897 = CARTESIAN_POINT ( 'NONE',  ( 1.038573796053863907, 0.08826611352744170857, 0.8080355139222831218 ) ) ;
#3898 = VERTEX_POINT ( 'NONE', #269 ) ;
#3899 = CARTESIAN_POINT ( 'NONE',  ( -1.480270583736963186, 0.01509841972869552587, -0.8365464251265770645 ) ) ;
#3900 = AXIS2_PLACEMENT_3D ( 'NONE', #3746, #2347, #3081 ) ;
#3901 = VECTOR ( 'NONE', #1096, 1000.000000000000000 ) ;
#3902 = CARTESIAN_POINT ( 'NONE',  ( -1.620064558877587269, 0.08648253317408639840, 0.8348734653053864196 ) ) ;
#3903 = FACE_OUTER_BOUND ( 'NONE', #3862, .T. ) ;
#3904 = CARTESIAN_POINT ( 'NONE',  ( -0.3750000000000001110, 0.1200000000000001205, -0.8373154507300616389 ) ) ;
#3905 = EDGE_CURVE ( 'NONE', #4114, #859, #1769, .T. ) ;
#3906 = CARTESIAN_POINT ( 'NONE',  ( -0.1250000000000001110, 0.1200000000000000927, -0.7274999999999992584 ) ) ;
#3907 = CARTESIAN_POINT ( 'NONE',  ( -1.473548882414789096, 0.03105859251640438398, 0.8576178430096985661 ) ) ;
#3908 = CARTESIAN_POINT ( 'NONE',  ( -1.473549525411524064, 0.03105724883165960140, -0.1673836571575932908 ) ) ;
#3909 = CARTESIAN_POINT ( 'NONE',  ( 0.009916827216179240762, -1.208073086881603474E-17, -0.7013164107658029778 ) ) ;
#3910 = ORIENTED_EDGE ( 'NONE', *, *, #1575, .T. ) ;
#3911 = CARTESIAN_POINT ( 'NONE',  ( -1.534395416894241304, 0.05920693847686203659, 0.1425441831547791804 ) ) ;
#3912 = CARTESIAN_POINT ( 'NONE',  ( 1.519738385849948470, 0.002734742325116042237, 0.8025300482400359314 ) ) ;
#3913 = CARTESIAN_POINT ( 'NONE',  ( 0.9998999599679677663, -1.355252715606880543E-17, 0.6876000400320320116 ) ) ;
#3914 = LINE ( 'NONE', #650, #1619 ) ;
#3915 = B_SPLINE_SURFACE_WITH_KNOTS ( 'NONE', 3, 3, ( 
 ( #982, #3232, #3573, #3, #367, #2465 ),
 ( #1729, #3185, #3918, #653, #1772, #297 ),
 ( #1750, #3208, #2488, #3943, #741, #2182 ),
 ( #26, #2945, #3748, #1896, #97, #1186 ),
 ( #1851, #760, #50, #4435, #2640, #1504 ),
 ( #2965, #1554, #4408, #4054, #75, #1137 ),
 ( #786, #3705, #1526, #2987, #806, #2018 ),
 ( #1653, #2382, #3414, #1602, #2716, #2743 ),
 ( #1674, #1626, #1311, #1944, #1965, #3033 ),
 ( #874, #598, #4222, #3056, #3135, #1996 ) ),
 .UNSPECIFIED., .F., .F., .F.,
 ( 4, 2, 2, 2, 4 ),
 ( 4, 2, 4 ),
 ( 0.000000000000000000, 0.2500000000000000000, 0.5000000000000000000, 0.7500000000000000000, 1.000000000000000000 ),
 ( 0.000000000000000000, 0.5000000000000000000, 1.000000000000000000 ),
 .UNSPECIFIED. ) ;
#3916 = SURFACE_SIDE_STYLE ('',( #3257 ) ) ;
#3917 = ORIENTED_EDGE ( 'NONE', *, *, #322, .T. ) ;
#3918 = CARTESIAN_POINT ( 'NONE',  ( 0.4165216701031681512, 0.1027437099221048949, -0.8899942215026177550 ) ) ;
#3919 = CARTESIAN_POINT ( 'NONE',  ( -0.03571724851601744410, 0.02205258410723293788, 0.7603110742782145381 ) ) ;
#3920 = CARTESIAN_POINT ( 'NONE',  ( -0.8750000000000001110, 0.1200000000000000927, 0.7274999999999993694 ) ) ;
#3921 = CARTESIAN_POINT ( 'NONE',  ( 1.547482996653645637, 0.04345662036820482910, -0.8712088159003961163 ) ) ;
#3922 = CARTESIAN_POINT ( 'NONE',  ( -1.039795730902582704, 0.1040270620709143057, 0.8118605707346431277 ) ) ;
#3923 = B_SPLINE_CURVE_WITH_KNOTS ( 'NONE', 3,
 ( #1450, #307, #1020, #353, #2932, #1759, #1472, #1106, #1427, #3997, #2515, #1798 ),
 .UNSPECIFIED., .F., .F.,
 ( 4, 2, 2, 2, 2, 4 ),
 ( 0.000000000000000000, 0.2500000000000034417, 0.3750000000000043854, 0.4375000000000040523, 0.5000000000000037748, 1.000000000000000000 ),
 .UNSPECIFIED. ) ;
#3924 = CARTESIAN_POINT ( 'NONE',  ( -1.096208815900395761, 0.04345662036820604340, -0.7349829966536454151 ) ) ;
#3925 = CARTESIAN_POINT ( 'NONE',  ( 0.4600000000000005751, 0.1250000000000000000, 0.7751000400320319228 ) ) ;
#3926 = ORIENTED_EDGE ( 'NONE', *, *, #4254, .T. ) ;
#3927 = ADVANCED_FACE ( 'NONE', ( #1727 ), #3939, .T. ) ;
#3928 =( NAMED_UNIT ( * ) PLANE_ANGLE_UNIT ( ) SI_UNIT ( $, .RADIAN. ) );
#3929 = CARTESIAN_POINT ( 'NONE',  ( -0.9017988234194820318, 0.04590871196975496865, 0.7189389725833359446 ) ) ;
#3930 = CARTESIAN_POINT ( 'NONE',  ( -1.460204269097417296, 0.1040270620709143057, 0.1256394292653567890 ) ) ;
#3931 = EDGE_CURVE ( 'NONE', #2350, #2422, #3914, .T. ) ;
#3932 = CARTESIAN_POINT ( 'NONE',  ( 1.575450371010181483, 0.02520750528243442465, -0.7991145641468214711 ) ) ;
#3933 = CARTESIAN_POINT ( 'NONE',  ( -1.584368865994878695, 0.1200000000000000927, -0.1341607131931657482 ) ) ;
#3934 = EDGE_LOOP ( 'NONE', ( #974, #1757, #4458, #129, #4145, #3780, #4535, #3885 ) ) ;
#3935 = CARTESIAN_POINT ( 'NONE',  ( 1.499899959967967877, 1.355252715606880543E-17, -0.7751000400320320338 ) ) ;
#3936 = CARTESIAN_POINT ( 'NONE',  ( -0.4931764636839557348, -2.382280164152718933E-18, 0.7961467883844641769 ) ) ;
#3937 = CARTESIAN_POINT ( 'NONE',  ( -1.588122502837384875, 0.04223057456742890931, -0.1863204981466101418 ) ) ;
#3938 = EDGE_CURVE ( 'NONE', #1663, #2406, #2305, .T. ) ;
#3939 = CYLINDRICAL_SURFACE ( 'NONE', #2677, 0.1250000000000000000 ) ;
#3940 =( NAMED_UNIT ( * ) SI_UNIT ( $, .STERADIAN. ) SOLID_ANGLE_UNIT ( ) );
#3941 = EDGE_LOOP ( 'NONE', ( #4085, #1723, #1382, #3231 ) ) ;
#3942 = CARTESIAN_POINT ( 'NONE',  ( 0.9113431521264373503, 0.03673881755883304234, -0.7158899379363415916 ) ) ;
#3943 = CARTESIAN_POINT ( 'NONE',  ( 0.3889026971120653209, 0.08559074299740668246, -0.8558816190609120911 ) ) ;
#3944 = FACE_OUTER_BOUND ( 'NONE', #4586, .T. ) ;
#3945 = CARTESIAN_POINT ( 'NONE',  ( -1.070669588439432607, 0.05540140092754008289, 0.7849882270994170685 ) ) ;
#3946 =( NAMED_UNIT ( * ) SI_UNIT ( $, .STERADIAN. ) SOLID_ANGLE_UNIT ( ) );
#3947 = CARTESIAN_POINT ( 'NONE',  ( -0.9656045831057592510, 0.05920693847686203659, -0.7949558168452208751 ) ) ;
#3948 = ORIENTED_EDGE ( 'NONE', *, *, #1635, .T. ) ;
#3949 = CARTESIAN_POINT ( 'NONE',  ( -1.465604583105758696, 0.05920693847686203659, -0.8824558168452207862 ) ) ;
#3950 = CARTESIAN_POINT ( 'NONE',  ( -1.575203984240433508, 0.02381372425704559800, 0.7990923965397541684 ) ) ;
#3951 = CARTESIAN_POINT ( 'NONE',  ( -0.5536975520950692120, 0.01331992622116181732, 0.8135252082731136980 ) ) ;
#3952 = CARTESIAN_POINT ( 'NONE',  ( 1.084368865994878695, 0.1200000000000001343, -0.8033392868068341963 ) ) ;
#3953 = CARTESIAN_POINT ( 'NONE',  ( -0.9694506477527056187, 0.002887014083468384361, 0.7024820457392424444 ) ) ;
#3954 = CARTESIAN_POINT ( 'NONE',  ( -1.384160713193165915, 0.1200000000000001066, 0.1656311340051210002 ) ) ;
#3955 = CARTESIAN_POINT ( 'NONE',  ( -1.473205849958071134, 0.03193953058440133358, -0.1663384083846146944 ) ) ;
#3956 =( LENGTH_UNIT ( ) NAMED_UNIT ( * ) SI_UNIT ( .MILLI., .METRE. ) );
#3957 = CARTESIAN_POINT ( 'NONE',  ( 0.5752039842404336190, 0.02381372425704561535, 0.7990923965397538353 ) ) ;
#3958 = EDGE_LOOP ( 'NONE', ( #247, #2397, #728 ) ) ;
#3959 = CARTESIAN_POINT ( 'NONE',  ( -1.625000000000000222, 0.1200000000000000927, 0.2099999999999998535 ) ) ;
#3960 = EDGE_CURVE ( 'NONE', #4258, #3853, #281, .T. ) ;
#3961 = CARTESIAN_POINT ( 'NONE',  ( 0.9897133311351630214, 0.003191557600172719930, 0.7194875290031306214 ) ) ;
#3962 = CARTESIAN_POINT ( 'NONE',  ( -1.620064558877585492, 0.08648253317408471919, -0.1901265346946114099 ) ) ;
#3963 = CARTESIAN_POINT ( 'NONE',  ( -1.529002005017734644, 0.01391275739033965599, -0.8342826195731536387 ) ) ;
#3964 = CARTESIAN_POINT ( 'NONE',  ( 0.5397957309025821493, 0.1040270620709142779, -0.8993605707346432609 ) ) ;
#3965 = ORIENTED_EDGE ( 'NONE', *, *, #208, .F. ) ;
#3966 = CARTESIAN_POINT ( 'NONE',  ( 0.0001000400320319994735, -1.355252715606880543E-17, 0.6876000400320320116 ) ) ;
#3967 = EDGE_CURVE ( 'NONE', #2210, #2792, #3069, .T. ) ;
#3968 = CARTESIAN_POINT ( 'NONE',  ( -0.1149942215026178854, 0.1027437099221048949, 0.7709783298968313492 ) ) ;
#3969 = CARTESIAN_POINT ( 'NONE',  ( -1.083478329896828907, 0.1027437099221054917, 0.8024942215026192871 ) ) ;
#3970 = CARTESIAN_POINT ( 'NONE',  ( -1.083478329896833348, 0.1027437099221051170, -0.8024942215026177328 ) ) ;
#3971 = CARTESIAN_POINT ( 'NONE',  ( -0.9025117729005802669, 0.05540140092754063800, -0.7581695884394297202 ) ) ;
#3972 = FILL_AREA_STYLE ('',( #2881 ) ) ;
#3973 = CARTESIAN_POINT ( 'NONE',  ( -1.566194938881850351, 0.02117201403232793488, 0.8225999711843846596 ) ) ;
#3974 = COLOUR_RGB ( '',0.9882352941176471006, 0.8705882352941176627, 0.02352941176470588203 ) ;
#3975 = FACE_OUTER_BOUND ( 'NONE', #4235, .T. ) ;
#3976 = VECTOR ( 'NONE', #3731, 1000.000000000000000 ) ;
#3977 = PLANE ( 'NONE',  #3828 ) ;
#3978 = DIRECTION ( 'NONE',  ( -1.000000000000000000, 0.000000000000000000, 0.000000000000000000 ) ) ;
#3979 = CARTESIAN_POINT ( 'NONE',  ( -1.100525556249741577, 0.05045777769034985594, -0.7196616207393524700 ) ) ;
#3980 = CARTESIAN_POINT ( 'NONE',  ( -1.000000000000000000, 0.000000000000000000, -0.6876000400320320116 ) ) ;
#3981 = CARTESIAN_POINT ( 'NONE',  ( -0.05253820426562652579, 0.05666991344398104175, -0.7934832623201205637 ) ) ;
#3982 = AXIS2_PLACEMENT_3D ( 'NONE', #2938, #734, #1480 ) ;
#3983 = DIRECTION ( 'NONE',  ( 6.651547070463221357E-17, 0.000000000000000000, 1.000000000000000000 ) ) ;
#3984 = CARTESIAN_POINT ( 'NONE',  ( 1.499899959967967877, 1.355252715606880543E-17, -0.7751000400320320338 ) ) ;
#3985 = DIRECTION ( 'NONE',  ( 0.000000000000000000, -0.000000000000000000, -1.000000000000000000 ) ) ;
#3986 = CARTESIAN_POINT ( 'NONE',  ( 0.9247960157595660480, 0.02381372425704562229, 0.7115923965397540352 ) ) ;
#3987 = CARTESIAN_POINT ( 'NONE',  ( -1.513816410765802978, -1.208073086881602395E-17, -0.7849168272161801685 ) ) ;
#3988 = CARTESIAN_POINT ( 'NONE',  ( -1.598201176580518190, 0.04590871196975499641, 0.8064389725833362998 ) ) ;
#3989 = ORIENTED_EDGE ( 'NONE', *, *, #1575, .F. ) ;
#3990 = CARTESIAN_POINT ( 'NONE',  ( 1.531987529003130621, 0.003191557600172740747, 0.7852866688648366678 ) ) ;
#3991 = DIRECTION ( 'NONE',  ( -1.000000000000000000, 0.000000000000000000, 0.000000000000000000 ) ) ;
#3992 = CARTESIAN_POINT ( 'NONE',  ( 0.05253820426562424983, 0.05666991344398041724, -0.7934832623201187873 ) ) ;
#3993 = CARTESIAN_POINT ( 'NONE',  ( -0.9271889257217866831, 0.02205258410723234808, -0.7232172485160182074 ) ) ;
#3994 = ORIENTED_EDGE ( 'NONE', *, *, #2194, .T. ) ;
#3995 = CARTESIAN_POINT ( 'NONE',  ( 1.459999999999999964, 0.000000000000000000, 0.8149999999999999467 ) ) ;
#3996 = CARTESIAN_POINT ( 'NONE',  ( -0.5099168272161793691, 1.394657257612165742E-18, 0.7888164107658030000 ) ) ;
#3997 = CARTESIAN_POINT ( 'NONE',  ( 1.428931559294454701, 0.01984042254971256011, -0.7977716575630712237 ) ) ;
#3998 = CARTESIAN_POINT ( 'NONE',  ( -0.1250000000000001110, 0.1200000000000000927, 0.7274999999999993694 ) ) ;
#3999 = CARTESIAN_POINT ( 'NONE',  ( -0.6158392868068344184, 0.1200000000000001066, -0.8593688659948789388 ) ) ;
#4000 = CARTESIAN_POINT ( 'NONE',  ( 0.5982011765805181902, 0.04590871196975500335, 0.8064389725833359668 ) ) ;
#4001 = CARTESIAN_POINT ( 'NONE',  ( -0.1200645588775870187, 0.08648253317408598206, -0.7473734653053842880 ) ) ;
#4002 = CARTESIAN_POINT ( 'NONE',  ( -1.115839286806834085, 0.1200000000000001066, 0.7718688659948790276 ) ) ;
#4003 = FACE_OUTER_BOUND ( 'NONE', #4639, .T. ) ;
#4004 = CARTESIAN_POINT ( 'NONE',  ( -0.4327264153393814428, 0.01937058920963850156, -0.7964485669039794713 ) ) ;
#4005 = CARTESIAN_POINT ( 'NONE',  ( -1.607455816845220653, 0.05920693847686203659, -0.2156045831057583073 ) ) ;
#4006 = CARTESIAN_POINT ( 'NONE',  ( -1.572811074278213317, 0.02205258410723413137, -0.8107172485160190067 ) ) ;
#4007 = CARTESIAN_POINT ( 'NONE',  ( -1.460000000000000187, 0.1200000000000000927, 0.9000000000000000222 ) ) ;
#4008 = EDGE_LOOP ( 'NONE', ( #3619, #2805, #862 ) ) ;
#4009 = CARTESIAN_POINT ( 'NONE',  ( -0.5135497760528974220, 1.016439536705159945E-17, 0.8172021246440083209 ) ) ;
#4010 = EDGE_CURVE ( 'NONE', #3831, #3258, #2371, .T. ) ;
#4011 = CARTESIAN_POINT ( 'NONE',  ( 0.01972941626303707438, 0.01509841972869552587, -0.7490464251265771534 ) ) ;
#4012 = CARTESIAN_POINT ( 'NONE',  ( -1.038525208273112455, 0.01331992622116251468, -0.7411975520950693230 ) ) ;
#4013 = CARTESIAN_POINT ( 'NONE',  ( -0.8750000000000001110, 0.1200000000000001343, -0.7498154507300613947 ) ) ;
#4014 = ORIENTED_EDGE ( 'NONE', *, *, #3173, .F. ) ;
#4015 = ADVANCED_FACE ( 'NONE', ( #4300 ), #305, .T. ) ;
#4016 = CARTESIAN_POINT ( 'NONE',  ( -1.750000000000000222, 0.1200000000000000511, 0.9749999999999999778 ) ) ;
#4017 = CARTESIAN_POINT ( 'NONE',  ( -0.4998999599679680994, -1.355252715606880543E-17, -0.7751000400320321448 ) ) ;
#4018 = CARTESIAN_POINT ( 'NONE',  ( -0.03143897258333586825, 0.04590871196975502416, -0.7857011765805180792 ) ) ;
#4019 = CARTESIAN_POINT ( 'NONE',  ( -1.375673679400717386, 0.1031714939717090218, 0.1884491702583236394 ) ) ;
#4020 = CARTESIAN_POINT ( 'NONE',  ( 0.5102866688648366456, 0.003191557600172743349, 0.8069875290031306436 ) ) ;
#4021 = CARTESIAN_POINT ( 'NONE',  ( 1.083478329896831349, 0.1027437099221055472, 0.8024942215026182879 ) ) ;
#4022 = DIRECTION ( 'NONE',  ( 3.584139413175220764E-16, 0.000000000000000000, -1.000000000000000000 ) ) ;
#4023 = PLANE ( 'NONE',  #2847 ) ;
#4024 = LINE ( 'NONE', #3277, #1226 ) ;
#4025 = CARTESIAN_POINT ( 'NONE',  ( -1.605983262320120231, 0.05666991344398103481, -0.1974617957343766939 ) ) ;
#4026 = CARTESIAN_POINT ( 'NONE',  ( -0.5752039842404335079, 0.02381372425704564311, 0.7990923965397539463 ) ) ;
#4027 = CARTESIAN_POINT ( 'NONE',  ( -1.500100040032032123, -1.355252715606880543E-17, -0.7751000400320319228 ) ) ;
#4028 = CARTESIAN_POINT ( 'NONE',  ( -1.075203984240433952, 0.02381372425704562229, 0.7115923965397540352 ) ) ;
#4029 = ORIENTED_EDGE ( 'NONE', *, *, #2755, .T. ) ;
#4030 = CARTESIAN_POINT ( 'NONE',  ( -0.03852520827311314150, 0.01331992622116215733, 0.7411975520950689900 ) ) ;
#4031 = UNCERTAINTY_MEASURE_WITH_UNIT (LENGTH_MEASURE( 1.000000000000000082E-05 ), #707, 'distance_accuracy_value', 'NONE');
#4032 = CARTESIAN_POINT ( 'NONE',  ( 0.1243605707346430445, 0.1040270620709142918, -0.7272957309025823713 ) ) ;
#4033 = FILL_AREA_STYLE ('',( #3733 ) ) ;
#4034 = CARTESIAN_POINT ( 'NONE',  ( 0.6243605707346429057, 0.1040270620709142918, -0.8147957309025826156 ) ) ;
#4035 = VERTEX_POINT ( 'NONE', #2921 ) ;
#4036 = CARTESIAN_POINT ( 'NONE',  ( -1.530549352247296602, 0.002887014083467464957, 0.7899820457392418005 ) ) ;
#4037 = EDGE_CURVE ( 'NONE', #2986, #1663, #3644, .T. ) ;
#4038 = VECTOR ( 'NONE', #1130, 1000.000000000000000 ) ;
#4039 = ORIENTED_EDGE ( 'NONE', *, *, #4078, .F. ) ;
#4040 = PRESENTATION_LAYER_ASSIGNMENT (  '', '', ( #2200 ) ) ;
#4041 = B_SPLINE_CURVE_WITH_KNOTS ( 'NONE', 3,
 ( #2950, #2279, #3689, #814, #3307, #791, #32, #4390, #1121, #411, #1857, #58 ),
 .UNSPECIFIED., .F., .F.,
 ( 4, 2, 2, 2, 2, 4 ),
 ( 0.000000000000000000, 0.2500000000000012768, 0.3750000000000018874, 0.4375000000000022204, 0.5000000000000025535, 1.000000000000000000 ),
 .UNSPECIFIED. ) ;
#4042 = CARTESIAN_POINT ( 'NONE',  ( -1.375673679400718052, 0.1031714939717113255, 0.8365508297416746064 ) ) ;
#4043 = CARTESIAN_POINT ( 'NONE',  ( 1.061550829741677360, 0.1031714939717088830, -0.8118263205992825027 ) ) ;
#4044 = CARTESIAN_POINT ( 'NONE',  ( -0.03852520827311248924, 0.01331992622116251468, -0.7411975520950693230 ) ) ;
#4045 = AXIS2_PLACEMENT_3D ( 'NONE', #3995, #3649, #2931 ) ;
#4046 = CARTESIAN_POINT ( 'NONE',  ( -1.125000000000000222, 0.1200000000000000927, 0.7274999999999993694 ) ) ;
#4047 = CARTESIAN_POINT ( 'NONE',  ( 0.4759076034602456873, 0.02381372425704564311, -0.8502039842404336412 ) ) ;
#4048 = CARTESIAN_POINT ( 'NONE',  ( 1.620064558877587491, 0.08648253317408531593, 0.8348734653053885291 ) ) ;
#4049 = DIRECTION ( 'NONE',  ( 0.000000000000000000, 0.000000000000000000, 1.000000000000000000 ) ) ;
#4050 = VECTOR ( 'NONE', #2865, 1000.000000000000000 ) ;
#4051 = AXIS2_PLACEMENT_3D ( 'NONE', #878, #3793, #2276 ) ;
#4052 = CARTESIAN_POINT ( 'NONE',  ( -1.507560344733852586, -1.061172822154483575E-17, -0.7903595118330999370 ) ) ;
#4053 = ORIENTED_EDGE ( 'NONE', *, *, #2391, .F. ) ;
#4054 = CARTESIAN_POINT ( 'NONE',  ( 0.4338050611181469840, 0.02117201403232606832, -0.8225999711843839934 ) ) ;
#4055 = CARTESIAN_POINT ( 'NONE',  ( -0.0001000400320322163139, -1.355252715606880543E-17, 0.6876000400320320116 ) ) ;
#4056 = DIRECTION ( 'NONE',  ( 0.000000000000000000, 0.000000000000000000, 1.000000000000000000 ) ) ;
#4057 = MECHANICAL_DESIGN_GEOMETRIC_PRESENTATION_REPRESENTATION (  '', ( #1087 ), #3685 ) ;
#4058 = PLANE ( 'NONE',  #99 ) ;
#4059 = CARTESIAN_POINT ( 'NONE',  ( -1.539808032932302284, 0.1049890262622579923, 0.8993990801221394271 ) ) ;
#4060 = CARTESIAN_POINT ( 'NONE',  ( 0.5275300482400365754, 0.002734742325115672307, -0.7947383858499498244 ) ) ;
#4061 = ORIENTED_EDGE ( 'NONE', *, *, #3762, .T. ) ;
#4062 = CARTESIAN_POINT ( 'NONE',  ( -0.9600000000000007416, 0.1200000000000000927, -0.8125000000000000000 ) ) ;
#4063 = CARTESIAN_POINT ( 'NONE',  ( 1.411877497162618234, 0.04223057456743072036, 0.8386795018533901303 ) ) ;
#4064 = VERTEX_POINT ( 'NONE', #48 ) ;
#4065 = EDGE_CURVE ( 'NONE', #1663, #1040, #1501, .T. ) ;
#4066 = CARTESIAN_POINT ( 'NONE',  ( -1.470997994982264689, 0.01391275739034019202, 0.1907173804268458561 ) ) ;
#4067 = CARTESIAN_POINT ( 'NONE',  ( 1.500000000000000000, 0.000000000000000000, 0.7751000400320319228 ) ) ;
#4068 = CARTESIAN_POINT ( 'NONE',  ( -0.04748299665364433264, 0.04345662036820483604, -0.7837088159003960941 ) ) ;
#4069 = LINE ( 'NONE', #1156, #1297 ) ;
#4070 = CARTESIAN_POINT ( 'NONE',  ( -1.499899959967968099, 0.000000000000000000, -0.2498999599679679051 ) ) ;
#4071 = CARTESIAN_POINT ( 'NONE',  ( -1.416521670103170649, 0.1027437099221068240, -0.8899942215026166448 ) ) ;
#4072 = EDGE_CURVE ( 'NONE', #1124, #4503, #3241, .T. ) ;
#4073 = CARTESIAN_POINT ( 'NONE',  ( 1.597488227099419289, 0.05540140092753960410, 0.8456695884394307416 ) ) ;
#4074 = CARTESIAN_POINT ( 'NONE',  ( 0.4156311340051209724, 0.1200000000000001066, 0.8908392868068341075 ) ) ;
#4075 = LINE ( 'NONE', #1599, #172 ) ;
#4076 = EDGE_LOOP ( 'NONE', ( #3447, #740, #1197 ) ) ;
#4077 = DIRECTION ( 'NONE',  ( 0.000000000000000000, 0.000000000000000000, 1.000000000000000000 ) ) ;
#4078 = EDGE_CURVE ( 'NONE', #3704, #2431, #1070, .T. ) ;
#4079 = CARTESIAN_POINT ( 'NONE',  ( 1.519729416263036370, 0.01509841972869552587, -0.8365464251265770645 ) ) ;
#4080 = CARTESIAN_POINT ( 'NONE',  ( -1.480270583736963186, 0.01509841972869552587, 0.8365464251265770645 ) ) ;
#4081 = CARTESIAN_POINT ( 'NONE',  ( -1.539999999999999813, 0.1200000000000000927, -0.9000000000000000222 ) ) ;
#4082 = CARTESIAN_POINT ( 'NONE',  ( 0.03857379605386407340, 0.08826611352744170857, -0.8080355139222832328 ) ) ;
#4083 = CARTESIAN_POINT ( 'NONE',  ( -1.029002005017734644, 0.01391275739033985895, -0.7467826195731542827 ) ) ;
#4084 = CARTESIAN_POINT ( 'NONE',  ( 0.5623154507300611726, 0.1200000000000000927, -0.9000000000000001332 ) ) ;
#4085 = ORIENTED_EDGE ( 'NONE', *, *, #2824, .T. ) ;
#4086 = CARTESIAN_POINT ( 'NONE',  ( -0.8750000000000001110, 0.1200000000000000927, -0.7274999999999992584 ) ) ;
#4087 = B_SPLINE_CURVE_WITH_KNOTS ( 'NONE', 3,
 ( #2562, #2475, #1783, #660, #2496, #3604 ),
 .UNSPECIFIED., .F., .F.,
 ( 4, 2, 4 ),
 ( 0.000000000000000000, 0.5000000000000000000, 1.000000000000000000 ),
 .UNSPECIFIED. ) ;
#4088 = CARTESIAN_POINT ( 'NONE',  ( -1.561546425126577153, 0.01509841972869550852, -0.2302705837369629915 ) ) ;
#4089 = CARTESIAN_POINT ( 'NONE',  ( 1.385005778497382378, 0.1027437099221057554, 0.8584783298968309273 ) ) ;
#4090 = ORIENTED_EDGE ( 'NONE', *, *, #1153, .T. ) ;
#4091 = CARTESIAN_POINT ( 'NONE',  ( -1.438453574873422847, 0.01509841972869552587, 0.2302705837369630748 ) ) ;
#4092 = FACE_OUTER_BOUND ( 'NONE', #1839, .T. ) ;
#4093 = CARTESIAN_POINT ( 'NONE',  ( 1.107455816845220653, 0.05920693847686207129, -0.7218954168942409710 ) ) ;
#4094 = CARTESIAN_POINT ( 'NONE',  ( 1.013816410765802756, -1.208073086881604244E-17, 0.6974168272161791471 ) ) ;
#4095 = CARTESIAN_POINT ( 'NONE',  ( -1.427188925721785129, 0.02205258410723119969, -0.2142827514839806269 ) ) ;
#4096 = CARTESIAN_POINT ( 'NONE',  ( -1.460000000000000187, 0.1200000000000000927, -0.9000000000000000222 ) ) ;
#4097 = B_SPLINE_CURVE_WITH_KNOTS ( 'NONE', 3,
 ( #3726, #2688, #167, #444, #3363, #3010, #1183, #1517, #2218, #4468 ),
 .UNSPECIFIED., .F., .F.,
 ( 4, 2, 2, 2, 4 ),
 ( 0.000000000000000000, 0.2500000000000000000, 0.5000000000000000000, 0.7500000000000000000, 1.000000000000000000 ),
 .UNSPECIFIED. ) ;
#4098 = CARTESIAN_POINT ( 'NONE',  ( -1.499899959967968321, -1.355252715606880543E-17, 0.7751000400320319228 ) ) ;
#4099 = CARTESIAN_POINT ( 'NONE',  ( -1.500100040032032345, 0.1250000000000000000, -0.8149999999999999467 ) ) ;
#4100 = EDGE_CURVE ( 'NONE', #3191, #82, #633, .T. ) ;
#4101 = DIRECTION ( 'NONE',  ( 0.000000000000000000, 0.000000000000000000, 1.000000000000000000 ) ) ;
#4102 = ORIENTED_EDGE ( 'NONE', *, *, #2561, .F. ) ;
#4103 = CARTESIAN_POINT ( 'NONE',  ( 1.547599971184383527, 0.02117201403232605791, 0.8411949388818515949 ) ) ;
#4104 = CARTESIAN_POINT ( 'NONE',  ( -0.01535951183310015414, -1.061172822154483267E-17, 0.6950603447338531415 ) ) ;
#4105 = CARTESIAN_POINT ( 'NONE',  ( 1.505206901743353809, -1.257365766455156492E-17, -0.7910861919935409103 ) ) ;
#4106 = LINE ( 'NONE', #1211, #547 ) ;
#4107 = DIRECTION ( 'NONE',  ( 0.000000000000000000, 1.000000000000000000, 0.000000000000000000 ) ) ;
#4108 = FACE_OUTER_BOUND ( 'NONE', #3184, .T. ) ;
#4109 = EDGE_CURVE ( 'NONE', #3161, #4114, #1225, .T. ) ;
#4110 = CARTESIAN_POINT ( 'NONE',  ( 0.5052069017433536979, -1.257365766455156492E-17, -0.7910861919935409103 ) ) ;
#4111 = ORIENTED_EDGE ( 'NONE', *, *, #2410, .T. ) ;
#4112 = CARTESIAN_POINT ( 'NONE',  ( 1.460191932111618796, 0.1049917596726716446, 0.8993991895461302954 ) ) ;
#4113 = CARTESIAN_POINT ( 'NONE',  ( 0.4680124709968693786, 0.003191557600172734242, 0.7852866688648364457 ) ) ;
#4114 = VERTEX_POINT ( 'NONE', #516 ) ;
#4115 = FACE_OUTER_BOUND ( 'NONE', #4489, .T. ) ;
#4116 = CYLINDRICAL_SURFACE ( 'NONE', #1620, 0.1250000000000000000 ) ;
#4117 = CARTESIAN_POINT ( 'NONE',  ( -1.499899959967968321, -1.355252715606880543E-17, -0.7751000400320319228 ) ) ;
#4118 = PRESENTATION_LAYER_ASSIGNMENT (  '', '', ( #3827 ) ) ;
#4119 = ORIENTED_EDGE ( 'NONE', *, *, #4254, .F. ) ;
#4120 = FACE_OUTER_BOUND ( 'NONE', #385, .T. ) ;
#4121 = CARTESIAN_POINT ( 'NONE',  ( -0.4614747917268866018, 0.01331992622116200467, 0.8286975520950693452 ) ) ;
#4122 = FACE_OUTER_BOUND ( 'NONE', #2582, .T. ) ;
#4123 = UNCERTAINTY_MEASURE_WITH_UNIT (LENGTH_MEASURE( 1.000000000000000082E-05 ), #207, 'distance_accuracy_value', 'NONE');
#4124 = VECTOR ( 'NONE', #3418, 1000.000000000000000 ) ;
#4125 = CARTESIAN_POINT ( 'NONE',  ( 0.9025117729005800449, 0.05540140092753938206, -0.7581695884394333840 ) ) ;
#4126 = CARTESIAN_POINT ( 'NONE',  ( 0.000000000000000000, 0.000000000000000000, 0.6876000400320320116 ) ) ;
#4127 = CARTESIAN_POINT ( 'NONE',  ( 1.749999999999999778, 0.1200000000000000511, 0.9749999999999999778 ) ) ;
#4128 = CARTESIAN_POINT ( 'NONE',  ( -0.5240923965397543682, 0.02381372425704564311, -0.8502039842404336412 ) ) ;
#4129 = CARTESIAN_POINT ( 'NONE',  ( 0.6158392868068340853, 0.1200000000000001066, -0.8593688659948790498 ) ) ;
#4130 = ORIENTED_EDGE ( 'NONE', *, *, #1999, .F. ) ;
#4131 = EDGE_CURVE ( 'NONE', #4503, #2210, #2248, .T. ) ;
#4132 = CARTESIAN_POINT ( 'NONE',  ( 1.561550829741677138, 0.1031714939717089247, -0.8993263205992826359 ) ) ;
#4133 = CARTESIAN_POINT ( 'NONE',  ( 1.000000000000000000, 0.000000000000000000, 0.6876000400320320116 ) ) ;
#4134 = CARTESIAN_POINT ( 'NONE',  ( 1.499899959967968099, 0.000000000000000000, 0.7751000400320319228 ) ) ;
#4135 = ORIENTED_EDGE ( 'NONE', *, *, #2924, .F. ) ;
#4136 = CARTESIAN_POINT ( 'NONE',  ( 1.000100040032032123, 0.000000000000000000, 0.7274999999999993694 ) ) ;
#4137 = DIRECTION ( 'NONE',  ( -0.000000000000000000, 1.000000000000000000, -0.000000000000000000 ) ) ;
#4138 = DIRECTION ( 'NONE',  ( 0.000000000000000000, -0.000000000000000000, 1.000000000000000000 ) ) ;
#4139 = CARTESIAN_POINT ( 'NONE',  ( -0.08865684787356299668, 0.03673881755883301459, -0.7158899379363413695 ) ) ;
#4140 = CARTESIAN_POINT ( 'NONE',  ( -0.07281107427821496836, 0.02205258410723151541, -0.7232172485160178743 ) ) ;
#4141 = CARTESIAN_POINT ( 'NONE',  ( -0.8750000000000001110, 0.1200000000000000927, 0.7274999999999993694 ) ) ;
#4142 = CARTESIAN_POINT ( 'NONE',  ( -1.452517003346353919, 0.04345662036820489155, -0.1537911840996033785 ) ) ;
#4143 = CARTESIAN_POINT ( 'NONE',  ( 0.4463024479049307880, 0.01331992622116181732, 0.8135252082731136980 ) ) ;
#4144 = B_SPLINE_SURFACE_WITH_KNOTS ( 'NONE', 3, 3, ( 
 ( #3678, #95, #1847, #1133, #1523, #1500 ),
 ( #3333, #1550, #3701, #3362, #1160, #443 ),
 ( #4404, #2247, #4431, #44, #4048, #755 ),
 ( #3725, #802, #2198, #4073, #1892, #2592 ),
 ( #782, #402, #71, #422, #1871, #2983 ),
 ( #51, #4459, #4103, #4, #1463, #2352 ),
 ( #2299, #3470, #3495, #1701, #1337, #4246 ),
 ( #623, #2062, #3912, #2086, #3565, #289 ),
 ( #3202, #2870, #2844, #1412, #2482, #4319 ),
 ( #3589, #1053, #1110, #2917, #2613, #22 ) ),
 .UNSPECIFIED., .F., .F., .F.,
 ( 4, 2, 2, 2, 4 ),
 ( 4, 2, 4 ),
 ( 0.000000000000000000, 0.2500000000000000000, 0.5000000000000000000, 0.7500000000000000000, 1.000000000000000000 ),
 ( 0.000000000000000000, 0.5000000000000000000, 1.000000000000000000 ),
 .UNSPECIFIED. ) ;
#4145 = ORIENTED_EDGE ( 'NONE', *, *, #2725, .T. ) ;
#4146 = CARTESIAN_POINT ( 'NONE',  ( -1.424796015759566714, 0.02381372425704560841, 0.7990923965397542794 ) ) ;
#4147 = CARTESIAN_POINT ( 'NONE',  ( -0.4474617957343741681, 0.05666991344398052827, 0.8809832623201201418 ) ) ;
#4148 = CARTESIAN_POINT ( 'NONE',  ( 0.9384491702583187545, 0.1031714939717075924, -0.8118263205992825027 ) ) ;
#4149 = CARTESIAN_POINT ( 'NONE',  ( 0.06154642512657705622, 0.01509841972869551720, 0.7072294162630367031 ) ) ;
#4150 = CARTESIAN_POINT ( 'NONE',  ( 0.9599999999999999645, 0.1200000000000000927, -0.8125000000000000000 ) ) ;
#4151 = CARTESIAN_POINT ( 'NONE',  ( -0.5197294162630369252, 0.01509841972869556230, -0.8365464251265769535 ) ) ;
#4152 = VERTEX_POINT ( 'NONE', #494 ) ;
#4153 = CARTESIAN_POINT ( 'NONE',  ( 0.5001000400320319006, -1.355252715606880543E-17, -0.7751000400320321448 ) ) ;
#4154 = ADVANCED_FACE ( 'NONE', ( #1231 ), #4457, .T. ) ;
#4155 = CARTESIAN_POINT ( 'NONE',  ( 1.039999999999999147, 0.1200000000000000927, 0.8125000000000000000 ) ) ;
#4156 = CARTESIAN_POINT ( 'NONE',  ( 1.534395416894240860, 0.05920693847686203659, -0.8824558168452210083 ) ) ;
#4157 = CARTESIAN_POINT ( 'NONE',  ( 1.440717380426845828, 0.01391275739033981038, 0.8040020050177358879 ) ) ;
#4158 = ADVANCED_FACE ( 'NONE', ( #468 ), #2619, .T. ) ;
#4159 = ORIENTED_EDGE ( 'NONE', *, *, #2972, .F. ) ;
#4160 = CARTESIAN_POINT ( 'NONE',  ( -1.500100040032032345, -1.355252715606880543E-17, 0.2498999599679679051 ) ) ;
#4161 = DIRECTION ( 'NONE',  ( 0.000000000000000000, -0.000000000000000000, -1.000000000000000000 ) ) ;
#4162 = CARTESIAN_POINT ( 'NONE',  ( -0.4247960157595663810, 0.02381372425704561882, -0.7990923965397541684 ) ) ;
#4163 = EDGE_CURVE ( 'NONE', #4666, #3492, #4075, .T. ) ;
#4164 = CARTESIAN_POINT ( 'NONE',  ( 0.5319875290031305104, 0.003191557600172740747, 0.7852866688648366678 ) ) ;
#4165 = FACE_OUTER_BOUND ( 'NONE', #1410, .T. ) ;
#4166 = CARTESIAN_POINT ( 'NONE',  ( 0.5211467883839370208, -3.335192229813807585E-18, -0.7818235363158763107 ) ) ;
#4167 = CARTESIAN_POINT ( 'NONE',  ( 1.016086191993540888, -1.061591868151703921E-17, -0.6927069017433538090 ) ) ;
#4168 = CARTESIAN_POINT ( 'NONE',  ( 0.4998999599679679884, 0.000000000000000000, 0.7751000400320319228 ) ) ;
#4169 = DIRECTION ( 'NONE',  ( 0.000000000000000000, 0.000000000000000000, 1.000000000000000000 ) ) ;
#4170 = ORIENTED_EDGE ( 'NONE', *, *, #3178, .T. ) ;
#4171 = CARTESIAN_POINT ( 'NONE',  ( -1.392544183154779569, 0.05920693847686206435, 0.8093954168942415484 ) ) ;
#4172 = CARTESIAN_POINT ( 'NONE',  ( 0.8794644860777166562, 0.08826611352744170857, 0.7260737960538642399 ) ) ;
#4173 = CARTESIAN_POINT ( 'NONE',  ( 0.9998999599679677663, -2.710505431213761085E-17, -0.6876000400320320116 ) ) ;
#4174 = CARTESIAN_POINT ( 'NONE',  ( -1.494793098256646191, 2.936608474551761588E-18, 0.2339138080064589731 ) ) ;
#4175 = B_SPLINE_SURFACE_WITH_KNOTS ( 'NONE', 3, 3, ( 
 ( #2588, #3721, #439, #2565, #4716, #2548 ),
 ( #2936, #4380, #4021, #2195, #1129, #3852 ),
 ( #3897, #2804, #182, #255, #589, #4451 ),
 ( #2074, #2396, #1547, #3146, #2028, #3505 ),
 ( #2047, #3005, #2444, #229, #3799, #2336 ),
 ( #2421, #3875, #3166, #3096, #2365, #3553 ),
 ( #1685, #4616, #1176, #1292, #639, #4234 ),
 ( #4564, #4592, #915, #1322, #1981, #3480 ),
 ( #2635, #3529, #609, #4094, #2782, #963 ),
 ( #1639, #3457, #885, #4257, #529, #2006 ) ),
 .UNSPECIFIED., .F., .F., .F.,
 ( 4, 2, 2, 2, 4 ),
 ( 4, 2, 4 ),
 ( 0.000000000000000000, 0.2500000000000000000, 0.5000000000000000000, 0.7500000000000000000, 1.000000000000000000 ),
 ( 0.000000000000000000, 0.5000000000000000000, 1.000000000000000000 ),
 .UNSPECIFIED. ) ;
#4176 = CARTESIAN_POINT ( 'NONE',  ( -0.5752039842404337300, 0.02381372425704557719, -0.7990923965397537243 ) ) ;
#4177 = ORIENTED_EDGE ( 'NONE', *, *, #2417, .T. ) ;
#4178 = CARTESIAN_POINT ( 'NONE',  ( 0.05253820426562436086, 0.05666991344398129848, 0.7934832623201201196 ) ) ;
#4179 = CARTESIAN_POINT ( 'NONE',  ( -1.750000000000000222, 0.1200000000000000511, -0.9749999999999999778 ) ) ;
#4180 = CARTESIAN_POINT ( 'NONE',  ( 1.749999999999999778, 0.1200000000000000511, -0.9749999999999999778 ) ) ;
#4181 = CARTESIAN_POINT ( 'NONE',  ( 1.486183589234196800, 2.212931176100266659E-18, 0.7849168272161795024 ) ) ;
#4182 = CARTESIAN_POINT ( 'NONE',  ( 0.03143897258333543110, 0.04590871196975498947, -0.7857011765805180792 ) ) ;
#4183 = ORIENTED_EDGE ( 'NONE', *, *, #4342, .F. ) ;
#4184 = CARTESIAN_POINT ( 'NONE',  ( -1.592615690736840506, 0.04083851718819073162, 0.2203489678212692815 ) ) ;
#4185 = CARTESIAN_POINT ( 'NONE',  ( -1.500100040032032345, -1.355252715606880543E-17, 0.2498999599679679051 ) ) ;
#4186 = CARTESIAN_POINT ( 'NONE',  ( -0.3799354411224141748, 0.08648253317408449714, -0.8348734653053881960 ) ) ;
#4187 = CARTESIAN_POINT ( 'NONE',  ( -0.9384491702583209749, 0.1031714939717081198, 0.8118263205992825027 ) ) ;
#4188 = CARTESIAN_POINT ( 'NONE',  ( -1.438453574873423069, 0.01509841972869553281, -0.7947294162630368364 ) ) ;
#4189 = CARTESIAN_POINT ( 'NONE',  ( -1.460000000000000187, 0.1200000000000000927, 0.9000000000000000222 ) ) ;
#4190 = EDGE_CURVE ( 'NONE', #1085, #3898, #4097, .T. ) ;
#4191 = CARTESIAN_POINT ( 'NONE',  ( 0.4363204981466095034, 0.04223057456743026239, 0.8631225028373820107 ) ) ;
#4192 = DIRECTION ( 'NONE',  ( -1.000000000000000000, 0.000000000000000000, 0.000000000000000000 ) ) ;
#4193 = CARTESIAN_POINT ( 'NONE',  ( 0.01249075483517987639, 0.005266798911717070382, 0.7268839475711338372 ) ) ;
#4194 = AXIS2_PLACEMENT_3D ( 'NONE', #3570, #4631, #1706 ) ;
#4195 = ORIENTED_EDGE ( 'NONE', *, *, #1912, .T. ) ;
#4196 = CARTESIAN_POINT ( 'NONE',  ( 1.375000000000000000, 0.1200000000000000927, -0.8373154507300610838 ) ) ;
#4197 = CARTESIAN_POINT ( 'NONE',  ( 0.9191183809390912618, 0.08559074299740665470, 0.7985973028879357338 ) ) ;
#4198 = B_SPLINE_CURVE_WITH_KNOTS ( 'NONE', 3,
 ( #2809, #4264, #2833, #1021, #1091, #3998 ),
 .UNSPECIFIED., .F., .F.,
 ( 4, 2, 4 ),
 ( 0.000000000000000000, 0.5000000000000000000, 1.000000000000000000 ),
 .UNSPECIFIED. ) ;
#4199 = CARTESIAN_POINT ( 'NONE',  ( -1.000000000000000000, 0.000000000000000000, 0.6876000400320320116 ) ) ;
#4200 = AXIS2_PLACEMENT_3D ( 'NONE', #1045, #3288, #15 ) ;
#4201 = CARTESIAN_POINT ( 'NONE',  ( 1.500000000000000000, 0.000000000000000000, 0.7751000400320319228 ) ) ;
#4202 = CARTESIAN_POINT ( 'NONE',  ( -0.5843688659948794717, 0.1200000000000001066, -0.8908392868068341075 ) ) ;
#4203 = ORIENTED_EDGE ( 'NONE', *, *, #641, .T. ) ;
#4204 = CARTESIAN_POINT ( 'NONE',  ( 0.02753004824003642617, 0.002734742325116205301, 0.7072383858499483589 ) ) ;
#4205 = DIRECTION ( 'NONE',  ( 0.000000000000000000, 0.000000000000000000, 1.000000000000000000 ) ) ;
#4206 = CARTESIAN_POINT ( 'NONE',  ( 1.016086191993540666, -1.257365766455156492E-17, 0.6927069017433538090 ) ) ;
#4207 = B_SPLINE_CURVE_WITH_KNOTS ( 'NONE', 3,
 ( #2851, #318, #2820, #628, #3988, #2091, #2463, #2067, #4275, #3160 ),
 .UNSPECIFIED., .F., .F.,
 ( 4, 2, 2, 2, 4 ),
 ( 0.000000000000000000, 0.2500000000000000000, 0.5000000000000000000, 0.7500000000000000000, 1.000000000000000000 ),
 .UNSPECIFIED. ) ;
#4208 = CARTESIAN_POINT ( 'NONE',  ( 1.499899959967968099, 0.000000000000000000, 0.7751000400320319228 ) ) ;
#4209 = CARTESIAN_POINT ( 'NONE',  ( 0.000000000000000000, 0.000000000000000000, -0.6876000400320320116 ) ) ;
#4210 = ORIENTED_EDGE ( 'NONE', *, *, #3960, .T. ) ;
#4211 = FACE_OUTER_BOUND ( 'NONE', #2437, .T. ) ;
#4212 = DIRECTION ( 'NONE',  ( 0.000000000000000000, -1.000000000000000000, 0.000000000000000000 ) ) ;
#4213 = CARTESIAN_POINT ( 'NONE',  ( -0.4998999599679680994, -1.355252715606880543E-17, -0.7751000400320321448 ) ) ;
#4214 = CARTESIAN_POINT ( 'NONE',  ( 0.08366159161552488843, 0.03193953058453551097, -0.7142941500419313083 ) ) ;
#4215 = ADVANCED_FACE ( 'NONE', ( #4092 ), #3327, .T. ) ;
#4216 = CARTESIAN_POINT ( 'NONE',  ( -1.384160713193165915, 0.1200000000000001066, -0.1656311340051210002 ) ) ;
#4217 = CARTESIAN_POINT ( 'NONE',  ( 0.5826163428419236512, 0.03105724883122713137, -0.8014504745882695680 ) ) ;
#4218 = CARTESIAN_POINT ( 'NONE',  ( 1.000100040032032123, -1.355252715606880543E-17, -0.6876000400320320116 ) ) ;
#4219 = CARTESIAN_POINT ( 'NONE',  ( 0.4614747917268866573, 0.01331992622116169242, 0.8286975520950689011 ) ) ;
#4220 = CARTESIAN_POINT ( 'NONE',  ( 1.000000000000000000, 0.1200000000000000511, 0.000000000000000000 ) ) ;
#4221 = ORIENTED_EDGE ( 'NONE', *, *, #3348, .F. ) ;
#4222 = CARTESIAN_POINT ( 'NONE',  ( 0.4998999599679677663, 1.355252715606880543E-17, -0.7751000400320320338 ) ) ;
#4223 = ADVANCED_FACE ( 'NONE', ( #3024 ), #683, .F. ) ;
#4224 = CARTESIAN_POINT ( 'NONE',  ( -0.4998999599679679884, 1.355252715606880543E-17, 0.7751000400320319228 ) ) ;
#4225 = CARTESIAN_POINT ( 'NONE',  ( -1.584368865994878695, 0.1200000000000000927, -0.1341607131931657482 ) ) ;
#4226 = CARTESIAN_POINT ( 'NONE',  ( -1.611470414311652499, 0.06768328392681370598, -0.8106339966864167801 ) ) ;
#4227 = CARTESIAN_POINT ( 'NONE',  ( -0.6243605707346431277, 0.1040270620709143334, -0.8147957309025826156 ) ) ;
#4228 = EDGE_LOOP ( 'NONE', ( #721, #349, #1735 ) ) ;
#4229 = CARTESIAN_POINT ( 'NONE',  ( -1.424549628990208205, 0.02520750528213886940, -0.7991145641466660399 ) ) ;
#4230 = EDGE_CURVE ( 'NONE', #4296, #3831, #2570, .T. ) ;
#4231 = CARTESIAN_POINT ( 'NONE',  ( -1.539999999999999813, 0.1200000000000000927, 0.9000000000000000222 ) ) ;
#4232 = CARTESIAN_POINT ( 'NONE',  ( 1.515359511833100248, -1.093571300758463501E-17, -0.7825603447338526086 ) ) ;
#4233 = CARTESIAN_POINT ( 'NONE',  ( -1.013816410765802978, -1.110046455730807001E-17, 0.6974168272161795912 ) ) ;
#4234 = CARTESIAN_POINT ( 'NONE',  ( 1.061546425126577153, 0.01509841972869551720, 0.7072294162630367031 ) ) ;
#4235 = EDGE_LOOP ( 'NONE', ( #857, #3207, #1950 ) ) ;
#4236 = CARTESIAN_POINT ( 'NONE',  ( -1.588657621977202616, 0.03673956129355280403, 0.2216097191319852666 ) ) ;
#4237 = CARTESIAN_POINT ( 'NONE',  ( -1.538525208273113565, 0.01331992622116315306, 0.1963024479049317039 ) ) ;
#4238 = FACE_OUTER_BOUND ( 'NONE', #3640, .T. ) ;
#4239 = CARTESIAN_POINT ( 'NONE',  ( -0.4680124709968695451, 0.003191557600172721665, -0.7852866688648368898 ) ) ;
#4240 = CARTESIAN_POINT ( 'NONE',  ( -0.9338050611181482052, 0.02117201403232571444, 0.7350999711843836382 ) ) ;
#4241 = CARTESIAN_POINT ( 'NONE',  ( 0.9897133311351630214, 0.003191557600172710389, -0.7194875290031307324 ) ) ;
#4242 = CARTESIAN_POINT ( 'NONE',  ( 0.4525170033463546959, 0.04345662036820486379, 0.8712088159003964494 ) ) ;
#4243 = CARTESIAN_POINT ( 'NONE',  ( 0.000000000000000000, 0.000000000000000000, 0.6876000400320320116 ) ) ;
#4244 = ORIENTED_EDGE ( 'NONE', *, *, #3210, .F. ) ;
#4245 = CARTESIAN_POINT ( 'NONE',  ( 1.499899959967967877, 1.355252715606880543E-17, -0.7751000400320320338 ) ) ;
#4246 = CARTESIAN_POINT ( 'NONE',  ( 1.561546425126576931, 0.01509841972869553975, 0.7947294162630367254 ) ) ;
#4247 = CARTESIAN_POINT ( 'NONE',  ( -0.4600000000000006861, 0.1200000000000000927, -0.9000000000000001332 ) ) ;
#4248 = CARTESIAN_POINT ( 'NONE',  ( -1.615839286806833863, 0.1200000000000000927, -0.8593688659948788278 ) ) ;
#4249 = CARTESIAN_POINT ( 'NONE',  ( 0.3750000000000000000, 0.1200000000000000927, 0.8149999999999993916 ) ) ;
#4250 = EDGE_LOOP ( 'NONE', ( #3302, #3239, #4559 ) ) ;
#4251 = CARTESIAN_POINT ( 'NONE',  ( 0.03979573090258218399, 0.1040270620709143057, 0.8118605707346431277 ) ) ;
#4252 = CARTESIAN_POINT ( 'NONE',  ( 1.125000000000000000, 0.1200000000000000927, 0.7498154507300618388 ) ) ;
#4253 = DIRECTION ( 'NONE',  ( -1.000000000000000000, 0.000000000000000000, 0.000000000000000000 ) ) ;
#4254 = EDGE_CURVE ( 'NONE', #2381, #3492, #1601, .T. ) ;
#4255 = CARTESIAN_POINT ( 'NONE',  ( -1.105983262320120897, 0.05666991344398145808, 0.7400382042656228343 ) ) ;
#4256 = CARTESIAN_POINT ( 'NONE',  ( -1.114994221502620064, 0.1027437099221060052, -0.7709783298968290177 ) ) ;
#4257 = CARTESIAN_POINT ( 'NONE',  ( 1.000100040032032123, -1.355252715606880543E-17, 0.6876000400320320116 ) ) ;
#4258 = VERTEX_POINT ( 'NONE', #3412 ) ;
#4259 = UNCERTAINTY_MEASURE_WITH_UNIT (LENGTH_MEASURE( 1.000000000000000082E-05 ), #114, 'distance_accuracy_value', 'NONE');
#4260 = B_SPLINE_CURVE_WITH_KNOTS ( 'NONE', 3,
 ( #4062, #2560, #2234, #3665, #3376, #4086 ),
 .UNSPECIFIED., .F., .F.,
 ( 4, 2, 4 ),
 ( 0.000000000000000000, 0.5000000000000000000, 1.000000000000000000 ),
 .UNSPECIFIED. ) ;
#4261 = CARTESIAN_POINT ( 'NONE',  ( -1.611468532704803502, 0.06767962798104071309, 0.2143660557476932127 ) ) ;
#4262 = CARTESIAN_POINT ( 'NONE',  ( -1.625000000000000000, 0.1200000000000000927, 0.2099999999999999090 ) ) ;
#4263 = CARTESIAN_POINT ( 'NONE',  ( -0.3756736794007178304, 0.1031714939717065793, -0.8365508297416802685 ) ) ;
#4264 = CARTESIAN_POINT ( 'NONE',  ( -0.06231545073006206775, 0.1200000000000001066, 0.8125000000000000000 ) ) ;
#4265 = CARTESIAN_POINT ( 'NONE',  ( -0.9998999599679679884, -1.355252715606880543E-17, 0.6876000400320320116 ) ) ;
#4266 = CARTESIAN_POINT ( 'NONE',  ( 0.9602042690974169625, 0.1040270620709143057, -0.8118605707346431277 ) ) ;
#4267 = CYLINDRICAL_SURFACE ( 'NONE', #459, 0.1250000000000000000 ) ;
#4268 = CARTESIAN_POINT ( 'NONE',  ( -1.042202124645387418, -2.202285662861179957E-17, -0.7010497760533380696 ) ) ;
#4269 = CARTESIAN_POINT ( 'NONE',  ( 0.0001000400320319994735, -1.355252715606880543E-17, -0.6876000400320320116 ) ) ;
#4270 = ORIENTED_EDGE ( 'NONE', *, *, #3567, .F. ) ;
#4271 = CARTESIAN_POINT ( 'NONE',  ( -1.538573796053864795, 0.08826611352744168082, 0.1294644860777167950 ) ) ;
#4272 = CARTESIAN_POINT ( 'NONE',  ( 1.437684549269937939, 0.1200000000000001205, -0.9000000000000001332 ) ) ;
#4273 = CARTESIAN_POINT ( 'NONE',  ( -1.625000000000000222, 0.1200000000000000927, -0.2099999999999998535 ) ) ;
#4274 = CARTESIAN_POINT ( 'NONE',  ( -1.600525556249354109, 0.05045777768983217282, -0.8071616207393444986 ) ) ;
#4275 = CARTESIAN_POINT ( 'NONE',  ( -1.516086191993541554, -1.257365766455151715E-17, 0.7802069017433541642 ) ) ;
#4276 = ORIENTED_EDGE ( 'NONE', *, *, #4230, .T. ) ;
#4277 = CARTESIAN_POINT ( 'NONE',  ( -1.539999999999999813, 0.1250000000000000000, -0.7751000400320319228 ) ) ;
#4278 = CARTESIAN_POINT ( 'NONE',  ( -0.04748299665364736494, 0.04345662036820450991, 0.7837088159003950949 ) ) ;
#4279 = DIRECTION ( 'NONE',  ( 0.000000000000000000, 0.000000000000000000, -1.000000000000000000 ) ) ;
#4280 = CARTESIAN_POINT ( 'NONE',  ( 1.500100040032031901, -1.355252715606880543E-17, -0.7751000400320321448 ) ) ;
#4281 = CARTESIAN_POINT ( 'NONE',  ( -1.000100040032032345, -1.355252715606880543E-17, 0.6876000400320320116 ) ) ;
#4282 = CARTESIAN_POINT ( 'NONE',  ( -1.120064558877587046, 0.08648253317408598206, -0.7473734653053842880 ) ) ;
#4283 = MECHANICAL_DESIGN_GEOMETRIC_PRESENTATION_REPRESENTATION (  '', ( #626 ), #1906 ) ;
#4284 = CARTESIAN_POINT ( 'NONE',  ( -0.9802705837369629638, 0.01509841972869552587, -0.7490464251265771534 ) ) ;
#4285 = ORIENTED_EDGE ( 'NONE', *, *, #638, .T. ) ;
#4286 = ADVANCED_FACE ( 'NONE', ( #3334 ), #910, .T. ) ;
#4287 = AXIS2_PLACEMENT_3D ( 'NONE', #4527, #73, #143 ) ;
#4288 = VECTOR ( 'NONE', #969, 1000.000000000000000 ) ;
#4289 = CARTESIAN_POINT ( 'NONE',  ( -1.607455816845221097, 0.05920693847686205047, 0.8093954168942414373 ) ) ;
#4290 = FILL_AREA_STYLE_COLOUR ( '', #537 ) ;
#4291 = VECTOR ( 'NONE', #3349, 1000.000000000000000 ) ;
#4292 = FACE_OUTER_BOUND ( 'NONE', #435, .T. ) ;
#4293 = CARTESIAN_POINT ( 'NONE',  ( -0.5000000000000000000, 0.000000000000000000, 0.7751000400320319228 ) ) ;
#4294 =( NAMED_UNIT ( * ) SI_UNIT ( $, .STERADIAN. ) SOLID_ANGLE_UNIT ( ) );
#4295 = CARTESIAN_POINT ( 'NONE',  ( 0.5052069017433538090, 1.648913563062052849E-17, 0.7910861919935406883 ) ) ;
#4296 = VERTEX_POINT ( 'NONE', #3811 ) ;
#4297 = CARTESIAN_POINT ( 'NONE',  ( 1.489713331135163354, 0.003191557600172750288, -0.8069875290031305326 ) ) ;
#4298 = CARTESIAN_POINT ( 'NONE',  ( 0.9407173804268464945, 0.01391275739034063090, 0.7165020050177359767 ) ) ;
#4299 = CARTESIAN_POINT ( 'NONE',  ( -1.510286668864836868, 0.003191557600172726435, -0.2180124709968693231 ) ) ;
#4300 = FACE_OUTER_BOUND ( 'NONE', #271, .T. ) ;
#4301 = CARTESIAN_POINT ( 'NONE',  ( -0.4247960157595663810, 0.02381372425704561535, 0.7990923965397538353 ) ) ;
#4302 = ORIENTED_EDGE ( 'NONE', *, *, #1122, .T. ) ;
#4303 = DIRECTION ( 'NONE',  ( 0.000000000000000000, 0.000000000000000000, 1.000000000000000000 ) ) ;
#4304 = CYLINDRICAL_SURFACE ( 'NONE', #634, 0.1250000000000000000 ) ;
#4305 = CARTESIAN_POINT ( 'NONE',  ( 1.535717248516017763, 0.02205258410723267420, -0.8478110742782135612 ) ) ;
#4306 = CARTESIAN_POINT ( 'NONE',  ( -1.115839286806834085, 0.1200000000000001066, 0.7718688659948790276 ) ) ;
#4307 = CARTESIAN_POINT ( 'NONE',  ( -1.124360570734643128, 0.1040270620709143057, -0.7272957309025823713 ) ) ;
#4308 = CARTESIAN_POINT ( 'NONE',  ( -0.9897133311351632434, 0.003191557600172719930, -0.7194875290031306214 ) ) ;
#4309 = ORIENTED_EDGE ( 'NONE', *, *, #3877, .F. ) ;
#4310 = PRESENTATION_STYLE_ASSIGNMENT (( #351 ) ) ;
#4311 = CARTESIAN_POINT ( 'NONE',  ( -1.580881619060907628, 0.08559074299740766778, 0.8860973028879335356 ) ) ;
#4312 = EDGE_CURVE ( 'NONE', #2262, #176, #4499, .T. ) ;
#4313 = DIRECTION ( 'NONE',  ( 0.000000000000000000, 0.000000000000000000, -1.000000000000000000 ) ) ;
#4314 = CARTESIAN_POINT ( 'NONE',  ( -0.9525170033463531416, 0.04345662036820577973, 0.7837088159003952059 ) ) ;
#4315 = CARTESIAN_POINT ( 'NONE',  ( -1.379935441122412731, 0.08648253317408552410, 0.1901265346946114931 ) ) ;
#4316 = CARTESIAN_POINT ( 'NONE',  ( -1.460000000000000187, 0.1200000000000000927, -0.1249999999999998890 ) ) ;
#4317 = ORIENTED_EDGE ( 'NONE', *, *, #2616, .F. ) ;
#4318 = CARTESIAN_POINT ( 'NONE',  ( -1.580881619060908738, 0.08559074299740777880, 0.1389026971120646547 ) ) ;
#4319 = CARTESIAN_POINT ( 'NONE',  ( 1.516086191993540888, 1.487081010110330173E-17, 0.7802069017433538312 ) ) ;
#4320 = CARTESIAN_POINT ( 'NONE',  ( 0.9025117729005796008, 0.05540140092754061024, 0.7581695884394294982 ) ) ;
#4321 = CARTESIAN_POINT ( 'NONE',  ( -1.575203984240433730, 0.02381372425704557719, -0.2259076034602455485 ) ) ;
#4322 = CARTESIAN_POINT ( 'NONE',  ( -1.519729416263036814, 0.01509841972869555710, -0.8365464251265770645 ) ) ;
#4323 = CARTESIAN_POINT ( 'NONE',  ( 0.8841607131931659147, 0.1200000000000001066, 0.7718688659948790276 ) ) ;
#4324 = ORIENTED_EDGE ( 'NONE', *, *, #230, .F. ) ;
#4325 = CARTESIAN_POINT ( 'NONE',  ( 1.494793098256645747, 1.648913563062054390E-17, -0.7910861919935409103 ) ) ;
#4326 = CARTESIAN_POINT ( 'NONE',  ( -0.8889695092299161328, 0.05823471834431841881, -0.7230379607184558299 ) ) ;
#4327 = CARTESIAN_POINT ( 'NONE',  ( -1.061550829741678026, 0.1031714939717088275, 0.8118263205992825027 ) ) ;
#4328 = CARTESIAN_POINT ( 'NONE',  ( -1.047599971184386636, 0.02117201403232558260, -0.7536949388818521278 ) ) ;
#4329 = B_SPLINE_CURVE_WITH_KNOTS ( 'NONE', 3,
 ( #3007, #359, #1822, #4002, #3330, #4046 ),
 .UNSPECIFIED., .F., .F.,
 ( 4, 2, 4 ),
 ( 0.000000000000000000, 0.5000000000000000000, 1.000000000000000000 ),
 .UNSPECIFIED. ) ;
#4330 = CARTESIAN_POINT ( 'NONE',  ( -0.9900831727838207419, -1.208073086881603474E-17, -0.7013164107658029778 ) ) ;
#4331 = ORIENTED_EDGE ( 'NONE', *, *, #748, .T. ) ;
#4332 =( LENGTH_UNIT ( ) NAMED_UNIT ( * ) SI_UNIT ( .MILLI., .METRE. ) );
#4333 = CARTESIAN_POINT ( 'NONE',  ( -1.483913808006459778, -1.244482423270095320E-17, 0.7802069017433538312 ) ) ;
#4334 = CARTESIAN_POINT ( 'NONE',  ( -1.534395416894241748, 0.05920693847686207129, 0.8824558168452207862 ) ) ;
#4335 = CARTESIAN_POINT ( 'NONE',  ( -0.5385252082731133427, 0.01331992622116169242, 0.8286975520950689011 ) ) ;
#4336 = FACE_OUTER_BOUND ( 'NONE', #2332, .T. ) ;
#4337 = CARTESIAN_POINT ( 'NONE',  ( -0.9363204981466078936, 0.04223057456743066485, 0.7756225028373823216 ) ) ;
#4338 = CARTESIAN_POINT ( 'NONE',  ( -0.6250000000000000000, 0.1200000000000000927, 0.8149999999999993916 ) ) ;
#4339 = DIRECTION ( 'NONE',  ( -0.000000000000000000, 1.000000000000000000, -0.000000000000000000 ) ) ;
#4340 = CARTESIAN_POINT ( 'NONE',  ( 1.483913808006459112, 4.221893711409146591E-18, -0.7802069017433539422 ) ) ;
#4341 = CARTESIAN_POINT ( 'NONE',  ( 0.9463024479049312321, 0.01331992622116266560, 0.7260252082731135648 ) ) ;
#4342 = EDGE_CURVE ( 'NONE', #1390, #1124, #4601, .T. ) ;
#4343 = CARTESIAN_POINT ( 'NONE',  ( -1.559282619573154172, 0.01391275739034083560, -0.2209979949822650502 ) ) ;
#4344 = CARTESIAN_POINT ( 'NONE',  ( -1.588122502837383099, 0.04223057456742798643, -0.8386795018533905743 ) ) ;
#4345 = VERTEX_POINT ( 'NONE', #191 ) ;
#4346 = CARTESIAN_POINT ( 'NONE',  ( 1.475907603460245632, 0.02381372425704564311, -0.8502039842404336412 ) ) ;
#4347 = CARTESIAN_POINT ( 'NONE',  ( -0.9327264153391922052, 0.01937058920976152121, -0.7089485669040516136 ) ) ;
#4348 = CARTESIAN_POINT ( 'NONE',  ( 0.09748822709941973308, 0.05540140092754063800, -0.7581695884394297202 ) ) ;
#4349 = FILL_AREA_STYLE_COLOUR ( '', #2984 ) ;
#4350 = CARTESIAN_POINT ( 'NONE',  ( -0.8841607131931659147, 0.1200000000000001343, -0.7718688659948788056 ) ) ;
#4351 = ORIENTED_EDGE ( 'NONE', *, *, #2076, .T. ) ;
#4352 = AXIS2_PLACEMENT_3D ( 'NONE', #358, #732, #1519 ) ;
#4353 = CARTESIAN_POINT ( 'NONE',  ( -1.559873465305385398, 0.08648253317408531593, 0.8950645588775861805 ) ) ;
#4354 = STYLED_ITEM ( 'NONE', ( #4310 ), #2718 ) ;
#4355 = SURFACE_STYLE_USAGE ( .BOTH. , #4711 ) ;
#4356 = CARTESIAN_POINT ( 'NONE',  ( -1.625000000000000000, 0.1200000000000000927, -0.8149999999999999467 ) ) ;
#4357 = DIRECTION ( 'NONE',  ( 0.000000000000000000, 0.000000000000000000, -1.000000000000000000 ) ) ;
#4358 = CARTESIAN_POINT ( 'NONE',  ( -1.375000000000000222, 0.1200000000000000927, -0.2100000000000000200 ) ) ;
#4359 = CARTESIAN_POINT ( 'NONE',  ( -0.03857379605386461463, 0.08826611352744170857, -0.8080355139222832328 ) ) ;
#4360 = MANIFOLD_SOLID_BREP ( 'Fillet1', #17 ) ;
#4361 = EDGE_CURVE ( 'NONE', #1344, #3659, #911, .T. ) ;
#4362 = LINE ( 'NONE', #1548, #4038 ) ;
#4363 = DIRECTION ( 'NONE',  ( 0.000000000000000000, 0.000000000000000000, 1.000000000000000000 ) ) ;
#4364 = LINE ( 'NONE', #23, #3901 ) ;
#4365 = CARTESIAN_POINT ( 'NONE',  ( -1.529002005017734866, 0.01391275739034049733, -0.1907173804268464945 ) ) ;
#4366 = CARTESIAN_POINT ( 'NONE',  ( 1.460000000000000631, 0.1200000000000000927, 0.9000000000000000222 ) ) ;
#4367 = EDGE_CURVE ( 'NONE', #4476, #3814, #294, .T. ) ;
#4368 = CARTESIAN_POINT ( 'NONE',  ( -1.750000000000000222, 0.6380000000000000115, 0.9749999999999999778 ) ) ;
#4369 = ORIENTED_EDGE ( 'NONE', *, *, #3730, .T. ) ;
#4370 = CARTESIAN_POINT ( 'NONE',  ( -0.01973838584994947604, 0.002734742325115842310, 0.7150300482400360202 ) ) ;
#4371 = CARTESIAN_POINT ( 'NONE',  ( 0.1200645588775856171, 0.08648253317408430285, -0.7473734653053881738 ) ) ;
#4372 = EDGE_CURVE ( 'NONE', #640, #1162, #2499, .T. ) ;
#4373 = CARTESIAN_POINT ( 'NONE',  ( -1.000100040032032345, -2.710505431213761085E-17, -0.6876000400320320116 ) ) ;
#4374 = CARTESIAN_POINT ( 'NONE',  ( -0.9602042690974178507, 0.1040270620709143057, -0.8118605707346431277 ) ) ;
#4375 = ORIENTED_EDGE ( 'NONE', *, *, #4078, .T. ) ;
#4376 = CARTESIAN_POINT ( 'NONE',  ( -1.500000000000000222, 0.000000000000000000, -0.7751000400320319228 ) ) ;
#4377 = CARTESIAN_POINT ( 'NONE',  ( -0.03999999999999945266, 0.1200000000000000927, -0.8125000000000000000 ) ) ;
#4378 = CARTESIAN_POINT ( 'NONE',  ( -0.03439541689424156778, 0.05920693847686206435, -0.7949558168452208751 ) ) ;
#4379 = CARTESIAN_POINT ( 'NONE',  ( 0.5240923965397539241, 0.02381372425704562923, 0.8502039842404338632 ) ) ;
#4380 = CARTESIAN_POINT ( 'NONE',  ( 1.061550829741679136, 0.1031714939717081198, 0.8118263205992825027 ) ) ;
#4381 = CARTESIAN_POINT ( 'NONE',  ( -1.494793098256646191, 2.936608474551761588E-18, -0.2339138080064589731 ) ) ;
#4382 = CARTESIAN_POINT ( 'NONE',  ( -1.384160713193165915, 0.1200000000000001066, -0.8593688659948791608 ) ) ;
#4383 = CARTESIAN_POINT ( 'NONE',  ( 0.06231545073006120039, 0.1200000000000001066, -0.8125000000000000000 ) ) ;
#4384 = CARTESIAN_POINT ( 'NONE',  ( 1.019729416263037036, 0.01509841972869552587, -0.7490464251265771534 ) ) ;
#4385 = CARTESIAN_POINT ( 'NONE',  ( -1.552538204265626831, 0.05666991344398050051, -0.8809832623201202528 ) ) ;
#4386 = ORIENTED_EDGE ( 'NONE', *, *, #168, .T. ) ;
#4387 = CARTESIAN_POINT ( 'NONE',  ( 0.000000000000000000, 0.000000000000000000, 0.6876000400320320116 ) ) ;
#4388 = CARTESIAN_POINT ( 'NONE',  ( -1.535633944252301930, 0.06767962798073129393, 0.8864685327046440966 ) ) ;
#4389 = CARTESIAN_POINT ( 'NONE',  ( 0.5001000400320319006, -1.355252715606880543E-17, -0.7751000400320321448 ) ) ;
#4390 = CARTESIAN_POINT ( 'NONE',  ( -0.02965104856438785519, 0.04083945520454537043, 0.7801165671034482330 ) ) ;
#4391 = DIRECTION ( 'NONE',  ( 1.000000000000000000, 0.000000000000000000, -0.000000000000000000 ) ) ;
#4392 = EDGE_CURVE ( 'NONE', #2029, #1743, #2605, .T. ) ;
#4393 = CARTESIAN_POINT ( 'NONE',  ( -1.514982045739242889, 0.002887014083468442474, 0.8055493522472945145 ) ) ;
#4394 = CARTESIAN_POINT ( 'NONE',  ( 1.465604583105759140, 0.05920693847686203659, 0.8824558168452207862 ) ) ;
#4395 = ORIENTED_EDGE ( 'NONE', *, *, #3960, .F. ) ;
#4396 = CARTESIAN_POINT ( 'NONE',  ( -1.584368865994878695, 0.1200000000000001205, -0.8908392868068339965 ) ) ;
#4397 = CARTESIAN_POINT ( 'NONE',  ( -1.394016737679881102, 0.05666991344398024377, 0.1974617957343767216 ) ) ;
#4398 = CARTESIAN_POINT ( 'NONE',  ( -0.09261656710376348078, 0.04083945520488246883, -0.7171510485643936006 ) ) ;
#4399 = CARTESIAN_POINT ( 'NONE',  ( -0.01972941626303729296, 0.01509841972869553281, -0.7490464251265770423 ) ) ;
#4400 = FACE_OUTER_BOUND ( 'NONE', #479, .T. ) ;
#4401 = CARTESIAN_POINT ( 'NONE',  ( -1.375000000000000444, 0.1200000000000000927, -0.8149999999999999467 ) ) ;
#4402 = CARTESIAN_POINT ( 'NONE',  ( 0.5623154507300609506, 0.1200000000000001343, 0.9000000000000000222 ) ) ;
#4403 = FACE_OUTER_BOUND ( 'NONE', #64, .T. ) ;
#4404 = CARTESIAN_POINT ( 'NONE',  ( 1.538573796053864129, 0.08826611352744172245, 0.8955355139222832550 ) ) ;
#4405 = CARTESIAN_POINT ( 'NONE',  ( -1.566194938881850351, 0.02117201403232793488, -0.8225999711843846596 ) ) ;
#4406 = PRODUCT_DEFINITION_SHAPE ( 'NONE', 'NONE',  #1562 ) ;
#4407 = ORIENTED_EDGE ( 'NONE', *, *, #1692, .T. ) ;
#4408 = CARTESIAN_POINT ( 'NONE',  ( 0.4524000288156140859, 0.02117201403232592608, -0.8411949388818515949 ) ) ;
#4409 = CARTESIAN_POINT ( 'NONE',  ( -0.3850057784973808794, 0.1027437099221062689, 0.8584783298968280407 ) ) ;
#4410 = MANIFOLD_SOLID_BREP ( 'Boss-Extrude2', #3436 ) ;
#4411 = CARTESIAN_POINT ( 'NONE',  ( 0.9614747917268875455, 0.01331992622116251468, -0.7411975520950693230 ) ) ;
#4412 = CARTESIAN_POINT ( 'NONE',  ( -1.531363215529783384, 0.04717486743806459382, 0.8730058598597276731 ) ) ;
#4413 = CARTESIAN_POINT ( 'NONE',  ( 0.5474829966536455261, 0.04345662036820482910, -0.8712088159003961163 ) ) ;
#4414 = EDGE_CURVE ( 'NONE', #127, #2139, #2261, .T. ) ;
#4415 = CARTESIAN_POINT ( 'NONE',  ( -1.035633996686409874, 0.06768328392636439872, 0.7989704143114211288 ) ) ;
#4416 = CARTESIAN_POINT ( 'NONE',  ( -1.539999999999999813, 0.1250000000000000000, 0.7751000400320319228 ) ) ;
#4417 = CARTESIAN_POINT ( 'NONE',  ( 1.623798160244279032, 0.08997805252451521185, -0.8146160658646047770 ) ) ;
#4418 = CARTESIAN_POINT ( 'NONE',  ( 1.388902697112066820, 0.08559074299740647429, 0.8558816190609095376 ) ) ;
#4419 = AXIS2_PLACEMENT_3D ( 'NONE', #1081, #4680, #3282 ) ;
#4420 = EDGE_CURVE ( 'NONE', #3898, #674, #510, .T. ) ;
#4421 = ORIENTED_EDGE ( 'NONE', *, *, #4131, .F. ) ;
#4422 = B_SPLINE_CURVE_WITH_KNOTS ( 'NONE', 3,
 ( #3891, #3548, #3990, #272, #2093, #722, #3595, #2876, #320, #2508 ),
 .UNSPECIFIED., .F., .F.,
 ( 4, 2, 2, 2, 4 ),
 ( 0.000000000000000000, 0.2500000000000000000, 0.5000000000000000000, 0.7500000000000000000, 1.000000000000000000 ),
 .UNSPECIFIED. ) ;
#4423 = CARTESIAN_POINT ( 'NONE',  ( -1.411877497162618456, 0.04223057456743120608, 0.1863204981466098087 ) ) ;
#4424 = CARTESIAN_POINT ( 'NONE',  ( -1.379464486077717211, 0.08826611352744169470, 0.8135737960538648172 ) ) ;
#4425 = CARTESIAN_POINT ( 'NONE',  ( -0.9685610274166646105, 0.04590871196975498947, -0.7857011765805180792 ) ) ;
#4426 = CARTESIAN_POINT ( 'NONE',  ( 0.03999999999999923755, 0.1200000000000000927, 0.8125000000000000000 ) ) ;
#4427 =( GEOMETRIC_REPRESENTATION_CONTEXT ( 3 ) GLOBAL_UNCERTAINTY_ASSIGNED_CONTEXT ( ( #1117 ) ) GLOBAL_UNIT_ASSIGNED_CONTEXT ( ( #1863, #3354, #3383 ) ) REPRESENTATION_CONTEXT ( 'NONE', 'WORKASPACE' ) );
#4428 = B_SPLINE_CURVE_WITH_KNOTS ( 'NONE', 3,
 ( #2254, #4059, #1901, #4388, #1853, #744, #4412, #1814, #3304, #2907, #1082, #79 ),
 .UNSPECIFIED., .F., .F.,
 ( 4, 2, 2, 2, 2, 4 ),
 ( 0.000000000000000000, 0.2499999999999976685, 0.3749999999999965028, 0.4374999999999958922, 0.4999999999999952260, 1.000000000000000000 ),
 .UNSPECIFIED. ) ;
#4429 = CARTESIAN_POINT ( 'NONE',  ( -1.438453574873422847, 0.01509841972869552587, -0.2302705837369630748 ) ) ;
#4430 = CARTESIAN_POINT ( 'NONE',  ( -0.4603839341353870851, 0.08997805252518521757, 0.8987981602443061435 ) ) ;
#4431 = CARTESIAN_POINT ( 'NONE',  ( 1.580881619060908072, 0.08559074299740714042, 0.8860973028879343127 ) ) ;
#4432 = B_SPLINE_CURVE_WITH_KNOTS ( 'NONE', 3,
 ( #3743, #1959, #4164, #4495, #1666, #1227, #3027, #3784, #115, #3126 ),
 .UNSPECIFIED., .F., .F.,
 ( 4, 2, 2, 2, 4 ),
 ( 0.000000000000000000, 0.2500000000000000000, 0.5000000000000000000, 0.7500000000000000000, 1.000000000000000000 ),
 .UNSPECIFIED. ) ;
#4433 = CARTESIAN_POINT ( 'NONE',  ( -0.4376845492699389939, 0.1200000000000001343, 0.9000000000000000222 ) ) ;
#4434 = EDGE_LOOP ( 'NONE', ( #3000, #3062, #2187, #3215 ) ) ;
#4435 = CARTESIAN_POINT ( 'NONE',  ( 0.4118774971626182890, 0.04223057456742990157, -0.8386795018533912405 ) ) ;
#4436 = CARTESIAN_POINT ( 'NONE',  ( -0.0001000400320322163139, -1.355252715606880543E-17, 0.6876000400320320116 ) ) ;
#4437 = CARTESIAN_POINT ( 'NONE',  ( 1.531438972583335945, 0.04590871196975499641, -0.8732011765805181014 ) ) ;
#4438 = CARTESIAN_POINT ( 'NONE',  ( 0.06367950185339203706, 0.04223057456742960319, -0.7756225028373814334 ) ) ;
#4439 = CARTESIAN_POINT ( 'NONE',  ( -0.5400000000000001465, 0.1200000000000001205, -0.9000000000000001332 ) ) ;
#4440 = CARTESIAN_POINT ( 'NONE',  ( 0.5525382042656243886, 0.05666991344398043112, -0.8809832623201188095 ) ) ;
#4441 = ORIENTED_EDGE ( 'NONE', *, *, #4312, .F. ) ;
#4442 = CARTESIAN_POINT ( 'NONE',  ( 0.8925441831547790139, 0.05920693847686206435, 0.7218954168942409710 ) ) ;
#4443 = CARTESIAN_POINT ( 'NONE',  ( 1.749999999999999778, 0.1200000000000000511, -0.9749999999999999778 ) ) ;
#4444 = EDGE_CURVE ( 'NONE', #2001, #4258, #1876, .T. ) ;
#4445 = CARTESIAN_POINT ( 'NONE',  ( -1.375000000000000222, 0.1200000000000000927, 0.2100000000000000200 ) ) ;
#4446 = ORIENTED_EDGE ( 'NONE', *, *, #4230, .F. ) ;
#4447 = CARTESIAN_POINT ( 'NONE',  ( -1.446302447904930677, 0.01331992622116071751, 0.2114747917268872679 ) ) ;
#4448 = ADVANCED_FACE ( 'NONE', ( #3759 ), #792, .T. ) ;
#4449 = CARTESIAN_POINT ( 'NONE',  ( -1.440126534694613936, 0.08648253317408663432, 0.8950645588775882899 ) ) ;
#4450 = CARTESIAN_POINT ( 'NONE',  ( -0.1114704143120969215, 0.06768328392767712642, -0.7231339966864284152 ) ) ;
#4451 = CARTESIAN_POINT ( 'NONE',  ( 1.120535513922283233, 0.08826611352744170857, 0.7260737960538642399 ) ) ;
#4452 = CARTESIAN_POINT ( 'NONE',  ( -1.433805061118146318, 0.02117201403232472912, -0.2024000288156143912 ) ) ;
#4453 = LINE ( 'NONE', #1806, #2997 ) ;
#4454 = CARTESIAN_POINT ( 'NONE',  ( 0.4802705837369630193, 0.01509841972869556230, -0.8365464251265769535 ) ) ;
#4455 = EDGE_CURVE ( 'NONE', #193, #2306, #2440, .T. ) ;
#4456 = CARTESIAN_POINT ( 'NONE',  ( -1.499899959967968321, -1.355252715606880543E-17, 0.7751000400320319228 ) ) ;
#4457 = CYLINDRICAL_SURFACE ( 'NONE', #4287, 0.1250000000000001110 ) ;
#4458 = ORIENTED_EDGE ( 'NONE', *, *, #3099, .T. ) ;
#4459 = CARTESIAN_POINT ( 'NONE',  ( 1.535717248516016653, 0.02205258410723239665, 0.8478110742782136722 ) ) ;
#4460 = CARTESIAN_POINT ( 'NONE',  ( -0.3756394292653569833, 0.1040270620709143057, 0.8147957309025822825 ) ) ;
#4461 = CARTESIAN_POINT ( 'NONE',  ( 1.539795730902582260, 0.1040270620709142779, -0.8993605707346432609 ) ) ;
#4462 = CARTESIAN_POINT ( 'NONE',  ( -1.115839286806834529, 0.1200000000000001205, -0.7718688659948784725 ) ) ;
#4463 = CARTESIAN_POINT ( 'NONE',  ( 0.03054935224729442289, 0.002887014083468451148, -0.7024820457392424444 ) ) ;
#4464 = CARTESIAN_POINT ( 'NONE',  ( 0.5974882270994198441, 0.05540140092754049922, -0.8456695884394300755 ) ) ;
#4465 = ORIENTED_EDGE ( 'NONE', *, *, #3374, .T. ) ;
#4466 = CARTESIAN_POINT ( 'NONE',  ( 1.465616419657799208, 0.06057464461936384881, 0.8825322625813940558 ) ) ;
#4467 = VERTEX_POINT ( 'NONE', #1731 ) ;
#4468 = CARTESIAN_POINT ( 'NONE',  ( -1.500000000000000000, 0.000000000000000000, 0.2498999599679679051 ) ) ;
#4469 = CARTESIAN_POINT ( 'NONE',  ( 1.088122502837383321, 0.04223057456742991544, -0.7511795018533902191 ) ) ;
#4470 = CARTESIAN_POINT ( 'NONE',  ( -0.005206901743354253043, -2.416844583758586929E-17, -0.7035861919935407771 ) ) ;
#4471 = CARTESIAN_POINT ( 'NONE',  ( -0.8756736794007173863, 0.1031714939717091467, 0.7490508297416779149 ) ) ;
#4472 = CARTESIAN_POINT ( 'NONE',  ( -1.379464486077716767, 0.08826611352744170857, -0.2114262039461352050 ) ) ;
#4473 = CARTESIAN_POINT ( 'NONE',  ( -1.499899959967968321, -1.355252715606880543E-17, 0.7751000400320319228 ) ) ;
#4474 = CARTESIAN_POINT ( 'NONE',  ( -1.550000000000000266, 0.5879999999999999671, -0.7750000000000000222 ) ) ;
#4475 = CARTESIAN_POINT ( 'NONE',  ( -1.040000000000000036, 0.1200000000000000927, -0.8125000000000000000 ) ) ;
#4476 = VERTEX_POINT ( 'NONE', #3187 ) ;
#4477 = CARTESIAN_POINT ( 'NONE',  ( 1.392544183154778903, 0.05920693847686205047, -0.8093954168942409932 ) ) ;
#4478 = CARTESIAN_POINT ( 'NONE',  ( -0.4900831727838205754, 1.608172878447016234E-17, 0.7888164107658030000 ) ) ;
#4479 = B_SPLINE_CURVE_WITH_KNOTS ( 'NONE', 3,
 ( #3980, #713, #3634, #461, #1937, #4425, #3003, #1594, #39, #3407 ),
 .UNSPECIFIED., .F., .F.,
 ( 4, 2, 2, 2, 4 ),
 ( 0.000000000000000000, 0.2500000000000000000, 0.5000000000000000000, 0.7500000000000000000, 1.000000000000000000 ),
 .UNSPECIFIED. ) ;
#4480 = CARTESIAN_POINT ( 'NONE',  ( 0.9293304115605661719, 0.05540140092753995105, -0.7849882270994203992 ) ) ;
#4481 = CARTESIAN_POINT ( 'NONE',  ( -1.468561027416663611, 0.04590871196975503804, 0.1517988234194816710 ) ) ;
#4482 = CARTESIAN_POINT ( 'NONE',  ( 0.0001000400320319994735, -1.355252715606880543E-17, -0.6876000400320320116 ) ) ;
#4483 = FACE_OUTER_BOUND ( 'NONE', #900, .T. ) ;
#4484 = CARTESIAN_POINT ( 'NONE',  ( -0.5275300482400369084, 0.002734742325116378773, -0.7947383858499487141 ) ) ;
#4485 = ORIENTED_EDGE ( 'NONE', *, *, #4100, .F. ) ;
#4486 = CARTESIAN_POINT ( 'NONE',  ( 0.6249999999999998890, 0.1200000000000001205, -0.8149999999999996136 ) ) ;
#4487 = VERTEX_POINT ( 'NONE', #2825 ) ;
#4488 = CARTESIAN_POINT ( 'NONE',  ( 0.9384535748734226246, 0.01509841972869553801, 0.7072294162630367031 ) ) ;
#4489 = EDGE_LOOP ( 'NONE', ( #1258, #1640, #4593 ) ) ;
#4490 = CARTESIAN_POINT ( 'NONE',  ( -1.468561027416663611, 0.04590871196975503804, 0.1517988234194816710 ) ) ;
#4491 = DIRECTION ( 'NONE',  ( 1.000000000000000000, 0.000000000000000000, 0.000000000000000000 ) ) ;
#4492 = CARTESIAN_POINT ( 'NONE',  ( -1.388902697112067264, 0.08559074299740676572, 0.8558816190609113139 ) ) ;
#4493 = CARTESIAN_POINT ( 'NONE',  ( 0.000000000000000000, 0.000000000000000000, -0.6876000400320320116 ) ) ;
#4494 = CARTESIAN_POINT ( 'NONE',  ( -0.09620881590039583042, 0.04345662036820604340, -0.7349829966536454151 ) ) ;
#4495 = CARTESIAN_POINT ( 'NONE',  ( 0.5615464251265769313, 0.01509841972869553975, 0.7947294162630367254 ) ) ;
#4496 = CARTESIAN_POINT ( 'NONE',  ( -1.392544183154779569, 0.05920693847686206435, -0.2156045831057584738 ) ) ;
#4497 = STYLED_ITEM ( 'NONE', ( #1102 ), #1241 ) ;
#4498 = B_SPLINE_CURVE_WITH_KNOTS ( 'NONE', 3,
 ( #4605, #1702, #1360, #3637, #624, #3566, #1073, #3179, #2871, #4247 ),
 .UNSPECIFIED., .F., .F.,
 ( 4, 2, 2, 2, 4 ),
 ( 0.000000000000000000, 0.2500000000000000000, 0.5000000000000000000, 0.7500000000000000000, 1.000000000000000000 ),
 .UNSPECIFIED. ) ;
#4499 = LINE ( 'NONE', #2058, #2533 ) ;
#4500 = EDGE_CURVE ( 'NONE', #2621, #206, #935, .T. ) ;
#4501 = CARTESIAN_POINT ( 'NONE',  ( -0.3749999999999999445, 0.1200000000000000927, 0.8149999999999993916 ) ) ;
#4502 = CARTESIAN_POINT ( 'NONE',  ( -1.019729416263037258, 0.01509841972869553281, -0.7490464251265770423 ) ) ;
#4503 = VERTEX_POINT ( 'NONE', #4507 ) ;
#4504 = CARTESIAN_POINT ( 'NONE',  ( 1.460204269097417296, 0.1040270620709143612, -0.8993605707346432609 ) ) ;
#4505 = CARTESIAN_POINT ( 'NONE',  ( -1.539999999999999813, 0.1200000000000000927, -0.9000000000000000222 ) ) ;
#4506 = VECTOR ( 'NONE', #1870, 1000.000000000000000 ) ;
#4507 = CARTESIAN_POINT ( 'NONE',  ( 0.4599999999999999090, 0.1200000000000000927, -0.9000000000000001332 ) ) ;
#4508 = EDGE_CURVE ( 'NONE', #1344, #4035, #2263, .T. ) ;
#4509 = LINE ( 'NONE', #3792, #4124 ) ;
#4510 = CARTESIAN_POINT ( 'NONE',  ( -0.5385252082731121215, 0.01331992622116174793, -0.8286975520950693452 ) ) ;
#4511 = VECTOR ( 'NONE', #334, 1000.000000000000000 ) ;
#4512 = ORIENTED_EDGE ( 'NONE', *, *, #2417, .F. ) ;
#4513 = CARTESIAN_POINT ( 'NONE',  ( 0.07281107427821377487, 0.02205258410723261869, 0.7232172485160170972 ) ) ;
#4514 = CARTESIAN_POINT ( 'NONE',  ( -1.625000000000000000, 0.1200000000000000927, 0.8149999999999999467 ) ) ;
#4515 = ADVANCED_FACE ( 'NONE', ( #2302 ), #4058, .T. ) ;
#4516 = CARTESIAN_POINT ( 'NONE',  ( 1.539795730902582260, 0.1040270620709142779, -0.8993605707346432609 ) ) ;
#4517 = ORIENTED_EDGE ( 'NONE', *, *, #3348, .T. ) ;
#4518 = CARTESIAN_POINT ( 'NONE',  ( -1.607530286972366440, 0.06057143739827845763, 0.2156164677224037540 ) ) ;
#4519 = CARTESIAN_POINT ( 'NONE',  ( -1.500100040032032345, -1.355252715606880543E-17, 0.2498999599679679051 ) ) ;
#4520 = CARTESIAN_POINT ( 'NONE',  ( -1.539999999999999813, 0.1200000000000000927, 0.1249999999999998612 ) ) ;
#4521 = CARTESIAN_POINT ( 'NONE',  ( 1.047599971184382861, 0.02117201403232630771, -0.7536949388818527940 ) ) ;
#4522 = CARTESIAN_POINT ( 'NONE',  ( -0.0001000400320322163139, -2.710505431213761085E-17, -0.6876000400320320116 ) ) ;
#4523 = CARTESIAN_POINT ( 'NONE',  ( -0.9839138080064593339, -1.257365766455156492E-17, 0.6927069017433538090 ) ) ;
#4524 = CARTESIAN_POINT ( 'NONE',  ( -1.424796015759566714, 0.02381372425704560841, -0.7990923965397542794 ) ) ;
#4525 = CARTESIAN_POINT ( 'NONE',  ( -0.06231545073006206775, 0.1200000000000001205, -0.8125000000000000000 ) ) ;
#4526 = SURFACE_STYLE_FILL_AREA ( #515 ) ;
#4527 = CARTESIAN_POINT ( 'NONE',  ( -1.499899959967968321, 0.1250000000000000000, 0.8149999999999999467 ) ) ;
#4528 = ORIENTED_EDGE ( 'NONE', *, *, #454, .F. ) ;
#4529 = CARTESIAN_POINT ( 'NONE',  ( 1.411877497162618234, 0.04223057456742990157, -0.8386795018533912405 ) ) ;
#4530 = CARTESIAN_POINT ( 'NONE',  ( -0.4293304115605667826, 0.05540140092753966655, 0.8724882270994189781 ) ) ;
#4531 = CARTESIAN_POINT ( 'NONE',  ( 0.9694506477527047306, 0.002887014083467231637, -0.7024820457392416673 ) ) ;
#4532 = CARTESIAN_POINT ( 'NONE',  ( 0.1249999999999998890, 0.1200000000000000927, 0.7274999999999993694 ) ) ;
#4533 = DIRECTION ( 'NONE',  ( 0.000000000000000000, 0.000000000000000000, 1.000000000000000000 ) ) ;
#4534 = CARTESIAN_POINT ( 'NONE',  ( -0.6059832623201188984, 0.05666991344398070868, -0.8275382042656208581 ) ) ;
#4535 = ORIENTED_EDGE ( 'NONE', *, *, #545, .T. ) ;
#4536 = CARTESIAN_POINT ( 'NONE',  ( 0.09748822709941865061, 0.05540140092753940981, 0.7581695884394334950 ) ) ;
#4537 = CARTESIAN_POINT ( 'NONE',  ( 1.031438972583335500, 0.04590871196975498947, -0.7857011765805180792 ) ) ;
#4538 = CARTESIAN_POINT ( 'NONE',  ( -1.460609882935600456, 0.005268823269882915231, 0.2375071875752676198 ) ) ;
#4539 = CARTESIAN_POINT ( 'NONE',  ( 1.120535513922283233, 0.08826611352744170857, 0.7260737960538642399 ) ) ;
#4540 = B_SPLINE_CURVE_WITH_KNOTS ( 'NONE', 3,
 ( #213, #1668, #1255, #1356 ),
 .UNSPECIFIED., .F., .F.,
 ( 4, 4 ),
 ( 0.000000000000000000, 1.000000000000000000 ),
 .UNSPECIFIED. ) ;
#4541 = CARTESIAN_POINT ( 'NONE',  ( 1.489713331135163576, 0.003191557600172724701, 0.8069875290031306436 ) ) ;
#4542 = FACE_OUTER_BOUND ( 'NONE', #413, .T. ) ;
#4543 = EDGE_LOOP ( 'NONE', ( #3727, #2357, #2672, #2678, #621, #2464, #2954, #4617 ) ) ;
#4544 = ADVANCED_FACE ( 'NONE', ( #2272 ), #485, .T. ) ;
#4545 = DIRECTION ( 'NONE',  ( 1.000000000000000000, 0.000000000000000000, -0.000000000000000000 ) ) ;
#4546 = FACE_OUTER_BOUND ( 'NONE', #1281, .T. ) ;
#4547 = CARTESIAN_POINT ( 'NONE',  ( -0.6243263205992825027, 0.1031714939717079532, 0.8365508297416788253 ) ) ;
#4548 = CARTESIAN_POINT ( 'NONE',  ( -0.4724699517599634246, 0.002734742325115672307, -0.7947383858499498244 ) ) ;
#4549 = DIRECTION ( 'NONE',  ( -1.000000000000000000, 0.000000000000000000, 0.000000000000000000 ) ) ;
#4550 = CARTESIAN_POINT ( 'NONE',  ( -1.452517003346354585, 0.04345662036820518298, -0.8712088159003964494 ) ) ;
#4551 = CARTESIAN_POINT ( 'NONE',  ( 0.4864502239471026335, -1.599951122591457566E-17, 0.8172021246440085429 ) ) ;
#4552 = ORIENTED_EDGE ( 'NONE', *, *, #2144, .T. ) ;
#4553 = CARTESIAN_POINT ( 'NONE',  ( 1.459999999999999964, 0.1200000000000001205, -0.9000000000000001332 ) ) ;
#4554 = CARTESIAN_POINT ( 'NONE',  ( -0.4463024479049312876, 0.01331992622116216947, 0.8135252082731139200 ) ) ;
#4555 = CARTESIAN_POINT ( 'NONE',  ( -1.505206901743353809, -1.061591868151710393E-17, -0.7910861919935404662 ) ) ;
#4556 = DIRECTION ( 'NONE',  ( 0.000000000000000000, -0.000000000000000000, -1.000000000000000000 ) ) ;
#4557 = B_SPLINE_SURFACE_WITH_KNOTS ( 'NONE', 3, 3, ( 
 ( #1555, #3660, #1877, #3318, #3303, #28 ),
 ( #1486, #2988, #3012, #4409, #2946, #4460 ),
 ( #1138, #3707, #171, #243, #1209, #851 ),
 ( #2300, #4147, #4530, #3136, #3517, #953 ),
 ( #2327, #195, #2691, #875, #498, #1235 ),
 ( #219, #930, #2408, #2039, #3789, #1945 ),
 ( #1675, #2667, #4121, #4554, #2384, #1654 ),
 ( #3843, #4581, #3771, #902, #576, #3415 ),
 ( #147, #3034, #4478, #2744, #599, #1603 ),
 ( #4224, #2019, #1627, #1312, #1997, #3057 ) ),
 .UNSPECIFIED., .F., .F., .F.,
 ( 4, 2, 2, 2, 4 ),
 ( 4, 2, 4 ),
 ( 0.000000000000000000, 0.2500000000000000000, 0.5000000000000000000, 0.7500000000000000000, 1.000000000000000000 ),
 ( 0.000000000000000000, 0.5000000000000000000, 1.000000000000000000 ),
 .UNSPECIFIED. ) ;
#4558 = CARTESIAN_POINT ( 'NONE',  ( -0.5598734653053872856, 0.08648253317408476082, -0.8950645588775860695 ) ) ;
#4559 = ORIENTED_EDGE ( 'NONE', *, *, #3411, .F. ) ;
#4560 = CARTESIAN_POINT ( 'NONE',  ( 0.1074558168452208057, 0.05920693847686204353, 0.7218954168942409710 ) ) ;
#4561 = CARTESIAN_POINT ( 'NONE',  ( -0.1250000000000001110, 0.1200000000000000927, 0.7274999999999993694 ) ) ;
#4562 = CARTESIAN_POINT ( 'NONE',  ( -1.500100040032032123, -1.355252715606880543E-17, 0.7751000400320319228 ) ) ;
#4563 = EDGE_CURVE ( 'NONE', #1374, #1771, #2154, .T. ) ;
#4564 = CARTESIAN_POINT ( 'NONE',  ( 1.010286668864836868, 0.003191557600172726435, 0.7194875290031309545 ) ) ;
#4565 = ORIENTED_EDGE ( 'NONE', *, *, #2118, .F. ) ;
#4566 = SURFACE_SIDE_STYLE ('',( #3148 ) ) ;
#4567 = CARTESIAN_POINT ( 'NONE',  ( -1.519729416263037036, 0.01509841972869553975, 0.1884535748734228744 ) ) ;
#4568 = CARTESIAN_POINT ( 'NONE',  ( -0.5808816190609090713, 0.08559074299740683511, 0.8860973028879348679 ) ) ;
#4569 = ADVANCED_FACE ( 'NONE', ( #220 ), #2348, .T. ) ;
#4570 = CARTESIAN_POINT ( 'NONE',  ( -0.3756394292653570943, 0.1040270620709142918, -0.8147957309025826156 ) ) ;
#4571 = CARTESIAN_POINT ( 'NONE',  ( -0.9017988234194820318, 0.04590871196975496865, 0.7189389725833359446 ) ) ;
#4572 = CARTESIAN_POINT ( 'NONE',  ( -0.8750000000000001110, 0.1200000000000000927, 0.7274999999999993694 ) ) ;
#4573 = CARTESIAN_POINT ( 'NONE',  ( 0.5609842821535195867, 0.01553916102144541934, -0.7944071659676360531 ) ) ;
#4574 = CARTESIAN_POINT ( 'NONE',  ( 0.3889026971120669862, 0.08559074299740647429, 0.8558816190609095376 ) ) ;
#4575 = CARTESIAN_POINT ( 'NONE',  ( 0.5636795018533918844, 0.04223057456742995014, 0.8631225028373838981 ) ) ;
#4576 = EDGE_CURVE ( 'NONE', #2170, #4296, #1375, .T. ) ;
#4577 = CARTESIAN_POINT ( 'NONE',  ( 0.4656164196577998737, 0.06057464461936385575, 0.8825322625813941668 ) ) ;
#4578 = MECHANICAL_DESIGN_GEOMETRIC_PRESENTATION_REPRESENTATION (  '', ( #4497 ), #2517 ) ;
#4579 = ORIENTED_EDGE ( 'NONE', *, *, #2607, .F. ) ;
#4580 = CARTESIAN_POINT ( 'NONE',  ( -1.625000000000000000, 0.1200000000000000927, -0.2099999999999999090 ) ) ;
#4581 = CARTESIAN_POINT ( 'NONE',  ( -0.4850179542607582772, 0.002887014083468397371, 0.8055493522472944035 ) ) ;
#4582 = CARTESIAN_POINT ( 'NONE',  ( -0.9644620392815499432, 0.05823471834403121106, 0.7985304907697852173 ) ) ;
#4583 = VECTOR ( 'NONE', #3025, 1000.000000000000000 ) ;
#4584 = CARTESIAN_POINT ( 'NONE',  ( -1.542202124643358374, -9.402065714522734996E-17, -0.7885497760526901656 ) ) ;
#4585 = CARTESIAN_POINT ( 'NONE',  ( -0.5834783298968319043, 0.1027437099221048949, -0.8899942215026177550 ) ) ;
#4586 = EDGE_LOOP ( 'NONE', ( #3337, #503, #1114 ) ) ;
#4587 = CARTESIAN_POINT ( 'NONE',  ( 0.5001000400320319006, -1.355252715606880543E-17, -0.7751000400320321448 ) ) ;
#4588 = CARTESIAN_POINT ( 'NONE',  ( -0.9788532116158988883, -3.335192229813807585E-18, -0.6943235363159284690 ) ) ;
#4589 = AXIS2_PLACEMENT_3D ( 'NONE', #1146, #4391, #3736 ) ;
#4590 = CARTESIAN_POINT ( 'NONE',  ( 1.514982045739242000, 0.002887014083468545690, -0.8055493522472949586 ) ) ;
#4591 = CARTESIAN_POINT ( 'NONE',  ( 0.5000000000000000000, 0.000000000000000000, 0.7751000400320319228 ) ) ;
#4592 = CARTESIAN_POINT ( 'NONE',  ( 1.014982045739242444, 0.002887014083468370049, 0.7180493522472947143 ) ) ;
#4593 = ORIENTED_EDGE ( 'NONE', *, *, #141, .F. ) ;
#4594 = CARTESIAN_POINT ( 'NONE',  ( -1.524092396539754368, 0.02381372425704562229, 0.1747960157595662423 ) ) ;
#4595 = CARTESIAN_POINT ( 'NONE',  ( -1.040000000000000036, 0.000000000000000000, 0.7274999999999999245 ) ) ;
#4596 = CARTESIAN_POINT ( 'NONE',  ( -0.4614747917268871569, 0.01331992622116195610, -0.8286975520950680130 ) ) ;
#4597 = CARTESIAN_POINT ( 'NONE',  ( -0.5399999999999994804, 0.1200000000000000927, 0.9000000000000000222 ) ) ;
#4598 = ADVANCED_FACE ( 'NONE', ( #2960 ), #4144, .T. ) ;
#4599 = DIRECTION ( 'NONE',  ( 0.000000000000000000, -1.000000000000000000, 0.000000000000000000 ) ) ;
#4600 = B_SPLINE_SURFACE_WITH_KNOTS ( 'NONE', 3, 3, ( 
 ( #2205, #2600, #1531, #3371, #2927, #369 ),
 ( #4032, #3686, #2968, #3662, #3283, #1442 ),
 ( #389, #4371, #1832, #2534, #29, #4082 ),
 ( #2231, #408, #4348, #55, #3992, #2992 ),
 ( #1166, #3709, #429, #4438, #1101, #1488 ),
 ( #2557, #1879, #1508, #725, #789, #3732 ),
 ( #2167, #2625, #812, #449, #3645, #4011 ),
 ( #1558, #4463, #2059, #3884, #998, #3514 ),
 ( #474, #3396, #1927, #3909, #833, #2767 ),
 ( #973, #1357, #950, #4482, #1191, #4269 ) ),
 .UNSPECIFIED., .F., .F., .F.,
 ( 4, 2, 2, 2, 4 ),
 ( 4, 2, 4 ),
 ( 0.000000000000000000, 0.2500000000000000000, 0.5000000000000000000, 0.7500000000000000000, 1.000000000000000000 ),
 ( 0.000000000000000000, 0.5000000000000000000, 1.000000000000000000 ),
 .UNSPECIFIED. ) ;
#4601 = LINE ( 'NONE', #539, #2766 ) ;
#4602 = CARTESIAN_POINT ( 'NONE',  ( 0.6205355139222831218, 0.08826611352744169470, 0.8135737960538641511 ) ) ;
#4603 = EDGE_LOOP ( 'NONE', ( #1207, #2530, #941 ) ) ;
#4604 = CARTESIAN_POINT ( 'NONE',  ( 1.749999999999999778, 0.1200000000000000511, -0.9749999999999999778 ) ) ;
#4605 = CARTESIAN_POINT ( 'NONE',  ( -0.5000000000000001110, 0.000000000000000000, -0.7751000400320320338 ) ) ;
#4606 = ADVANCED_FACE ( 'NONE', ( #4003 ), #2567, .T. ) ;
#4607 = CARTESIAN_POINT ( 'NONE',  ( -0.9750627874658869265, 0.02716957574860357633, 0.7654678049759655600 ) ) ;
#4608 = CARTESIAN_POINT ( 'NONE',  ( 1.483913808006459112, 2.597195021034514269E-18, 0.7802069017433539422 ) ) ;
#4609 = CARTESIAN_POINT ( 'NONE',  ( -0.1250000000000001110, 0.1200000000000000927, -0.7274999999999993694 ) ) ;
#4610 = FACE_OUTER_BOUND ( 'NONE', #3554, .T. ) ;
#4611 = EDGE_LOOP ( 'NONE', ( #2910, #3286, #4014, #3571 ) ) ;
#4612 = CARTESIAN_POINT ( 'NONE',  ( 0.05369755209506900384, 0.01331992622116176007, 0.7260252082731131207 ) ) ;
#4613 = CARTESIAN_POINT ( 'NONE',  ( 1.083661591615524777, 0.03193953058453551097, -0.7142941500419311973 ) ) ;
#4614 = CARTESIAN_POINT ( 'NONE',  ( -1.029002005017735533, 0.01391275739033961262, 0.7467826195731537275 ) ) ;
#4615 = CARTESIAN_POINT ( 'NONE',  ( 1.469450647752706063, 0.002887014083468305431, 0.7899820457392416895 ) ) ;
#4616 = CARTESIAN_POINT ( 'NONE',  ( 1.029002005017735977, 0.01391275739033973058, 0.7467826195731542827 ) ) ;
#4617 = ORIENTED_EDGE ( 'NONE', *, *, #579, .F. ) ;
#4618 =( NAMED_UNIT ( * ) PLANE_ANGLE_UNIT ( ) SI_UNIT ( $, .RADIAN. ) );
#4619 = CARTESIAN_POINT ( 'NONE',  ( -1.572811074278213317, 0.02205258410723413137, 0.8107172485160190067 ) ) ;
#4620 = CARTESIAN_POINT ( 'NONE',  ( 0.9716100620635359508, 0.03673881755909934321, 0.7761568478738400945 ) ) ;
#4621 = CARTESIAN_POINT ( 'NONE',  ( -0.0001000400320322163139, -2.710505431213761085E-17, -0.6876000400320320116 ) ) ;
#4622 = CARTESIAN_POINT ( 'NONE',  ( -0.9656045831057591400, 0.05920693847686206435, 0.7949558168452207640 ) ) ;
#4623 = CARTESIAN_POINT ( 'NONE',  ( 0.5672735846606187238, 0.01937058920963849809, -0.7964485669039794713 ) ) ;
#4624 = CARTESIAN_POINT ( 'NONE',  ( 0.6250000000000000000, 0.1200000000000000927, 0.8149999999999993916 ) ) ;
#4625 = EDGE_LOOP ( 'NONE', ( #3563, #964, #916 ) ) ;
#4626 = CARTESIAN_POINT ( 'NONE',  ( -1.620064558877585492, 0.08648253317408471919, 0.1901265346946114099 ) ) ;
#4627 = CARTESIAN_POINT ( 'NONE',  ( 1.375000000000000000, 0.1200000000000000927, -0.8373154507300610838 ) ) ;
#4628 = CARTESIAN_POINT ( 'NONE',  ( -0.9735495254117551012, 0.03105724883117652602, 0.7701163428418674739 ) ) ;
#4629 = CARTESIAN_POINT ( 'NONE',  ( -1.625000000000000000, 0.1200000000000000927, -0.8149999999999999467 ) ) ;
#4630 = EDGE_CURVE ( 'NONE', #859, #2639, #3227, .T. ) ;
#4631 = DIRECTION ( 'NONE',  ( 0.000000000000000000, -1.000000000000000000, 0.000000000000000000 ) ) ;
#4632 = ORIENTED_EDGE ( 'NONE', *, *, #3029, .T. ) ;
#4633 = CARTESIAN_POINT ( 'NONE',  ( 0.007560344733852780719, -1.061172822154476950E-17, 0.7028595118331004699 ) ) ;
#4634 = CARTESIAN_POINT ( 'NONE',  ( -0.09820117658051867593, 0.04590871196975503804, 0.7189389725833359446 ) ) ;
#4635 = CARTESIAN_POINT ( 'NONE',  ( 1.561546425126576931, 0.01509841972869554322, -0.7947294162630369474 ) ) ;
#4636 = CARTESIAN_POINT ( 'NONE',  ( -1.059282619573153505, 0.01391275739034063090, 0.7165020050177359767 ) ) ;
#4637 = SURFACE_STYLE_USAGE ( .BOTH. , #3552 ) ;
#4638 = CARTESIAN_POINT ( 'NONE',  ( -0.9384535748734229577, 0.01509841972869553628, -0.7072294162630367031 ) ) ;
#4639 = EDGE_LOOP ( 'NONE', ( #4111, #4441, #3308, #1098 ) ) ;
#4640 = B_SPLINE_SURFACE_WITH_KNOTS ( 'NONE', 3, 3, ( 
 ( #4705, #1397, #2908, #1778, #370, #680 ),
 ( #3237, #2856, #3970, #4256, #1443, #4307 ),
 ( #2827, #3189, #2148, #3646, #4282, #2443 ),
 ( #2121, #3896, #4682, #3624, #1371, #1015 ),
 ( #324, #1038, #2470, #1422, #3924, #656 ),
 ( #2098, #302, #4328, #1855, #2256, #3016 ),
 ( #3710, #4083, #4012, #764, #3305, #1929 ),
 ( #1167, #1902, #2277, #1880, #2626, #2185 ),
 ( #56, #1192, #1833, #409, #1467, #3344 ),
 ( #3755, #2646, #30, #104, #80, #4373 ) ),
 .UNSPECIFIED., .F., .F., .F.,
 ( 4, 2, 2, 2, 4 ),
 ( 4, 2, 4 ),
 ( 0.000000000000000000, 0.2500000000000000000, 0.5000000000000000000, 0.7500000000000000000, 1.000000000000000000 ),
 ( 0.000000000000000000, 0.5000000000000000000, 1.000000000000000000 ),
 .UNSPECIFIED. ) ;
#4641 = CARTESIAN_POINT ( 'NONE',  ( -1.614994221502618732, 0.1027437099221060468, 0.8584783298968282628 ) ) ;
#4642 = CARTESIAN_POINT ( 'NONE',  ( -0.5001000400320320116, 0.000000000000000000, 0.7751000400320319228 ) ) ;
#4643 = FILL_AREA_STYLE ('',( #4290 ) ) ;
#4644 = CARTESIAN_POINT ( 'NONE',  ( -0.3841607131931659147, 0.1200000000000001066, -0.8593688659948790498 ) ) ;
#4645 = CARTESIAN_POINT ( 'NONE',  ( 0.000000000000000000, 0.1200000000000000511, 0.000000000000000000 ) ) ;
#4646 = CARTESIAN_POINT ( 'NONE',  ( -1.475062787465470038, 0.02716957574942033618, -0.1720321950230192798 ) ) ;
#4647 = CARTESIAN_POINT ( 'NONE',  ( 0.4600000000000005751, 0.1200000000000000927, 0.9000000000000000222 ) ) ;
#4648 = CARTESIAN_POINT ( 'NONE',  ( -1.615839286806833863, 0.1200000000000000927, -0.1656311340051209169 ) ) ;
#4649 = ORIENTED_EDGE ( 'NONE', *, *, #2171, .T. ) ;
#4650 = CARTESIAN_POINT ( 'NONE',  ( -1.563679501853393328, 0.04223057456742939503, 0.1618774971626184278 ) ) ;
#4651 = CARTESIAN_POINT ( 'NONE',  ( 0.9474617957343752783, 0.05666991344398038255, 0.7934832623201186763 ) ) ;
#4652 = CARTESIAN_POINT ( 'NONE',  ( -1.553697552095069767, 0.01331992622116332133, -0.2114747917268875177 ) ) ;
#4653 = EDGE_CURVE ( 'NONE', #2792, #4152, #4453, .T. ) ;
#4654 = CARTESIAN_POINT ( 'NONE',  ( -1.624399189546122502, 0.1049917596724649071, -0.8148080678883788952 ) ) ;
#4655 = CARTESIAN_POINT ( 'NONE',  ( 0.5385737960538641289, 0.08826611352744168082, -0.8955355139222833660 ) ) ;
#4656 = ORIENTED_EDGE ( 'NONE', *, *, #4065, .T. ) ;
#4657 = B_SPLINE_CURVE_WITH_KNOTS ( 'NONE', 3,
 ( #3690, #4112, #412, #3713, #4466, #453, #3019, #1883, #1858, #59, #747, #1536 ),
 .UNSPECIFIED., .F., .F.,
 ( 4, 2, 2, 2, 2, 4 ),
 ( 0.000000000000000000, 0.2500000000000006661, 0.3750000000000007772, 0.4375000000000011657, 0.5000000000000015543, 1.000000000000000000 ),
 .UNSPECIFIED. ) ;
#4658 = CARTESIAN_POINT ( 'NONE',  ( 0.0001000400320319994735, -1.355252715606880543E-17, 0.6876000400320320116 ) ) ;
#4659 = CARTESIAN_POINT ( 'NONE',  ( 1.460000000000000631, 0.1250000000000000000, -0.7751000400320320338 ) ) ;
#4660 = CARTESIAN_POINT ( 'NONE',  ( 1.012490754835180251, 0.005266798911717070382, 0.7268839475711339482 ) ) ;
#4661 =( GEOMETRIC_REPRESENTATION_CONTEXT ( 3 ) GLOBAL_UNCERTAINTY_ASSIGNED_CONTEXT ( ( #3035 ) ) GLOBAL_UNIT_ASSIGNED_CONTEXT ( ( #7, #2803, #3946 ) ) REPRESENTATION_CONTEXT ( 'NONE', 'WORKASPACE' ) );
#4662 = ADVANCED_FACE ( 'NONE', ( #68 ), #4023, .T. ) ;
#4663 = CARTESIAN_POINT ( 'NONE',  ( 1.563679501853390663, 0.04223057456742946442, -0.8631225028373831210 ) ) ;
#4664 = CARTESIAN_POINT ( 'NONE',  ( -1.019729416263036814, 0.01509841972869552587, 0.7490464251265771534 ) ) ;
#4665 = CARTESIAN_POINT ( 'NONE',  ( -0.9614747917268866573, 0.01331992622116167854, -0.7411975520950686569 ) ) ;
#4666 = VERTEX_POINT ( 'NONE', #800 ) ;
#4667 = EDGE_CURVE ( 'NONE', #3492, #4666, #1179, .T. ) ;
#4668 = AXIS2_PLACEMENT_3D ( 'NONE', #2153, #3607, #4357 ) ;
#4669 =( NAMED_UNIT ( * ) SI_UNIT ( $, .STERADIAN. ) SOLID_ANGLE_UNIT ( ) );
#4670 = CARTESIAN_POINT ( 'NONE',  ( -0.9680124709968692676, 0.003191557600172715593, 0.6977866688648366456 ) ) ;
#4671 = PRESENTATION_STYLE_ASSIGNMENT (( #3691 ) ) ;
#4672 = CARTESIAN_POINT ( 'NONE',  ( -1.384160713193165915, 0.1200000000000001066, -0.1656311340051210002 ) ) ;
#4673 = EDGE_LOOP ( 'NONE', ( #3381, #2366, #1652 ) ) ;
#4674 = CARTESIAN_POINT ( 'NONE',  ( 1.484640488166899974, 4.842746802305119129E-18, -0.7825603447338528307 ) ) ;
#4675 = CARTESIAN_POINT ( 'NONE',  ( 1.375000000000000000, 0.1200000000000000927, -0.8149999999999995026 ) ) ;
#4676 = CARTESIAN_POINT ( 'NONE',  ( 0.1249999999999998890, 0.1200000000000001343, -0.7498154507300613947 ) ) ;
#4677 = CARTESIAN_POINT ( 'NONE',  ( -1.621039691697158336, 0.08960415999717251390, -0.8136925755460303611 ) ) ;
#4678 = ORIENTED_EDGE ( 'NONE', *, *, #2824, .F. ) ;
#4679 = LINE ( 'NONE', #1059, #2451 ) ;
#4680 = DIRECTION ( 'NONE',  ( 0.000000000000000000, 0.000000000000000000, 1.000000000000000000 ) ) ;
#4681 = CARTESIAN_POINT ( 'NONE',  ( -1.038573796053863907, 0.08826611352744170857, 0.8080355139222831218 ) ) ;
#4682 = CARTESIAN_POINT ( 'NONE',  ( -1.070669588439433939, 0.05540140092753995105, -0.7849882270994203992 ) ) ;
#4683 = CARTESIAN_POINT ( 'NONE',  ( 0.03999999999999923755, 0.1200000000000000927, -0.8125000000000000000 ) ) ;
#4684 = ORIENTED_EDGE ( 'NONE', *, *, #670, .F. ) ;
#4685 = CARTESIAN_POINT ( 'NONE',  ( -1.529002005017734644, 0.01391275739033965599, 0.8342826195731536387 ) ) ;
#4686 = CARTESIAN_POINT ( 'NONE',  ( -0.5149820457392422224, 0.002887014083468543955, 0.8055493522472949586 ) ) ;
#4687 =( LENGTH_UNIT ( ) NAMED_UNIT ( * ) SI_UNIT ( .MILLI., .METRE. ) );
#4688 = ADVANCED_FACE ( 'NONE', ( #1844 ), #2590, .F. ) ;
#4689 = APPLICATION_CONTEXT ( 'automotive_design' ) ;
#4690 = LINE ( 'NONE', #4597, #4288 ) ;
#4691 = DIRECTION ( 'NONE',  ( 1.000000000000000000, 0.000000000000000000, 0.000000000000000000 ) ) ;
#4692 = CARTESIAN_POINT ( 'NONE',  ( -0.3749999999999999445, 0.1200000000000000927, 0.8149999999999993916 ) ) ;
#4693 = CYLINDRICAL_SURFACE ( 'NONE', #926, 0.1250000000000000000 ) ;
#4694 = CARTESIAN_POINT ( 'NONE',  ( -0.1158392868068345294, 0.1200000000000001205, -0.7718688659948784725 ) ) ;
#4695 = CARTESIAN_POINT ( 'NONE',  ( -1.597488227099419511, 0.05540140092753991635, 0.1793304115605699467 ) ) ;
#4696 = CARTESIAN_POINT ( 'NONE',  ( 0.9614262039461360931, 0.08826611352744170857, 0.8080355139222831218 ) ) ;
#4697 = CARTESIAN_POINT ( 'NONE',  ( 0.5399999999999993694, 0.1200000000000000927, 0.9000000000000000222 ) ) ;
#4698 = CARTESIAN_POINT ( 'NONE',  ( -1.534395416894241304, 0.05920693847686203659, -0.1425441831547791804 ) ) ;
#4699 = CARTESIAN_POINT ( 'NONE',  ( -1.561550829741679802, 0.1031714939717082308, -0.8993263205992823028 ) ) ;
#4700 = CARTESIAN_POINT ( 'NONE',  ( -0.3794644860777168227, 0.08826611352744169470, 0.8135737960538641511 ) ) ;
#4701 = VERTEX_POINT ( 'NONE', #3676 ) ;
#4702 = CARTESIAN_POINT ( 'NONE',  ( 1.480270583736962964, 0.01509841972869556230, -0.8365464251265769535 ) ) ;
#4703 = DIRECTION ( 'NONE',  ( 0.000000000000000000, 0.000000000000000000, -1.000000000000000000 ) ) ;
#4704 = DIRECTION ( 'NONE',  ( -0.000000000000000000, -0.000000000000000000, -1.000000000000000000 ) ) ;
#4705 = CARTESIAN_POINT ( 'NONE',  ( -1.040000000000000036, 0.1200000000000001205, -0.8125000000000000000 ) ) ;
#4706 = CARTESIAN_POINT ( 'NONE',  ( -0.8799354411224143968, 0.08648253317408430285, -0.7473734653053881738 ) ) ;
#4707 = ORIENTED_EDGE ( 'NONE', *, *, #3808, .T. ) ;
#4708 = DIRECTION ( 'NONE',  ( 1.000000000000000000, 0.000000000000000000, 0.000000000000000000 ) ) ;
#4709 = ADVANCED_FACE ( 'NONE', ( #4718 ), #3723, .T. ) ;
#4710 = CARTESIAN_POINT ( 'NONE',  ( -0.5728110742782145381, 0.02205258410723177562, 0.8107172485160191178 ) ) ;
#4711 = SURFACE_SIDE_STYLE ('',( #687 ) ) ;
#4712 = CARTESIAN_POINT ( 'NONE',  ( -1.415631134005121083, 0.1200000000000001066, 0.1341607131931657759 ) ) ;
#4713 = B_SPLINE_SURFACE_WITH_KNOTS ( 'NONE', 3, 3, ( 
 ( #3653, #2773, #2412, #4694, #1705, #4609 ),
 ( #1342, #2797, #2131, #2520, #3611, #1803 ),
 ( #4359, #379, #2546, #1432, #4001, #19 ),
 ( #1476, #3981, #714, #1128, #1595, #2291 ),
 ( #3026, #4068, #488, #1570, #4494, #2956 ),
 ( #138, #2684, #2586, #3720, #4140, #3049 ),
 ( #4399, #868, #4044, #3742, #777, #462 ),
 ( #1917, #3696, #2979, #1154, #2657, #92 ),
 ( #4470, #2610, #2242, #3387, #797, #438 ),
 ( #3357, #1544, #3004, #4522, #4621, #2426 ) ),
 .UNSPECIFIED., .F., .F., .F.,
 ( 4, 2, 2, 2, 4 ),
 ( 4, 2, 4 ),
 ( 0.000000000000000000, 0.2500000000000000000, 0.5000000000000000000, 0.7500000000000000000, 1.000000000000000000 ),
 ( 0.000000000000000000, 0.5000000000000000000, 1.000000000000000000 ),
 .UNSPECIFIED. ) ;
#4714 = EDGE_CURVE ( 'NONE', #4152, #640, #3256, .T. ) ;
#4715 = CARTESIAN_POINT ( 'NONE',  ( -1.539999999999999813, 0.1200000000000000927, -0.1249999999999998612 ) ) ;
#4716 = CARTESIAN_POINT ( 'NONE',  ( 1.125000000000000000, 0.1200000000000000927, 0.7498154507300618388 ) ) ;
#4717 = CARTESIAN_POINT ( 'NONE',  ( -1.472469951759962647, 0.002734742325117279962, -0.2302616141500504476 ) ) ;
#4718 = FACE_OUTER_BOUND ( 'NONE', #3543, .T. ) ;
#4719 = CARTESIAN_POINT ( 'NONE',  ( -1.401798823419482032, 0.04590871196975501028, -0.8064389725833364109 ) ) ;
#4720 = CARTESIAN_POINT ( 'NONE',  ( -1.539795730902582926, 0.1040270620709142779, -0.1256394292653568168 ) ) ;
#4721 = CARTESIAN_POINT ( 'NONE',  ( -1.597488227099419289, 0.05540140092753866735, -0.8456695884394325180 ) ) ;
ENDSEC;
END-ISO-10303-21;
